customer_id,industry,company_size,contract_length,tenure_months,seats_purchased,seats_active,seat_utilization,logins_last_30d,usage_trend_pct,support_tickets_last_90_days,payment_failures_last_12mo,nps_score,core_feature_adoption_rate,csm_assigned,churned,logins_per_active_seat,support_tickets_per_active_seat,predicted_churn_probability,predicted_churn,churn_risk_band
C00001,Tech,78,monthly,1,8,4,0.5,6,0.125,2,0,3.0,0.698,1,0,1.2,0.4,0.0850158579692393,0,Very Low
C00002,Tech,18,annual,26,10,7,0.7,6,-0.053,2,0,7.0,0.761,0,0,0.75,0.25,0.010639370659356521,0,Very Low
C00003,Healthcare,84,multi_year,10,15,9,0.6,11,0.065,1,0,6.0,0.608,0,0,1.1,0.1,0.015093739926432934,0,Very Low
C00004,Finance,51,annual,23,9,7,0.778,11,0.5,2,0,,0.789,0,0,1.375,0.25,0.0036619380145421015,0,Very Low
C00005,Retail,9,annual,10,6,3,0.5,4,-0.077,3,0,4.0,0.527,0,0,1.0,0.75,0.220840531036505,0,Low
C00006,Healthcare,22,multi_year,4,5,2,0.4,1,-0.4,0,0,,0.482,1,0,0.3333333333333333,0.0,0.05229303842835881,0,Very Low
C00007,Tech,8,annual,26,7,3,0.429,5,0.25,1,0,6.0,0.36,0,0,1.25,0.25,0.12491988234726842,0,Very Low
C00008,Healthcare,46,monthly,77,9,1,0.111,1,-0.4,2,0,2.0,0.267,0,1,0.5,1.0,0.7962222418577154,1,High
C00009,Other,133,annual,41,16,14,0.875,8,-0.172,1,0,8.0,0.857,1,0,0.5333333333333333,0.06666666666666667,0.0008046169951219541,0,Very Low
C00010,Manufacturing,81,annual,24,8,3,0.375,6,-0.182,1,0,5.0,0.441,0,1,1.5,0.25,0.23886308323209876,0,Low
C00011,Finance,11,monthly,23,8,7,0.875,3,-0.25,1,0,,0.551,0,0,0.375,0.125,0.043652906812123506,0,Very Low
C00012,Tech,11,monthly,1,8,2,0.25,3,0.0,0,0,,0.625,0,1,1.0,0.0,0.310758318499319,0,Low
C00013,Other,25,annual,13,9,8,0.889,12,0.286,0,0,9.0,0.495,0,0,1.3333333333333333,0.0,0.00418853905784756,0,Very Low
C00014,Manufacturing,26,annual,1,9,4,0.444,3,-0.25,2,0,4.0,0.415,0,1,0.6,0.4,0.3591009038563867,0,Low
C00015,Tech,67,monthly,19,14,4,0.286,5,0.071,3,0,,0.552,0,0,1.0,0.6,0.29888891086101976,0,Low
C00016,Finance,22,annual,23,7,4,0.571,2,-0.25,3,1,,0.448,0,0,0.4,0.6,0.3692332457089447,0,Low
C00017,Tech,100,monthly,5,14,10,0.714,5,-0.318,1,0,7.0,0.623,0,0,0.45454545454545453,0.09090909090909091,0.04876559111954538,0,Very Low
C00018,Tech,18,monthly,9,8,4,0.5,2,-0.25,2,0,4.0,0.486,0,1,0.4,0.4,0.36837373825242153,0,Low
C00019,Retail,92,annual,17,11,8,0.727,6,-0.1,1,0,6.0,0.776,0,0,0.6666666666666666,0.1111111111111111,0.00941096100286108,0,Very Low
C00020,Tech,7,multi_year,8,6,4,0.667,4,0.0,2,0,7.0,0.391,0,0,0.8,0.4,0.04774106726485272,0,Very Low
C00021,Manufacturing,17,monthly,14,8,7,0.875,7,-0.16,1,0,,0.657,0,0,0.875,0.125,0.03208659687662878,0,Very Low
C00022,Manufacturing,32,monthly,36,10,4,0.4,2,-0.25,4,1,5.0,0.582,0,1,0.4,0.8,0.6210162216351357,1,High
C00023,Retail,74,monthly,9,10,7,0.7,6,-0.28,3,0,5.0,0.588,0,0,0.75,0.375,0.11589133138631942,0,Very Low
C00024,Retail,54,monthly,14,13,3,0.231,5,-0.118,1,2,6.0,0.473,0,1,1.25,0.25,0.9445521297217777,1,Very High
C00025,,12,multi_year,9,6,4,0.667,3,-0.55,3,0,5.0,0.753,0,0,0.6,0.6,0.08540203759725369,0,Very Low
C00026,Tech,8,annual,19,5,3,0.6,3,0.286,0,0,,0.429,0,0,0.75,0.0,0.04024644874837932,0,Very Low
C00027,Finance,30,annual,1,6,4,0.667,6,0.8,1,0,,0.407,0,0,1.2,0.2,0.017443123894780678,0,Very Low
C00028,Finance,28,monthly,27,10,4,0.4,6,0.5,0,0,5.0,0.593,0,0,1.2,0.0,0.06876251340157244,0,Very Low
C00029,Tech,21,annual,50,6,4,0.667,6,0.385,4,0,7.0,0.507,0,0,1.2,0.8,0.013775666024376538,0,Very Low
C00030,Healthcare,30,monthly,5,10,4,0.4,5,0.154,3,0,6.0,0.547,0,0,1.0,0.6,0.14439899013537252,0,Very Low
C00031,Retail,8,annual,4,7,5,0.714,4,0.0,3,0,,0.724,0,1,0.6666666666666666,0.5,0.026790861112621484,0,Very Low
C00032,Manufacturing,53,annual,18,12,6,0.5,1,-0.667,1,0,6.0,0.435,0,1,0.14285714285714285,0.14285714285714285,0.21089273020579405,0,Low
C00033,Finance,88,annual,7,11,6,0.545,7,0.615,2,0,8.0,0.711,0,0,1.0,0.2857142857142857,0.00513706793493389,0,Very Low
C00034,Finance,12,annual,4,8,6,0.75,8,0.0,0,0,,0.638,1,0,1.1428571428571428,0.0,0.011851578272989991,0,Very Low
C00035,Healthcare,13,annual,32,4,2,0.5,3,0.0,0,0,3.0,0.417,0,0,1.0,0.0,0.11966810299684046,0,Very Low
C00036,Other,113,annual,25,9,8,0.889,4,-0.429,2,0,6.0,0.493,1,0,0.4444444444444444,0.2222222222222222,0.011513198592808686,0,Very Low
C00037,Other,96,annual,4,14,5,0.357,4,-0.333,0,0,3.0,0.669,0,0,0.6666666666666666,0.0,0.24799907148362968,0,Low
C00038,Retail,14,monthly,15,8,4,0.5,3,0.0,3,1,,0.417,0,0,0.6,0.6,0.6016477279039307,1,High
C00039,Tech,15,multi_year,1,8,3,0.375,4,-0.077,1,0,4.0,0.319,0,1,1.0,0.25,0.3847310828481355,1,Low
C00040,Manufacturing,5,annual,13,4,2,0.5,1,-0.4,2,0,2.0,0.446,0,1,0.3333333333333333,0.6666666666666666,0.4763667107914592,1,Medium
C00041,Tech,52,annual,2,7,4,0.571,1,-0.727,0,0,,0.696,0,0,0.2,0.0,0.08599440340832105,0,Very Low
C00042,Retail,38,annual,1,8,7,0.875,5,0.364,1,0,7.0,0.746,1,0,0.625,0.125,0.00112139932535664,0,Very Low
C00043,Tech,32,multi_year,1,7,3,0.429,2,-0.4,1,0,7.0,0.293,0,0,0.5,0.25,0.21764745814474754,0,Low
C00044,Retail,331,annual,47,16,12,0.75,10,0.034,0,1,,0.57,1,0,0.7692307692307693,0.0,0.017200946593800837,0,Very Low
C00045,Tech,26,annual,26,11,6,0.545,3,-0.526,0,0,3.0,0.552,0,0,0.42857142857142855,0.0,0.2084220308669183,0,Low
C00046,Retail,28,multi_year,16,7,6,0.857,4,0.0,1,0,,0.782,0,0,0.5714285714285714,0.14285714285714285,0.004174255896472483,0,Very Low
C00047,Manufacturing,41,annual,18,11,3,0.273,6,0.636,5,0,,0.417,0,0,1.5,1.25,0.18144720071281312,0,Very Low
C00048,Other,26,monthly,10,8,3,0.375,4,0.5,1,0,5.0,0.692,0,0,1.0,0.25,0.07323416147776242,0,Very Low
C00049,Manufacturing,100,multi_year,1,16,7,0.438,4,-0.556,1,0,3.0,0.582,0,1,0.5,0.125,0.29219958901572335,0,Low
C00050,Healthcare,26,monthly,14,6,3,0.5,3,-0.308,0,0,6.0,0.474,0,0,0.75,0.0,0.14948367788580913,0,Very Low
C00051,Finance,36,annual,2,12,6,0.5,4,-0.143,2,0,,0.481,1,0,0.5714285714285714,0.2857142857142857,0.0711997367426813,0,Very Low
C00052,Retail,331,annual,18,15,12,0.8,13,0.3,1,1,,0.473,1,0,1.0,0.07692307692307693,0.0213395109738142,0,Very Low
C00053,,17,multi_year,4,9,5,0.556,4,-0.333,2,0,,0.593,0,0,0.6666666666666666,0.3333333333333333,0.1257401053907957,0,Very Low
C00054,Healthcare,9,annual,96,5,0,0.0,0,0.0,6,0,,0.325,0,1,0.0,6.0,0.5740115694327554,1,Medium
C00055,Manufacturing,37,annual,1,11,10,0.909,8,-0.429,0,0,6.0,0.527,0,0,0.7272727272727273,0.0,0.03149483306279965,0,Very Low
C00056,Tech,16,annual,13,6,5,0.833,5,0.364,3,0,4.0,0.577,0,0,0.8333333333333334,0.5,0.018681013276835558,0,Very Low
C00057,Tech,16,monthly,36,5,3,0.6,2,0.0,1,0,,0.422,0,0,0.5,0.25,0.09718980013098119,0,Very Low
C00058,Manufacturing,39,monthly,21,7,5,0.714,4,0.0,1,0,,0.337,0,0,0.6666666666666666,0.16666666666666666,0.09928572906343246,0,Very Low
C00059,Retail,76,monthly,18,9,7,0.778,5,-0.348,4,0,,0.375,0,0,0.625,0.5,0.16033538361673116,0,Very Low
C00060,Finance,6,annual,24,3,1,0.333,4,0.5,0,0,7.0,0.332,0,0,2.0,0.0,0.11337909660290914,0,Very Low
C00061,Manufacturing,25,annual,27,5,2,0.4,1,-0.625,2,1,4.0,0.621,0,1,0.3333333333333333,0.6666666666666666,0.6166668908844758,1,High
C00062,Other,3,annual,14,2,2,1.0,1,-0.25,2,0,,0.546,0,0,0.3333333333333333,0.6666666666666666,0.021824500819997605,0,Very Low
C00063,Retail,81,multi_year,8,15,12,0.8,8,0.043,3,0,4.0,0.436,0,0,0.6153846153846154,0.23076923076923078,0.03861928264597643,0,Very Low
C00064,Retail,10,monthly,13,5,3,0.6,4,-0.077,0,0,6.0,0.499,0,0,1.0,0.0,0.11788391761186147,0,Very Low
C00065,Manufacturing,61,monthly,9,12,8,0.667,14,0.826,0,0,,0.709,0,0,1.5555555555555556,0.0,0.00903809024529875,0,Very Low
C00066,Manufacturing,203,annual,6,13,9,0.692,3,-0.571,0,0,,0.311,1,0,0.3,0.0,0.07247417910757771,0,Very Low
C00067,Finance,126,annual,2,7,6,0.857,4,0.2,1,0,,0.654,1,0,0.5714285714285714,0.14285714285714285,0.00274867625429332,0,Very Low
C00068,Manufacturing,48,multi_year,1,13,7,0.538,11,0.222,4,1,5.0,0.598,0,0,1.375,0.5,0.2172584768279258,0,Low
C00069,Finance,4,annual,23,4,2,0.5,6,0.636,4,0,6.0,0.586,0,0,2.0,1.3333333333333333,0.05286650187741827,0,Very Low
C00070,Other,221,annual,32,12,7,0.583,8,0.333,1,0,,0.626,1,0,1.0,0.125,0.005647030946715814,0,Very Low
C00071,Retail,20,multi_year,42,5,0,0.0,2,0.2,4,0,5.0,0.267,0,1,2.0,4.0,0.8034994530659597,1,Very High
C00072,Manufacturing,70,annual,37,8,7,0.875,6,-0.28,1,0,5.0,0.752,0,0,0.75,0.125,0.008434920672817259,0,Very Low
C00073,Other,18,annual,27,6,5,0.833,4,-0.143,3,0,,0.498,1,0,0.6666666666666666,0.5,0.015394604358380705,0,Very Low
C00074,Retail,24,monthly,1,8,3,0.375,5,0.071,0,0,5.0,0.657,0,0,1.25,0.0,0.18508261315967298,0,Very Low
C00075,Finance,165,multi_year,16,17,15,0.882,18,0.256,2,0,,0.735,1,0,1.125,0.125,0.0013338524432839763,0,Very Low
C00076,Retail,5,monthly,7,5,3,0.6,4,0.2,1,1,,0.574,0,1,1.0,0.25,0.3013804506507906,0,Low
C00077,Healthcare,8,annual,1,4,1,0.25,2,0.0,1,0,2.0,0.504,0,0,1.0,0.5,0.4445979974338295,1,Medium
C00078,Tech,22,annual,11,6,3,0.5,5,0.154,3,0,,0.517,0,0,1.25,0.75,0.10032369570746208,0,Very Low
C00079,Tech,92,annual,8,7,5,0.714,6,0.286,0,0,6.0,0.407,0,0,1.0,0.0,0.020708084214898708,0,Very Low
C00080,,2,annual,67,3,2,0.667,2,-0.333,3,0,,0.395,0,0,0.6666666666666666,1.0,0.14472449005007845,0,Very Low
C00081,Healthcare,113,monthly,10,9,5,0.556,9,0.421,5,0,6.0,0.501,1,0,1.5,0.8333333333333334,0.029946307639946844,0,Very Low
C00082,Finance,20,monthly,11,10,8,0.8,8,0.333,3,0,8.0,0.455,0,0,0.8888888888888888,0.3333333333333333,0.02186090284392459,0,Very Low
C00083,Manufacturing,63,annual,4,12,10,0.833,9,0.0,2,0,,0.665,0,0,0.8181818181818182,0.18181818181818182,0.014130561476350657,0,Very Low
C00084,Retail,476,monthly,7,21,9,0.429,12,-0.027,0,0,6.0,0.481,1,1,1.2,0.0,0.08903975481697643,0,Very Low
C00085,Retail,52,multi_year,1,12,10,0.833,3,-0.679,1,0,7.0,0.525,0,0,0.2727272727272727,0.09090909090909091,0.03385433374882008,0,Very Low
C00086,Tech,96,annual,1,14,7,0.5,8,0.333,1,0,,0.599,0,0,1.0,0.125,0.03632445979975793,0,Very Low
C00087,Manufacturing,128,multi_year,42,16,11,0.688,11,-0.029,1,0,5.0,0.721,1,0,0.9166666666666666,0.08333333333333333,0.0042180629801184645,0,Very Low
C00088,Manufacturing,22,monthly,1,8,5,0.625,3,-0.308,1,0,6.0,0.369,0,0,0.5,0.16666666666666666,0.24744325516159954,0,Low
C00089,Manufacturing,35,annual,27,9,4,0.444,3,0.125,2,0,2.0,0.477,0,0,0.6,0.4,0.19481702697719963,0,Very Low
C00090,Other,25,monthly,17,6,5,0.833,6,-0.053,3,2,8.0,0.54,0,1,1.0,0.5,0.364335150463984,0,Low
C00091,Finance,38,annual,9,10,5,0.5,6,0.125,3,0,5.0,0.401,0,0,1.0,0.5,0.1511203751174513,0,Very Low
C00092,Finance,22,monthly,6,5,3,0.6,4,0.2,2,0,6.0,0.608,0,0,1.0,0.5,0.0613710612702734,0,Very Low
C00093,Tech,18,multi_year,45,8,4,0.5,3,-0.182,3,0,4.0,0.438,0,0,0.6,0.6,0.13387448430275461,0,Very Low
C00094,Manufacturing,16,annual,21,5,4,0.8,5,0.364,1,0,,0.568,1,0,1.0,0.2,0.004741224927085135,0,Very Low
C00095,Retail,67,monthly,7,8,5,0.625,5,0.071,5,0,7.0,0.746,0,0,0.8333333333333334,0.8333333333333334,0.03517588518148413,0,Very Low
C00096,Healthcare,7,monthly,13,5,1,0.2,3,0.8,1,0,5.0,0.548,0,0,1.5,0.5,0.1342821673644466,0,Very Low
C00097,Retail,34,monthly,11,12,7,0.583,10,0.25,3,0,5.0,0.646,0,1,1.25,0.375,0.07842528619427398,0,Very Low
C00098,Healthcare,128,annual,34,17,12,0.706,9,0.0,2,1,6.0,0.647,1,0,0.6923076923076923,0.15384615384615385,0.01791516081372371,0,Very Low
C00099,Finance,7,annual,20,6,3,0.5,2,-0.143,1,0,6.0,0.249,1,0,0.5,0.25,0.11094672182970312,0,Very Low
C00100,Healthcare,5,annual,8,4,3,0.75,2,-0.25,3,0,3.0,0.824,0,0,0.5,0.75,0.03546628623094769,0,Very Low
C00101,Retail,61,monthly,9,14,6,0.429,14,0.615,3,0,4.0,0.58,0,0,2.0,0.42857142857142855,0.15481193847847985,0,Very Low
C00102,Tech,13,multi_year,30,5,4,0.8,3,-0.182,0,0,,0.684,0,0,0.6,0.0,0.00903082281753506,0,Very Low
C00103,Manufacturing,14,multi_year,4,9,5,0.556,7,0.235,3,0,6.0,0.766,0,0,1.1666666666666667,0.5,0.020237451959684506,0,Very Low
C00104,Retail,59,annual,36,13,10,0.769,4,-0.368,0,1,5.0,0.556,0,0,0.36363636363636365,0.0,0.11904329506383177,0,Very Low
C00105,Healthcare,42,monthly,2,6,6,1.0,4,0.333,0,0,6.0,0.56,0,0,0.5714285714285714,0.0,0.004680006683512466,0,Very Low
C00106,Tech,15,multi_year,9,6,2,0.333,2,-0.143,3,0,1.0,0.163,0,1,0.6666666666666666,1.0,0.7988008483295739,1,High
C00107,Retail,21,multi_year,4,8,4,0.5,4,-0.2,4,1,,0.572,0,1,0.8,0.8,0.37398314754433415,0,Low
C00108,Tech,6,annual,15,3,2,0.667,1,-0.4,3,1,,0.716,0,0,0.3333333333333333,1.0,0.21516271289942962,0,Low
C00109,Retail,16,annual,8,6,4,0.667,3,-0.182,2,0,,0.665,0,0,0.6,0.4,0.0401342085176318,0,Very Low
C00110,Finance,28,annual,6,10,6,0.6,7,0.5,4,0,,0.644,0,0,1.0,0.5714285714285714,0.022306449662304214,0,Very Low
C00111,Other,54,annual,27,12,4,0.333,4,-0.25,3,0,0.0,0.453,0,0,0.8,0.6,0.6795703624807415,1,High
C00112,Finance,56,annual,4,13,11,0.846,6,-0.28,1,0,,0.645,0,0,0.5,0.08333333333333333,0.020927845581444584,0,Very Low
C00113,Retail,187,monthly,18,13,7,0.538,1,-0.833,2,1,,0.578,1,0,0.125,0.25,0.438165569064605,1,Medium
C00114,Finance,28,monthly,1,7,5,0.714,7,0.235,2,0,6.0,0.715,0,0,1.1666666666666667,0.3333333333333333,0.02709259871410681,0,Very Low
C00115,Finance,86,annual,6,10,7,0.7,4,-0.333,2,0,6.0,0.536,0,0,0.5,0.25,0.05039886196850006,0,Very Low
C00116,Manufacturing,40,annual,14,6,2,0.333,5,0.5,3,1,3.0,0.439,0,1,1.6666666666666667,1.0,0.6184245295840681,1,High
C00117,Healthcare,11,annual,24,7,2,0.286,1,-0.25,4,0,7.0,0.602,0,0,0.3333333333333333,1.3333333333333333,0.12425815040570681,0,Very Low
C00118,Other,42,multi_year,17,12,7,0.583,4,-0.429,3,0,7.0,0.562,0,0,0.5,0.375,0.057211427037418806,0,Very Low
C00119,Retail,44,multi_year,11,9,4,0.444,3,-0.182,0,0,3.0,0.233,0,0,0.6,0.0,0.35010251075857424,0,Low
C00120,Retail,61,annual,20,14,13,0.929,6,-0.4,3,0,2.0,0.723,0,0,0.42857142857142855,0.21428571428571427,0.038594357643412174,0,Very Low
C00121,Healthcare,51,monthly,35,12,6,0.5,1,-0.75,4,1,6.0,0.506,0,1,0.14285714285714285,0.5714285714285714,0.6170155420146671,1,High
C00122,Other,35,monthly,5,11,7,0.636,6,-0.143,1,0,,0.34,0,0,0.75,0.125,0.23321816108016788,0,Low
C00123,Finance,12,annual,14,4,3,0.75,5,0.071,2,0,6.0,0.719,1,0,1.25,0.5,0.007556336477361393,0,Very Low
C00124,Healthcare,22,multi_year,16,7,3,0.429,4,0.2,5,1,,0.543,0,0,1.0,1.25,0.22707210898157426,0,Low
C00125,Healthcare,41,annual,30,7,4,0.571,2,-0.333,0,0,,0.375,0,0,0.4,0.0,0.06711728035822735,0,Very Low
C00126,Finance,60,annual,6,7,4,0.571,5,0.25,0,0,7.0,0.679,0,0,1.0,0.0,0.011418714566672924,0,Very Low
C00127,Healthcare,71,annual,18,14,13,0.929,20,0.463,3,2,6.0,0.717,1,0,1.4285714285714286,0.21428571428571427,0.0167407106128905,0,Very Low
C00128,Healthcare,44,annual,5,8,6,0.75,7,0.105,0,0,7.0,0.583,0,0,1.0,0.0,0.007905190916044877,0,Very Low
C00129,Other,59,annual,3,6,4,0.667,3,-0.1,0,0,,0.514,0,0,0.6,0.0,0.04046967649154777,0,Very Low
C00130,Other,136,monthly,22,9,7,0.778,3,-0.357,1,0,8.0,0.609,1,0,0.375,0.125,0.00967548728636719,0,Very Low
C00131,Manufacturing,37,annual,12,9,5,0.556,5,0.0,1,0,,0.52,0,0,0.8333333333333334,0.16666666666666666,0.06296768190585181,0,Very Low
C00132,Tech,17,annual,15,5,3,0.6,1,-0.25,0,0,5.0,0.587,0,0,0.25,0.0,0.053822977538839134,0,Very Low
C00133,Healthcare,7,annual,29,4,1,0.25,2,-0.143,2,0,4.0,0.372,0,0,1.0,1.0,0.443274460163704,1,Medium
C00134,Retail,31,monthly,27,7,3,0.429,2,-0.25,1,0,6.0,0.623,0,0,0.5,0.25,0.12759044100549818,0,Very Low
C00135,Other,58,annual,3,10,6,0.6,7,0.4,1,1,7.0,0.707,0,0,1.0,0.14285714285714285,0.039621925936548084,0,Very Low
C00136,Retail,20,monthly,4,10,7,0.7,10,0.154,3,0,,0.64,0,0,1.25,0.375,0.06111562045076735,0,Very Low
C00137,Other,142,multi_year,4,9,2,0.222,3,0.0,1,0,6.0,0.589,1,0,1.0,0.3333333333333333,0.05587554638546105,0,Very Low
C00138,Tech,12,annual,9,5,3,0.6,4,0.091,2,0,6.0,0.576,1,0,1.0,0.5,0.023007461165575612,0,Very Low
C00139,Retail,20,monthly,33,9,7,0.778,10,0.111,1,0,,0.721,0,0,1.25,0.125,0.018174258953218336,0,Very Low
C00140,Other,29,annual,16,7,6,0.857,6,-0.143,2,0,7.0,0.796,0,0,0.8571428571428571,0.2857142857142857,0.006302573599777087,0,Very Low
C00141,Finance,8,annual,3,6,3,0.5,5,0.5,1,0,3.0,0.355,0,0,1.25,0.25,0.18199148585005817,0,Very Low
C00142,Other,86,annual,3,12,10,0.833,12,-0.053,0,0,9.0,0.733,0,0,1.0909090909090908,0.0,0.0036197588249527166,0,Very Low
C00143,Healthcare,13,annual,7,6,4,0.667,2,-0.25,1,1,8.0,0.525,0,1,0.4,0.2,0.08966088916852798,0,Very Low
C00144,Tech,9,monthly,25,5,4,0.8,3,-0.357,2,1,6.0,0.854,0,0,0.6,0.4,0.1024806439856996,0,Very Low
C00145,Finance,4,monthly,18,6,3,0.5,3,0.0,1,1,7.0,0.578,0,1,0.75,0.25,0.32641678016508013,0,Low
C00146,Healthcare,77,monthly,6,7,6,0.857,5,-0.25,0,0,5.0,0.699,0,0,0.7142857142857143,0.0,0.0187962807237117,0,Very Low
C00147,Healthcare,112,annual,1,13,11,0.846,12,-0.143,4,0,7.0,0.815,1,0,1.0,0.3333333333333333,0.0024459885705850784,0,Very Low
C00148,Tech,10,monthly,8,8,5,0.625,12,0.44,4,0,7.0,0.708,0,0,2.0,0.6666666666666666,0.04145331446030693,0,Very Low
C00149,Tech,7,monthly,44,5,1,0.2,1,0.0,5,2,3.0,0.569,0,1,0.5,2.5,0.9723725299040239,1,Very High
C00150,Other,18,monthly,1,6,4,0.667,3,-0.182,0,0,,0.493,0,0,0.6,0.0,0.1254522038779403,0,Very Low
C00151,Other,29,monthly,13,8,4,0.5,5,0.154,2,0,,0.668,0,0,1.0,0.4,0.0848233792074452,0,Very Low
C00152,Other,16,monthly,6,9,7,0.778,9,-0.206,0,0,,0.717,0,0,1.125,0.0,0.04800968992169274,0,Very Low
C00153,Retail,48,multi_year,2,12,7,0.583,5,-0.444,1,0,,0.377,0,0,0.625,0.125,0.16020221515599198,0,Very Low
C00154,Tech,9,annual,27,8,4,0.5,3,-0.1,4,0,4.0,0.762,0,1,0.6,0.8,0.0843995341860016,0,Very Low
C00155,Healthcare,253,monthly,9,15,14,0.933,12,0.029,1,0,6.0,0.873,1,0,0.8,0.06666666666666667,0.0013976093618790187,0,Very Low
C00156,Manufacturing,42,annual,18,10,6,0.6,6,0.2,2,0,8.0,0.688,1,0,0.8571428571428571,0.2857142857142857,0.004456525368947752,0,Very Low
C00157,Finance,84,annual,26,11,5,0.455,7,0.167,1,1,,0.377,0,0,1.1666666666666667,0.16666666666666666,0.3133624346237491,0,Low
C00158,Tech,19,monthly,2,8,2,0.25,2,-0.143,5,0,,0.453,0,0,0.6666666666666666,1.6666666666666667,0.6766420453904595,1,High
C00159,Tech,80,multi_year,23,14,2,0.143,3,0.125,4,0,,0.495,0,0,1.0,1.3333333333333333,0.2706220919763509,0,Low
C00160,,168,annual,3,11,7,0.636,12,0.385,3,0,2.0,0.708,1,0,1.5,0.375,0.029957185928861447,0,Very Low
C00161,Tech,14,multi_year,67,5,4,0.8,3,0.0,1,0,7.0,0.742,0,0,0.6,0.2,0.002066337213769045,0,Very Low
C00162,,34,monthly,11,11,3,0.273,4,0.5,1,0,4.0,0.327,0,0,1.0,0.25,0.49105142809875146,1,Medium
C00163,Other,85,monthly,30,16,13,0.812,19,0.425,1,0,5.0,0.499,0,0,1.3571428571428572,0.07142857142857142,0.020885053766086622,0,Very Low
C00164,Tech,46,annual,44,10,9,0.9,7,-0.344,2,0,3.0,0.889,0,0,0.7,0.2,0.010491551651942887,0,Very Low
C00165,Tech,12,multi_year,12,8,7,0.875,9,0.08,3,0,8.0,0.58,0,0,1.125,0.375,0.006987786113975168,0,Very Low
C00166,,18,annual,3,9,4,0.444,8,0.6,1,0,6.0,0.272,0,0,1.6,0.2,0.16705374429222727,0,Very Low
C00167,Manufacturing,55,annual,5,7,3,0.429,1,-0.571,2,0,6.0,0.459,1,0,0.25,0.5,0.13791712006531368,0,Very Low
C00168,Healthcare,42,annual,8,6,2,0.333,4,0.0,2,0,5.0,0.369,0,0,1.3333333333333333,0.6666666666666666,0.26173242907030975,0,Low
C00169,Healthcare,15,annual,44,7,3,0.429,3,0.286,3,0,4.0,0.542,0,0,0.75,0.75,0.054044396638612484,0,Very Low
C00170,Other,42,annual,1,6,3,0.5,4,0.2,4,0,3.0,0.683,0,0,1.0,1.0,0.1123955074549935,0,Very Low
C00171,Retail,3,monthly,2,3,1,0.333,2,0.0,3,0,,0.215,0,0,1.0,1.5,0.757786983247792,1,High
C00172,Tech,32,monthly,71,8,4,0.5,5,0.071,0,1,5.0,0.479,0,0,1.0,0.0,0.2602750758073375,0,Low
C00173,Finance,82,monthly,11,14,8,0.571,7,-0.16,2,2,5.0,0.596,0,1,0.7777777777777778,0.2222222222222222,0.761863726701901,1,High
C00174,Retail,79,annual,13,13,7,0.538,7,0.312,3,0,,0.41,0,0,0.875,0.375,0.06420056998528836,0,Very Low
C00175,Finance,19,annual,25,10,8,0.8,9,0.125,3,0,,0.446,0,0,1.0,0.3333333333333333,0.03008966618369546,0,Very Low
C00176,,39,annual,14,8,8,1.0,6,-0.217,2,0,,0.735,0,0,0.6666666666666666,0.2222222222222222,0.010305603208261675,0,Very Low
C00177,Retail,38,annual,33,13,4,0.308,5,0.5,3,0,,0.206,0,0,1.0,0.6,0.20776648701845873,0,Low
C00178,Tech,26,monthly,5,6,4,0.667,4,0.5,1,0,6.0,0.58,1,0,0.8,0.2,0.01127263064658228,0,Very Low
C00179,Tech,13,monthly,10,7,3,0.429,2,-0.143,1,0,5.0,0.402,0,0,0.5,0.25,0.3747448793411393,0,Low
C00180,Manufacturing,6,monthly,5,5,1,0.2,2,0.2,2,0,,0.512,0,1,1.0,1.0,0.45961069714144087,1,Medium
C00181,Tech,15,multi_year,45,9,6,0.667,9,0.588,5,0,9.0,0.712,0,0,1.2857142857142858,0.7142857142857143,0.002175759282673215,0,Very Low
C00182,,8,multi_year,16,4,1,0.25,0,-1.0,2,0,1.0,0.327,0,1,0.0,1.0,0.9358313236162346,1,Very High
C00183,,3,multi_year,11,4,2,0.5,2,0.2,2,0,2.0,0.41,0,1,0.6666666666666666,0.6666666666666666,0.3025109340374746,0,Low
C00184,Other,95,monthly,10,7,3,0.429,4,-0.143,2,0,3.0,0.491,0,0,1.0,0.5,0.44227887401254684,1,Medium
C00185,Manufacturing,6,annual,11,6,2,0.333,4,0.333,2,0,4.0,0.557,0,0,1.3333333333333333,0.6666666666666666,0.2031147358314003,0,Low
C00186,Tech,13,monthly,11,7,2,0.286,6,0.5,5,0,,0.394,0,0,2.0,1.6666666666666667,0.526125387201171,1,Medium
C00187,Tech,13,monthly,31,5,4,0.8,0,-1.0,1,0,,0.402,0,0,0.0,0.2,0.25456158972134285,0,Low
C00188,Other,4,annual,2,3,2,0.667,4,0.5,5,0,,0.555,0,1,1.3333333333333333,1.6666666666666667,0.056119577357573225,0,Very Low
C00189,Retail,34,annual,17,7,3,0.429,4,0.333,0,1,5.0,0.533,0,0,1.0,0.0,0.19429553254192442,0,Very Low
C00190,Manufacturing,4,annual,27,5,2,0.4,4,0.091,1,0,6.0,0.645,0,0,1.3333333333333333,0.3333333333333333,0.07681386483998433,0,Very Low
C00191,Tech,148,monthly,19,13,4,0.308,5,0.0,1,0,6.0,0.281,1,1,1.0,0.2,0.24298376729678156,0,Low
C00192,Retail,5,annual,15,5,1,0.2,1,-0.5,2,2,,0.24,0,1,0.5,1.0,0.984681084316983,1,Very High
C00193,Finance,10,multi_year,72,4,4,1.0,2,-0.455,0,0,,0.771,0,0,0.4,0.0,0.0023917353957274984,0,Very Low
C00194,Tech,19,monthly,36,9,6,0.667,8,-0.077,1,0,6.0,0.645,0,0,1.1428571428571428,0.14285714285714285,0.045783106796274814,0,Very Low
C00195,Manufacturing,19,monthly,10,5,2,0.4,2,0.0,1,0,,0.522,0,0,0.6666666666666666,0.3333333333333333,0.20693521633045392,0,Low
C00196,Other,22,monthly,18,5,4,0.8,5,0.071,2,0,8.0,0.504,0,0,1.0,0.4,0.025384713808358682,0,Very Low
C00197,Retail,73,monthly,44,11,7,0.636,10,0.364,1,0,,0.601,0,0,1.25,0.125,0.021163313988306474,0,Very Low
C00198,Retail,98,multi_year,36,9,5,0.556,5,0.0,3,1,4.0,0.48,0,0,0.8333333333333334,0.5,0.22123973509153116,0,Low
C00199,Tech,301,multi_year,17,18,7,0.389,8,-0.143,2,0,5.0,0.688,1,0,1.0,0.25,0.03259011736358232,0,Very Low
C00200,Retail,8,monthly,31,7,1,0.143,1,-0.25,1,0,5.0,0.3,0,1,0.5,0.5,0.740885344529157,1,High
C00201,Tech,92,monthly,19,9,8,0.889,5,-0.062,1,1,6.0,0.491,0,0,0.5555555555555556,0.1111111111111111,0.10165261826262177,0,Very Low
C00202,Healthcare,63,annual,34,12,10,0.833,5,-0.4,0,0,7.0,0.582,0,0,0.45454545454545453,0.0,0.008288207547992303,0,Very Low
C00203,Finance,23,multi_year,33,9,4,0.444,4,-0.143,1,0,3.0,0.443,0,0,0.8,0.2,0.18460764069042276,0,Very Low
C00204,Healthcare,8,monthly,1,7,4,0.571,3,-0.308,0,0,3.0,0.703,0,0,0.6,0.0,0.16778353487009479,0,Very Low
C00205,Finance,409,annual,25,17,7,0.412,10,0.429,2,1,4.0,0.583,1,0,1.25,0.25,0.09652438896802797,0,Very Low
C00206,Finance,116,monthly,7,15,11,0.733,9,-0.25,1,1,,0.571,1,0,0.75,0.08333333333333333,0.14363214407750602,0,Very Low
C00207,,5,annual,25,3,3,1.0,2,0.2,2,1,7.0,0.736,0,0,0.5,0.5,0.014405157309495185,0,Very Low
C00208,Healthcare,162,multi_year,1,12,9,0.75,14,0.077,1,0,,0.479,1,0,1.4,0.1,0.007196744396247171,0,Very Low
C00209,Other,53,monthly,11,11,6,0.545,4,-0.2,3,0,6.0,0.5,0,0,0.5714285714285714,0.42857142857142855,0.18952778892746547,0,Very Low
C00210,Retail,42,annual,4,10,8,0.8,5,-0.318,1,0,4.0,0.493,0,1,0.5555555555555556,0.1111111111111111,0.07446883957558272,0,Very Low
C00211,Tech,76,monthly,6,7,2,0.286,2,-0.25,2,0,5.0,0.367,0,0,0.6666666666666666,0.6666666666666666,0.5980594787429976,1,Medium
C00212,Tech,17,monthly,43,8,4,0.5,4,-0.333,1,0,,0.439,0,0,0.8,0.2,0.2430242746523334,0,Low
C00213,Manufacturing,28,annual,2,7,5,0.714,1,-0.842,0,1,5.0,0.495,0,0,0.16666666666666666,0.0,0.46098157130074563,1,Medium
C00214,Tech,89,annual,3,14,10,0.714,10,-0.062,0,0,,0.652,0,0,0.9090909090909091,0.0,0.022443850761681094,0,Very Low
C00215,Manufacturing,9,annual,5,4,2,0.5,3,0.0,3,0,5.0,0.305,0,1,1.0,1.0,0.32260435049735614,0,Low
C00216,Other,8,monthly,12,7,6,0.857,7,0.5,0,0,,0.443,0,0,1.0,0.0,0.023950331904280267,0,Very Low
C00217,Healthcare,5,annual,3,3,2,0.667,2,0.2,1,0,4.0,0.427,0,0,0.6666666666666666,0.3333333333333333,0.057414063028283564,0,Very Low
C00218,Tech,71,monthly,65,8,6,0.75,3,-0.438,0,1,,0.618,0,0,0.42857142857142855,0.0,0.11297870307270548,0,Very Low
C00219,Finance,10,annual,3,4,2,0.5,2,-0.455,0,0,4.0,0.668,0,0,0.6666666666666666,0.0,0.16314827577309476,0,Very Low
C00220,Retail,22,annual,2,5,4,0.8,4,0.091,0,0,,0.661,0,0,0.8,0.0,0.011833818135645543,0,Very Low
C00221,Other,19,annual,52,9,6,0.667,5,0.364,1,0,8.0,0.575,0,0,0.7142857142857143,0.14285714285714285,0.004688248588398896,0,Very Low
C00222,Tech,59,annual,5,9,5,0.556,4,0.0,3,0,,0.557,1,0,0.6666666666666666,0.5,0.03240815365323384,0,Very Low
C00223,Tech,46,monthly,8,6,2,0.333,2,-0.333,1,0,2.0,0.221,0,1,0.6666666666666666,0.3333333333333333,0.847761666160962,1,Very High
C00224,Healthcare,13,monthly,13,9,8,0.889,8,-0.077,0,0,5.0,0.563,0,0,0.8888888888888888,0.0,0.02785760092871676,0,Very Low
C00225,Healthcare,138,monthly,7,17,7,0.412,8,0.333,1,0,5.0,0.318,1,0,1.0,0.125,0.09802382919981535,0,Very Low
C00226,Tech,49,multi_year,3,13,3,0.231,6,0.2,6,0,,0.505,0,1,1.5,1.5,0.32631386469272206,0,Low
C00227,Retail,45,multi_year,6,13,5,0.385,5,-0.118,2,0,,0.647,0,0,0.8333333333333334,0.3333333333333333,0.08965062254131158,0,Very Low
C00228,Finance,20,monthly,52,7,2,0.286,1,-0.4,4,0,7.0,0.31,1,0,0.3333333333333333,1.3333333333333333,0.3226427024274996,0,Low
C00229,Healthcare,22,monthly,17,6,5,0.833,4,0.2,1,0,7.0,0.723,0,0,0.6666666666666666,0.16666666666666666,0.005041094022359403,0,Very Low
C00230,Tech,24,annual,34,10,5,0.5,5,0.154,1,0,6.0,0.406,0,0,0.8333333333333334,0.16666666666666666,0.06288197815112548,0,Very Low
C00231,Retail,32,annual,2,6,3,0.5,2,-0.333,2,0,6.0,0.506,0,0,0.5,0.5,0.14229194577550333,0,Very Low
C00232,Retail,49,annual,19,8,5,0.625,4,0.091,0,0,,0.381,0,0,0.6666666666666666,0.0,0.04524795827605669,0,Very Low
C00233,,49,multi_year,1,11,8,0.727,6,0.0,1,0,4.0,0.698,1,0,0.6666666666666666,0.1111111111111111,0.013872402938978116,0,Very Low
C00234,Tech,23,annual,1,9,1,0.111,0,-1.0,2,0,2.0,0.383,0,1,0.0,1.0,0.9471022718398042,1,Very High
C00235,Retail,27,monthly,11,11,6,0.545,6,-0.053,2,0,3.0,0.746,0,1,0.8571428571428571,0.2857142857142857,0.15350003267023382,0,Very Low
C00236,Other,65,annual,1,9,3,0.333,4,0.714,1,0,,0.508,0,0,1.0,0.25,0.04863833080983161,0,Very Low
C00237,Other,109,multi_year,8,14,9,0.643,12,-0.1,1,0,,0.548,1,0,1.2,0.1,0.01826121696455557,0,Very Low
C00238,Other,116,monthly,1,7,2,0.286,2,0.0,0,0,4.0,0.326,1,1,0.6666666666666666,0.0,0.32436702360085345,0,Low
C00239,Manufacturing,30,monthly,7,10,7,0.7,7,0.4,1,0,,0.607,0,0,0.875,0.125,0.02724313214926444,0,Very Low
C00240,Healthcare,8,annual,7,5,1,0.2,1,-0.25,2,1,,0.592,0,0,0.5,1.0,0.6119837106339747,1,High
C00241,Other,36,monthly,59,10,8,0.8,6,-0.053,1,0,5.0,0.844,0,0,0.6666666666666666,0.1111111111111111,0.008805437175955362,0,Very Low
C00242,Retail,37,annual,12,11,7,0.636,0,-1.0,1,0,6.0,0.517,0,1,0.0,0.125,0.1877247268007714,0,Very Low
C00243,Finance,34,annual,4,9,6,0.667,3,-0.25,3,0,,0.612,0,1,0.42857142857142855,0.42857142857142855,0.05626939673665649,0,Very Low
C00244,Finance,53,annual,20,11,10,0.909,13,0.444,2,0,5.0,0.717,0,0,1.1818181818181819,0.18181818181818182,0.003549499853667217,0,Very Low
C00245,Healthcare,18,annual,56,5,2,0.4,2,0.0,3,0,,0.603,0,0,0.6666666666666666,1.0,0.04180423454123145,0,Very Low
C00246,Tech,35,multi_year,9,6,2,0.333,2,0.0,5,0,7.0,0.373,0,0,0.6666666666666666,1.6666666666666667,0.20293273908575424,0,Low
C00247,Retail,3,multi_year,8,3,2,0.667,1,-0.25,2,0,5.0,0.395,0,0,0.3333333333333333,0.6666666666666666,0.11760009469129674,0,Very Low
C00248,Finance,201,annual,3,8,3,0.375,5,-0.062,0,0,,0.476,1,0,1.25,0.0,0.06779069649788151,0,Very Low
C00249,Retail,32,monthly,26,5,3,0.6,5,0.5,2,0,,0.401,0,0,1.25,0.5,0.06576835642910822,0,Very Low
C00250,Retail,22,multi_year,56,10,5,0.5,9,0.421,0,0,7.0,0.473,0,0,1.5,0.0,0.01283721443290816,0,Very Low
C00251,Retail,53,annual,2,7,3,0.429,3,-0.308,2,0,5.0,0.306,0,1,0.75,0.5,0.39202499518786954,1,Low
C00252,Retail,23,annual,40,6,2,0.333,3,0.0,0,0,7.0,0.533,0,0,1.0,0.0,0.05855346105680522,0,Very Low
C00253,Manufacturing,14,annual,35,7,5,0.714,4,0.5,1,1,,0.608,0,0,0.6666666666666666,0.16666666666666666,0.030294065846160737,0,Very Low
C00254,Healthcare,74,annual,19,12,3,0.25,4,0.091,1,0,,0.5,0,0,1.0,0.25,0.11765996203183232,0,Very Low
C00255,Tech,32,annual,24,12,11,0.917,7,-0.25,0,0,6.0,0.728,0,0,0.5833333333333334,0.0,0.007160662520014214,0,Very Low
C00256,Manufacturing,15,annual,34,4,3,0.75,4,0.091,2,0,7.0,0.885,0,0,1.0,0.5,0.0038881589674947875,0,Very Low
C00257,Healthcare,63,annual,16,7,4,0.571,2,0.0,3,0,7.0,0.719,0,0,0.4,0.6,0.010742471008942283,0,Very Low
C00258,Manufacturing,49,monthly,21,8,1,0.125,1,-0.25,2,0,3.0,0.451,0,1,0.5,1.0,0.7737524181617352,1,High
C00259,Healthcare,45,annual,2,9,4,0.444,2,-0.455,0,0,,0.383,1,0,0.4,0.0,0.10057070600217827,0,Very Low
C00260,Retail,22,annual,50,9,7,0.778,6,-0.182,1,0,,0.728,0,0,0.75,0.125,0.00988903788422391,0,Very Low
C00261,Manufacturing,95,monthly,65,9,7,0.778,10,0.364,3,1,6.0,0.429,1,0,1.25,0.375,0.0348245794405705,0,Very Low
C00262,Tech,12,multi_year,15,7,3,0.429,4,-0.077,1,0,,0.359,0,0,1.0,0.25,0.18013936343281067,0,Very Low
C00263,Retail,74,annual,17,12,9,0.75,5,-0.062,1,0,7.0,0.73,0,0,0.5,0.1,0.00708612315658341,0,Very Low
C00264,Healthcare,151,monthly,7,10,8,0.8,8,0.143,0,0,,0.706,1,0,0.8888888888888888,0.0,0.004122879828883447,0,Very Low
C00265,Manufacturing,12,monthly,17,5,4,0.8,2,0.0,1,0,6.0,0.677,0,0,0.4,0.2,0.020533984873728303,0,Very Low
C00266,Tech,38,multi_year,5,8,6,0.75,5,-0.167,0,0,3.0,0.625,1,0,0.7142857142857143,0.0,0.01812721728560324,0,Very Low
C00267,Retail,5,multi_year,1,3,2,0.667,2,-0.143,0,0,6.0,0.537,0,0,0.6666666666666666,0.0,0.037610984235058376,0,Very Low
C00268,Healthcare,31,monthly,1,8,7,0.875,7,0.0,2,0,9.0,0.745,0,0,0.875,0.25,0.004759766376369397,0,Very Low
C00269,Finance,5,monthly,27,4,1,0.25,1,-0.25,0,0,2.0,0.436,1,1,0.5,0.0,0.5190895712226992,1,Medium
C00270,Tech,7,monthly,14,4,2,0.5,1,-0.25,4,0,7.0,0.717,0,0,0.3333333333333333,1.3333333333333333,0.1213517213645223,0,Very Low
C00271,Manufacturing,37,annual,8,8,1,0.125,1,-0.625,2,0,2.0,0.401,0,1,0.5,1.0,0.8837591090910176,1,Very High
C00272,Healthcare,94,multi_year,1,9,7,0.778,3,-0.591,0,0,,0.876,0,0,0.375,0.0,0.00745278076789122,0,Very Low
C00273,Healthcare,51,annual,32,6,4,0.667,6,0.125,5,1,2.0,0.708,0,1,1.2,1.0,0.15645247429534206,0,Very Low
C00274,Retail,24,monthly,46,11,4,0.364,3,-0.1,4,0,5.0,0.621,0,0,0.6,0.8,0.212456361473469,0,Low
C00275,Retail,13,annual,46,8,4,0.5,4,-0.2,2,1,6.0,0.589,0,0,0.8,0.4,0.22894625482327466,0,Low
C00276,Other,30,annual,4,11,7,0.636,7,0.105,2,0,1.0,0.534,1,0,0.875,0.25,0.09095103097298066,0,Very Low
C00277,Other,384,monthly,96,15,1,0.067,3,0.286,3,0,3.0,0.243,1,1,1.5,1.5,0.46843828191651504,1,Medium
C00278,Tech,134,multi_year,36,9,8,0.889,13,0.696,2,1,,0.889,1,0,1.4444444444444444,0.2222222222222222,0.0011001435277825289,0,Very Low
C00279,Tech,7,annual,23,6,5,0.833,3,-0.182,0,0,,0.749,1,0,0.5,0.0,0.005009219908287824,0,Very Low
C00280,Finance,14,annual,25,6,5,0.833,6,-0.143,1,0,,0.623,0,0,1.0,0.16666666666666666,0.018407081263445712,0,Very Low
C00281,Manufacturing,7,monthly,2,6,3,0.5,6,0.2,0,0,,0.449,1,0,1.5,0.0,0.11307545276729983,0,Very Low
C00282,Manufacturing,54,monthly,49,8,6,0.75,12,0.44,3,0,5.0,0.882,0,0,1.7142857142857142,0.42857142857142855,0.0068061989297540015,0,Very Low
C00283,Retail,22,monthly,18,5,4,0.8,4,0.0,2,0,,0.533,0,0,0.8,0.4,0.046886450226486416,0,Very Low
C00284,Tech,6,monthly,8,3,2,0.667,3,0.286,1,0,5.0,0.543,0,0,1.0,0.3333333333333333,0.07340044789551975,0,Very Low
C00285,Tech,25,monthly,17,9,1,0.111,0,-1.0,1,0,,0.31,0,1,0.0,0.5,0.9095938300813202,1,Very High
C00286,,18,annual,1,10,10,1.0,6,-0.217,2,0,,0.549,0,0,0.5454545454545454,0.18181818181818182,0.02938336652449272,0,Very Low
C00287,Healthcare,10,annual,4,4,4,1.0,3,-0.438,0,0,,0.601,0,0,0.6,0.0,0.013131671936093254,0,Very Low
C00288,Other,20,annual,5,10,7,0.7,5,-0.375,2,0,5.0,0.481,0,0,0.625,0.25,0.12826536233892166,0,Very Low
C00289,Tech,74,annual,2,14,12,0.857,9,-0.156,2,0,,0.721,0,0,0.6923076923076923,0.15384615384615385,0.014087418390962657,0,Very Low
C00290,Tech,11,multi_year,3,6,5,0.833,3,-0.471,0,0,6.0,0.755,0,0,0.5,0.0,0.014254003015972934,0,Very Low
C00291,Finance,20,monthly,7,10,1,0.1,4,0.333,4,0,4.0,0.314,0,1,2.0,2.0,0.8868619150707507,1,Very High
C00292,Finance,7,monthly,10,6,1,0.167,4,0.2,2,0,2.0,0.464,0,1,2.0,1.0,0.840506605962196,1,Very High
C00293,Tech,19,annual,23,6,5,0.833,8,1.0,1,0,,0.747,0,0,1.3333333333333333,0.16666666666666666,0.001367112504281037,0,Very Low
C00294,Tech,126,annual,8,16,13,0.812,1,-0.903,2,0,7.0,0.877,1,0,0.07142857142857142,0.14285714285714285,0.00925439590177779,0,Very Low
C00295,Tech,53,annual,19,7,5,0.714,9,0.588,3,0,,0.825,0,0,1.5,0.5,0.004583046459462832,0,Very Low
C00296,Finance,14,annual,6,6,4,0.667,5,0.25,3,0,5.0,0.821,0,0,1.0,0.6,0.01631307717669502,0,Very Low
C00297,Retail,16,annual,15,6,5,0.833,5,-0.211,2,0,5.0,0.712,0,0,0.8333333333333334,0.3333333333333333,0.021237128022600724,0,Very Low
C00298,Tech,113,monthly,51,14,7,0.5,5,-0.25,3,0,5.0,0.29,1,1,0.625,0.375,0.17912863127592552,0,Very Low
C00299,Finance,26,annual,3,9,4,0.444,6,0.5,5,0,2.0,0.563,0,0,1.2,1.0,0.19656062832842744,0,Very Low
C00300,Tech,17,annual,3,5,4,0.8,3,-0.25,0,0,6.0,0.484,0,0,0.6,0.0,0.03817434388118438,0,Very Low
C00301,Healthcare,101,monthly,22,12,8,0.667,13,0.56,3,0,,0.532,1,0,1.4444444444444444,0.3333333333333333,0.009364524539536501,0,Very Low
C00302,Tech,20,multi_year,11,6,3,0.5,6,0.286,3,0,2.0,0.31,0,0,1.5,0.75,0.31337527652207864,0,Low
C00303,Tech,14,monthly,32,8,3,0.375,5,0.25,5,0,,0.283,0,1,1.25,1.25,0.46495398734039656,1,Medium
C00304,Finance,47,annual,4,11,7,0.636,5,-0.211,1,0,,0.715,0,0,0.625,0.125,0.0337276161895261,0,Very Low
C00305,Manufacturing,8,annual,29,6,5,0.833,7,0.5,2,0,,0.759,0,0,1.1666666666666667,0.3333333333333333,0.004028519044473075,0,Very Low
C00306,Healthcare,20,monthly,48,10,5,0.5,5,0.0,2,0,,0.389,0,0,0.8333333333333334,0.3333333333333333,0.12431583239826594,0,Very Low
C00307,Retail,14,monthly,52,9,7,0.778,7,-0.16,1,0,6.0,0.624,1,0,0.875,0.125,0.012873663036303024,0,Very Low
C00308,Finance,37,annual,5,11,6,0.545,10,0.667,1,1,,0.397,0,0,1.4285714285714286,0.14285714285714285,0.16075935622244758,0,Very Low
C00309,Tech,28,monthly,27,8,4,0.5,3,-0.308,3,0,,0.513,0,1,0.6,0.6,0.24330371873251885,0,Low
C00310,Retail,221,annual,10,18,13,0.722,12,-0.143,3,0,,0.533,1,0,0.8571428571428571,0.21428571428571427,0.01997304013698077,0,Very Low
C00311,Other,66,annual,11,7,4,0.571,6,-0.053,2,0,3.0,0.575,0,1,1.2,0.4,0.12965522665147844,0,Very Low
C00312,Other,33,annual,9,8,6,0.75,5,-0.167,2,0,,0.388,0,0,0.7142857142857143,0.2857142857142857,0.07513833950070078,0,Very Low
C00313,Tech,59,annual,4,10,9,0.9,9,0.0,2,0,5.0,0.472,0,0,0.9,0.2,0.02642516866056083,0,Very Low
C00314,Tech,26,monthly,61,8,6,0.75,6,-0.1,2,0,,0.766,0,0,0.8571428571428571,0.2857142857142857,0.016005333199808455,0,Very Low
C00315,Manufacturing,43,monthly,18,12,9,0.75,8,0.091,3,0,5.0,0.739,0,1,0.8,0.3,0.02874833646117266,0,Very Low
C00316,Healthcare,61,annual,3,12,3,0.25,4,0.0,2,1,,0.264,0,0,1.0,0.5,0.734114286727384,1,High
C00317,Manufacturing,53,annual,23,11,8,0.727,7,0.0,2,0,7.0,0.641,0,0,0.7777777777777778,0.2222222222222222,0.011666506895613573,0,Very Low
C00318,Finance,145,annual,9,16,11,0.688,16,0.92,2,1,3.0,0.401,1,0,1.3333333333333333,0.16666666666666666,0.04752114195762556,0,Very Low
C00319,Healthcare,59,multi_year,9,8,6,0.75,3,-0.357,0,0,6.0,0.712,0,0,0.42857142857142855,0.0,0.008223941543748253,0,Very Low
C00320,,16,annual,30,9,7,0.778,11,0.269,1,0,6.0,0.505,0,0,1.375,0.125,0.022331750391630833,0,Very Low
C00321,Finance,44,monthly,30,10,3,0.3,4,-0.143,2,0,4.0,0.349,0,0,1.0,0.5,0.6035401997320315,1,High
C00322,Tech,10,annual,1,6,4,0.667,3,-0.308,0,0,5.0,0.796,0,0,0.6,0.0,0.03516754845256551,0,Very Low
C00323,Healthcare,278,annual,17,16,7,0.438,4,-0.333,1,0,5.0,0.677,1,0,0.5,0.125,0.026460110243531964,0,Very Low
C00324,Other,5,annual,5,3,1,0.333,3,0.286,2,0,7.0,0.499,0,0,1.5,1.0,0.1530984660629833,0,Very Low
C00325,Manufacturing,29,monthly,7,9,8,0.889,7,-0.16,1,0,4.0,0.674,0,0,0.7777777777777778,0.1111111111111111,0.043943154050684496,0,Very Low
C00326,Finance,56,annual,5,8,4,0.5,6,0.385,0,0,,0.508,0,0,1.2,0.0,0.03959177250967995,0,Very Low
C00327,Finance,12,annual,17,7,3,0.429,3,0.0,0,0,,0.389,0,0,0.75,0.0,0.14468212812822903,0,Very Low
C00328,Manufacturing,21,multi_year,15,9,5,0.556,6,0.059,2,0,,0.749,0,0,1.0,0.3333333333333333,0.02247575129994238,0,Very Low
C00329,Retail,96,annual,1,15,8,0.533,6,-0.053,4,0,5.0,0.603,0,0,0.6666666666666666,0.4444444444444444,0.09268497889017834,0,Very Low
C00330,Retail,9,multi_year,4,7,5,0.714,3,-0.4,1,0,,0.416,1,0,0.5,0.16666666666666666,0.044651504457188414,0,Very Low
C00331,Finance,85,monthly,11,7,4,0.571,3,0.0,2,0,,0.606,0,0,0.6,0.4,0.07066282999188472,0,Very Low
C00332,Manufacturing,25,monthly,18,9,6,0.667,4,-0.368,0,0,6.0,0.569,0,0,0.5714285714285714,0.0,0.09156309991094921,0,Very Low
C00333,Retail,22,annual,1,9,6,0.667,6,-0.182,4,0,6.0,0.689,0,0,0.8571428571428571,0.5714285714285714,0.04908187904196978,0,Very Low
C00334,Tech,259,monthly,13,11,7,0.636,10,0.5,0,0,7.0,0.417,1,0,1.25,0.0,0.011238448288502704,0,Very Low
C00335,Retail,73,annual,5,14,7,0.5,9,0.125,5,1,4.0,0.364,0,1,1.125,0.625,0.6219821050533865,1,High
C00336,Healthcare,48,annual,5,11,5,0.455,8,0.333,3,0,,0.315,0,0,1.3333333333333333,0.5,0.1196757552289886,0,Very Low
C00337,Tech,25,annual,44,6,1,0.167,1,0.0,1,0,5.0,0.292,0,0,0.5,0.5,0.3430895703579361,0,Low
C00338,Finance,39,monthly,62,10,4,0.4,4,0.333,2,0,,0.219,0,0,0.8,0.4,0.18161111739117908,0,Very Low
C00339,Other,27,annual,16,9,9,1.0,10,0.429,1,0,9.0,0.775,1,0,1.0,0.1,0.00029645853185763577,0,Very Low
C00340,Retail,221,monthly,19,9,5,0.556,9,0.227,2,0,,0.447,1,0,1.5,0.3333333333333333,0.04656360713731962,0,Very Low
C00341,Other,40,multi_year,4,10,9,0.9,18,0.862,0,0,9.0,0.613,1,0,1.8,0.0,0.00032693660830298416,0,Very Low
C00342,Retail,15,annual,15,5,5,1.0,4,0.333,0,0,,0.468,0,0,0.6666666666666666,0.0,0.00574078334155914,0,Very Low
C00343,Healthcare,19,annual,46,8,4,0.5,6,0.5,1,0,5.0,0.51,0,0,1.2,0.2,0.019289136122790554,0,Very Low
C00344,Other,49,monthly,7,10,6,0.6,5,-0.118,2,0,6.0,0.527,0,0,0.7142857142857143,0.2857142857142857,0.1230768902405362,0,Very Low
C00345,,10,monthly,1,6,3,0.5,2,-0.25,2,0,4.0,0.49,0,1,0.5,0.5,0.5172244387125553,1,Medium
C00346,Healthcare,14,annual,10,7,5,0.714,7,0.5,0,0,8.0,0.598,0,0,1.1666666666666667,0.0,0.003574518345119642,0,Very Low
C00347,Manufacturing,6,annual,4,7,6,0.857,3,-0.357,2,1,7.0,0.638,0,0,0.42857142857142855,0.2857142857142857,0.09670084303850972,0,Very Low
C00348,Healthcare,3,annual,5,4,2,0.5,5,0.071,3,0,,0.573,0,0,1.6666666666666667,1.0,0.12209257683714521,0,Very Low
C00349,,356,multi_year,6,15,12,0.8,3,-0.625,0,0,5.0,0.476,1,0,0.23076923076923078,0.0,0.03274839072479906,0,Very Low
C00350,Tech,26,annual,4,7,3,0.429,3,0.125,1,0,4.0,0.65,0,0,0.75,0.25,0.08863572912742576,0,Very Low
C00351,Tech,212,monthly,15,11,10,0.909,7,-0.045,0,0,8.0,0.796,1,0,0.6363636363636364,0.0,0.001508832668417736,0,Very Low
C00352,Finance,59,annual,4,12,10,0.833,12,0.091,0,0,6.0,0.659,0,0,1.0909090909090908,0.0,0.00901794569120155,0,Very Low
C00353,Healthcare,44,multi_year,22,7,6,0.857,12,0.714,0,0,5.0,0.788,0,0,1.7142857142857142,0.0,0.0009048930951745813,0,Very Low
C00354,Healthcare,10,monthly,5,5,5,1.0,4,0.091,3,0,7.0,0.889,0,0,0.6666666666666666,0.5,0.0030186805412596367,0,Very Low
C00355,Tech,31,multi_year,18,8,7,0.875,10,0.304,1,0,4.0,0.649,1,0,1.25,0.125,0.003394272683789437,0,Very Low
C00356,Other,39,annual,19,7,6,0.857,11,0.571,1,0,,0.402,0,0,1.5714285714285714,0.14285714285714285,0.011331784276341223,0,Very Low
C00357,Tech,13,annual,44,8,3,0.375,3,0.125,0,0,4.0,0.255,0,0,0.75,0.0,0.2326573920827162,0,Low
C00358,Other,70,annual,5,12,9,0.75,8,-0.226,2,0,,0.586,0,0,0.8,0.2,0.0410954355902393,0,Very Low
C00359,Retail,121,multi_year,10,15,11,0.733,2,-0.727,3,1,,0.573,1,0,0.16666666666666666,0.25,0.13178994830804747,0,Very Low
C00360,Retail,54,annual,26,14,8,0.571,9,0.5,0,1,,0.608,0,0,1.0,0.0,0.05364270821889682,0,Very Low
C00361,Other,41,annual,22,13,11,0.846,8,-0.04,0,0,6.0,0.505,0,0,0.6666666666666666,0.0,0.015566758209177996,0,Very Low
C00362,Other,5,annual,2,4,3,0.75,2,-0.538,0,0,,0.825,0,0,0.5,0.0,0.03159183759753239,0,Very Low
C00363,,625,multi_year,21,16,14,0.875,17,0.041,1,0,6.0,0.546,1,0,1.1333333333333333,0.06666666666666667,0.0035648338540124887,0,Very Low
C00364,Other,74,annual,3,11,7,0.636,4,-0.455,2,0,4.0,0.561,0,0,0.5,0.25,0.14765625320666045,0,Very Low
C00365,Tech,10,monthly,17,4,1,0.25,1,0.0,2,0,,0.55,0,0,0.5,1.0,0.33577148400281803,0,Low
C00366,Manufacturing,10,monthly,6,5,4,0.8,8,0.6,2,0,8.0,0.525,0,0,1.6,0.4,0.01469276156744748,0,Very Low
C00367,Finance,16,multi_year,13,6,3,0.5,3,-0.182,1,1,,0.275,1,0,0.75,0.25,0.32395202373079357,0,Low
C00368,,12,annual,4,6,3,0.5,8,0.6,2,0,4.0,0.282,0,1,2.0,0.5,0.2880659188557009,0,Low
C00369,Finance,34,monthly,19,5,3,0.6,4,-0.077,4,0,,0.381,0,0,1.0,1.0,0.24198620268389084,0,Low
C00370,Tech,13,multi_year,30,4,1,0.25,1,0.0,2,0,5.0,0.285,1,0,0.5,1.0,0.17377481525978103,0,Very Low
C00371,Manufacturing,38,multi_year,7,11,8,0.727,7,0.0,3,0,7.0,0.621,0,0,0.7777777777777778,0.3333333333333333,0.013750466277076684,0,Very Low
C00372,Finance,20,monthly,2,7,3,0.429,6,0.2,1,1,,0.546,0,0,1.5,0.25,0.5162882157036254,1,Medium
C00373,,25,multi_year,25,10,7,0.7,6,0.385,2,0,4.0,0.715,0,0,0.75,0.25,0.012972925855146623,0,Very Low
C00374,Tech,9,annual,32,4,2,0.5,4,0.5,1,0,5.0,0.555,0,0,1.3333333333333333,0.3333333333333333,0.03552776819892292,0,Very Low
C00375,Retail,40,monthly,10,11,5,0.455,5,-0.167,1,0,,0.533,0,0,0.8333333333333334,0.16666666666666666,0.22272092263368293,0,Low
C00376,Healthcare,44,multi_year,5,10,9,0.9,13,0.56,2,0,7.0,0.914,0,0,1.3,0.2,0.00048547384720226206,0,Very Low
C00377,Tech,14,multi_year,35,6,3,0.5,2,-0.333,2,0,6.0,0.73,0,1,0.5,0.5,0.03505161033141865,0,Very Low
C00378,Retail,6,multi_year,9,3,1,0.333,3,0.8,2,1,4.0,0.575,0,0,1.5,1.0,0.24829112251252836,0,Low
C00379,Healthcare,35,annual,11,12,9,0.75,11,0.269,3,0,,0.622,0,0,1.1,0.3,0.011342743159578865,0,Very Low
C00380,Tech,5,annual,1,3,1,0.333,2,0.2,2,0,3.0,0.283,0,1,1.0,1.0,0.5714866261953641,1,Medium
C00381,Manufacturing,14,annual,14,5,4,0.8,0,-1.0,2,0,5.0,0.76,0,0,0.0,0.4,0.06834227507419616,0,Very Low
C00382,Healthcare,53,multi_year,50,7,3,0.429,2,-0.25,2,0,,0.629,0,0,0.5,0.5,0.027715736539216163,0,Very Low
C00383,Retail,122,annual,1,14,6,0.429,7,-0.192,3,0,6.0,0.637,1,0,1.0,0.42857142857142855,0.057272681185911896,0,Very Low
C00384,Healthcare,24,multi_year,7,10,9,0.9,11,-0.083,3,0,6.0,0.756,0,0,1.1,0.3,0.005012380328525149,0,Very Low
C00385,Tech,46,annual,21,11,8,0.727,7,-0.045,0,0,,0.648,0,0,0.7777777777777778,0.0,0.016365168006441614,0,Very Low
C00386,Other,126,annual,23,12,8,0.667,8,0.263,4,1,,0.764,1,0,0.8888888888888888,0.4444444444444444,0.020654034999557206,0,Very Low
C00387,Tech,10,monthly,3,7,4,0.571,3,-0.438,3,0,6.0,0.323,0,0,0.6,0.6,0.4933413600991497,1,Medium
C00388,Healthcare,20,monthly,1,9,6,0.667,6,0.286,3,0,8.0,0.708,0,0,0.8571428571428571,0.42857142857142855,0.012460523487129777,0,Very Low
C00389,Other,43,multi_year,5,9,7,0.778,8,0.2,1,0,,0.406,0,0,1.0,0.125,0.022734126487889056,0,Very Low
C00390,Tech,130,monthly,4,10,7,0.7,9,0.0,4,0,4.0,0.752,1,0,1.125,0.5,0.031438454347482964,0,Very Low
C00391,Finance,9,multi_year,4,7,4,0.571,2,-0.647,2,0,,0.533,0,0,0.4,0.4,0.17057639852953063,0,Very Low
C00392,Other,9,annual,35,8,7,0.875,2,-0.625,0,0,,0.628,0,0,0.25,0.0,0.02668822925624192,0,Very Low
C00393,Other,88,annual,28,14,5,0.357,3,-0.591,4,0,6.0,0.696,0,0,0.5,0.6666666666666666,0.17997616922803433,0,Very Low
C00394,Retail,113,annual,12,14,13,0.929,13,-0.025,2,0,,0.382,1,0,0.9285714285714286,0.14285714285714285,0.01108755415644954,0,Very Low
C00395,Finance,16,annual,40,6,4,0.667,2,-0.333,2,0,,0.638,0,0,0.4,0.4,0.03373805842359181,0,Very Low
C00396,Other,34,monthly,17,11,5,0.455,5,-0.062,1,0,5.0,0.436,0,1,0.8333333333333334,0.16666666666666666,0.2808342090608987,0,Low
C00397,Finance,87,annual,14,11,4,0.364,2,-0.455,2,0,,0.226,0,0,0.4,0.4,0.47779383564694483,1,Medium
C00398,Other,25,annual,29,10,6,0.6,7,-0.045,7,0,4.0,0.428,0,1,1.0,1.0,0.2152300624449132,0,Low
C00399,Finance,4,annual,28,4,3,0.75,2,-0.25,0,0,5.0,0.479,0,0,0.5,0.0,0.05098478750264128,0,Very Low
C00400,Tech,39,annual,22,6,1,0.167,2,0.2,4,0,4.0,0.259,0,1,1.0,2.0,0.6356403630691547,1,High
C00401,Retail,85,annual,14,15,14,0.933,9,-0.036,4,0,,0.588,0,0,0.6,0.26666666666666666,0.012930993406543937,0,Very Low
C00402,Other,8,annual,28,4,1,0.25,3,0.125,0,0,,0.378,0,1,1.5,0.0,0.2703082659584808,0,Low
C00403,Healthcare,123,multi_year,12,16,6,0.375,3,-0.591,1,1,,0.333,1,0,0.42857142857142855,0.14285714285714285,0.4288555300327582,1,Medium
C00404,Healthcare,22,monthly,7,5,3,0.6,2,-0.143,2,0,8.0,0.637,0,0,0.5,0.5,0.03202637837131988,0,Very Low
C00405,Retail,5,multi_year,4,3,3,1.0,4,-0.077,4,0,7.0,0.918,0,0,1.0,1.0,0.0031659957210544687,0,Very Low
C00406,Tech,38,annual,2,6,4,0.667,8,0.091,1,0,,0.439,0,0,1.6,0.2,0.06974486275054304,0,Very Low
C00407,Finance,6,monthly,34,5,3,0.6,5,0.5,1,0,,0.704,0,0,1.25,0.25,0.0224799059000649,0,Very Low
C00408,Retail,131,annual,5,14,7,0.5,10,0.25,1,1,,0.716,1,0,1.25,0.125,0.052715526924611206,0,Very Low
C00409,,51,monthly,32,13,5,0.385,4,-0.143,2,0,4.0,0.67,0,0,0.6666666666666666,0.3333333333333333,0.2825700126810473,0,Low
C00410,Tech,203,monthly,17,17,13,0.765,17,0.275,0,0,,0.434,1,0,1.2142857142857142,0.0,0.01564176817241416,0,Very Low
C00411,Other,5,annual,70,5,2,0.4,2,0.2,2,0,4.0,0.444,0,1,0.6666666666666666,0.6666666666666666,0.10425193626345532,0,Very Low
C00412,Tech,35,annual,12,6,3,0.5,5,0.154,2,0,,0.469,0,1,1.25,0.5,0.09353880043961857,0,Very Low
C00413,Manufacturing,142,monthly,32,10,7,0.7,8,0.333,1,3,7.0,0.552,1,1,1.0,0.125,0.35412392386223984,0,Low
C00414,Healthcare,109,annual,20,14,10,0.714,8,-0.226,1,1,5.0,0.655,1,0,0.7272727272727273,0.09090909090909091,0.038152436522622624,0,Very Low
C00415,Manufacturing,60,annual,6,9,7,0.778,5,-0.25,1,0,5.0,0.552,0,0,0.625,0.125,0.04021679467682869,0,Very Low
C00416,Healthcare,45,monthly,5,12,10,0.833,11,0.179,4,0,6.0,0.857,0,0,1.0,0.36363636363636365,0.007627709034803625,0,Very Low
C00417,Tech,61,monthly,24,11,7,0.636,3,-0.591,2,0,5.0,0.395,0,1,0.375,0.25,0.31038314673487705,0,Low
C00418,Other,90,monthly,27,11,2,0.182,4,0.091,0,0,2.0,0.366,0,0,1.3333333333333333,0.0,0.6990992036446726,1,High
C00419,Finance,207,multi_year,24,8,7,0.875,7,0.235,0,0,,0.767,1,0,0.875,0.0,0.000713552326012023,0,Very Low
C00420,Tech,5,monthly,2,4,1,0.25,0,-1.0,0,1,4.0,0.264,0,1,0.0,0.0,0.982734654019508,1,Very High
C00421,Finance,10,annual,1,5,4,0.8,7,0.235,4,0,7.0,0.586,0,0,1.4,0.8,0.02034123975938497,0,Very Low
C00422,Tech,16,multi_year,25,9,8,0.889,5,-0.4,2,0,3.0,0.496,0,0,0.5555555555555556,0.2222222222222222,0.058662378275103406,0,Very Low
C00423,Retail,38,annual,48,6,3,0.5,1,-0.571,3,0,6.0,0.481,0,0,0.25,0.75,0.1259303021905287,0,Very Low
C00424,Finance,46,annual,24,8,3,0.375,2,0.2,3,0,,0.378,0,1,0.5,0.75,0.12756054423254928,0,Very Low
C00425,,21,annual,3,10,3,0.3,5,0.875,3,0,4.0,0.566,0,0,1.25,0.75,0.12897051736388873,0,Very Low
C00426,Tech,28,annual,49,11,7,0.636,7,0.0,0,0,5.0,0.548,0,0,0.875,0.0,0.027795040179435206,0,Very Low
C00427,Tech,69,monthly,22,15,8,0.533,5,-0.348,1,0,4.0,0.327,0,0,0.5555555555555556,0.1111111111111111,0.4434709213026556,1,Medium
C00428,Healthcare,109,monthly,7,9,6,0.667,10,0.5,1,0,7.0,0.559,1,0,1.4285714285714286,0.14285714285714285,0.005808849662176017,0,Very Low
C00429,Healthcare,13,annual,18,8,3,0.375,3,0.0,1,0,5.0,0.445,1,0,0.75,0.25,0.06856786590872328,0,Very Low
C00430,Manufacturing,23,multi_year,1,8,5,0.625,4,-0.143,1,0,7.0,0.632,0,0,0.6666666666666666,0.16666666666666666,0.023031260340644358,0,Very Low
C00431,Healthcare,32,monthly,5,8,5,0.625,5,0.154,2,0,5.0,0.595,0,0,0.8333333333333334,0.3333333333333333,0.05288480441399619,0,Very Low
C00432,Manufacturing,430,multi_year,7,15,11,0.733,8,-0.273,3,0,,0.41,1,0,0.6666666666666666,0.25,0.023658467284435603,0,Very Low
C00433,Retail,15,annual,1,7,4,0.571,3,-0.308,1,0,4.0,0.63,0,0,0.6,0.2,0.12761299269928422,0,Very Low
C00434,Tech,42,annual,14,8,1,0.125,3,0.5,0,0,,0.274,0,1,1.5,0.0,0.3017065810523095,0,Low
C00435,Retail,32,monthly,2,7,5,0.714,5,0.154,1,0,5.0,0.668,0,0,0.8333333333333334,0.16666666666666666,0.03746938474256535,0,Very Low
C00436,Tech,19,multi_year,13,9,6,0.667,11,0.179,1,2,4.0,0.762,1,0,1.5714285714285714,0.14285714285714285,0.1580949563413099,0,Very Low
C00437,Retail,82,multi_year,1,13,10,0.769,13,0.3,1,1,,0.85,0,0,1.1818181818181819,0.09090909090909091,0.01554424210360627,0,Very Low
C00438,Finance,28,annual,66,8,5,0.625,3,-0.308,0,0,,0.76,0,0,0.5,0.0,0.012172347922174701,0,Very Low
C00439,Manufacturing,18,annual,7,6,3,0.5,1,-0.625,4,0,,0.588,0,0,0.25,1.0,0.24334749821034948,0,Low
C00440,Tech,32,monthly,38,8,7,0.875,5,-0.25,1,0,6.0,0.652,0,0,0.625,0.125,0.01912638535378007,0,Very Low
C00441,Finance,40,annual,2,10,6,0.6,2,-0.5,2,0,3.0,0.648,0,0,0.2857142857142857,0.2857142857142857,0.17269240944142455,0,Very Low
C00442,Manufacturing,15,monthly,5,7,4,0.571,7,0.312,3,0,6.0,0.369,0,0,1.4,0.6,0.18902592956182795,0,Very Low
C00443,Finance,14,annual,6,6,3,0.5,4,0.2,2,0,6.0,0.559,0,0,1.0,0.5,0.06150581255594118,0,Very Low
C00444,Other,98,annual,5,7,4,0.571,7,0.0,2,0,,0.704,0,0,1.4,0.4,0.039901772070999465,0,Very Low
C00445,Healthcare,16,monthly,20,9,7,0.778,8,0.143,1,0,,0.803,0,0,1.0,0.125,0.00986799816899141,0,Very Low
C00446,Healthcare,79,monthly,21,12,7,0.583,10,0.25,2,0,7.0,0.568,0,0,1.25,0.25,0.026239050470621555,0,Very Low
C00447,Healthcare,25,monthly,20,11,7,0.636,6,0.059,0,0,6.0,0.525,0,0,0.75,0.0,0.0399219304131356,0,Very Low
C00448,Tech,12,annual,4,5,3,0.6,3,0.125,2,0,6.0,0.716,0,0,0.75,0.5,0.02566521880488158,0,Very Low
C00449,Tech,9,monthly,34,5,5,1.0,6,0.2,0,0,8.0,0.556,0,0,1.0,0.0,0.004983392433398782,0,Very Low
C00450,Healthcare,5,monthly,19,6,3,0.5,2,0.0,2,0,4.0,0.498,1,0,0.5,0.5,0.10245897018030835,0,Very Low
C00451,Retail,59,monthly,3,9,6,0.667,5,-0.062,3,0,6.0,0.33,1,0,0.7142857142857143,0.42857142857142855,0.09216176595280921,0,Very Low
C00452,Tech,57,annual,2,12,11,0.917,11,0.179,0,0,,0.771,0,0,0.9166666666666666,0.0,0.004067508553384293,0,Very Low
C00453,Retail,18,annual,2,6,5,0.833,9,0.588,4,0,2.0,0.596,0,0,1.5,0.6666666666666666,0.03413893869443984,0,Very Low
C00454,Finance,9,annual,4,5,4,0.8,3,0.286,2,0,,0.836,0,0,0.6,0.4,0.005730172018337156,0,Very Low
C00455,Healthcare,16,annual,25,5,3,0.6,2,0.5,4,0,,0.636,0,0,0.5,1.0,0.010426938712391587,0,Very Low
C00456,Retail,32,annual,6,8,4,0.5,4,0.2,8,1,,0.51,0,1,0.8,1.6,0.4275278522916971,1,Medium
C00457,Manufacturing,105,monthly,32,9,6,0.667,4,-0.294,4,0,,0.667,1,0,0.5714285714285714,0.5714285714285714,0.030641639795829772,0,Very Low
C00458,Tech,14,monthly,33,5,3,0.6,4,0.091,1,0,4.0,0.603,0,0,1.0,0.25,0.08877147312847306,0,Very Low
C00459,Other,5,monthly,16,6,4,0.667,2,-0.333,3,0,6.0,0.784,0,0,0.4,0.6,0.07146665857277891,0,Very Low
C00460,Finance,34,annual,12,9,6,0.667,7,0.235,0,0,5.0,0.605,0,0,1.0,0.0,0.020504116427368532,0,Very Low
C00461,Retail,18,annual,6,8,6,0.75,11,0.65,3,0,7.0,0.45,0,0,1.5714285714285714,0.42857142857142855,0.014037971740515987,0,Very Low
C00462,Finance,11,monthly,8,4,2,0.5,3,0.125,4,0,3.0,0.517,1,0,1.0,1.3333333333333333,0.23363689190985515,0,Low
C00463,Other,4,monthly,75,4,3,0.75,4,0.333,3,0,,0.582,0,0,1.0,0.75,0.01954222499323138,0,Very Low
C00464,Finance,49,annual,2,9,6,0.667,4,-0.25,1,0,5.0,0.66,0,0,0.5714285714285714,0.14285714285714285,0.04410546034224719,0,Very Low
C00465,,120,annual,81,12,5,0.417,5,-0.118,5,0,,0.537,1,0,0.8333333333333334,0.8333333333333334,0.04552781249940338,0,Very Low
C00466,Finance,9,monthly,5,6,4,0.667,4,-0.143,4,0,5.0,0.732,0,0,0.8,0.8,0.10771201391451096,0,Very Low
C00467,Other,5,annual,10,3,2,0.667,3,-0.1,3,0,,0.327,0,1,1.0,1.0,0.19385310786989265,0,Very Low
C00468,Other,15,annual,68,9,7,0.778,4,-0.5,0,0,5.0,0.573,0,0,0.5,0.0,0.02743722743028141,0,Very Low
C00469,Retail,19,multi_year,3,5,4,0.8,4,0.091,2,0,,0.743,0,0,0.8,0.4,0.008243508186842082,0,Very Low
C00470,Tech,45,annual,1,7,4,0.571,4,0.2,1,0,8.0,0.463,0,0,0.8,0.2,0.02617016946632382,0,Very Low
C00471,Retail,29,monthly,33,6,3,0.5,2,-0.333,3,0,,0.463,0,0,0.5,0.75,0.2518265872347528,0,Low
C00472,Retail,4,monthly,3,5,4,0.8,4,0.2,1,0,,0.741,0,0,0.8,0.2,0.0218956036468709,0,Very Low
C00473,Tech,34,monthly,9,11,2,0.182,4,0.5,6,0,4.0,0.658,0,1,1.3333333333333333,2.0,0.4489596612707178,1,Medium
C00474,Healthcare,35,annual,7,6,3,0.5,3,-0.1,0,0,6.0,0.579,0,0,0.75,0.0,0.038508894809188794,0,Very Low
C00475,Other,14,annual,2,9,5,0.556,12,0.8,1,0,5.0,0.614,0,0,2.0,0.16666666666666666,0.026018813779818246,0,Very Low
C00476,Tech,35,annual,2,7,4,0.571,5,0.364,4,0,4.0,0.713,0,0,1.0,0.8,0.041433395417201244,0,Very Low
C00477,Retail,6,monthly,37,5,4,0.8,2,-0.333,1,0,4.0,0.621,0,0,0.4,0.2,0.07044994121416183,0,Very Low
C00478,Manufacturing,17,multi_year,14,5,1,0.2,0,-1.0,2,0,,0.495,0,1,0.0,1.0,0.5959131716120424,1,Medium
C00479,Tech,6,annual,65,5,3,0.6,6,0.2,1,0,5.0,0.523,0,0,1.5,0.25,0.03393583125044303,0,Very Low
C00480,Retail,25,annual,2,11,7,0.636,8,0.091,4,0,6.0,0.585,0,0,1.0,0.5,0.05012942703264906,0,Very Low
C00481,Healthcare,57,annual,4,14,2,0.143,5,0.154,2,0,,0.242,1,0,1.6666666666666667,0.6666666666666666,0.3614024106860414,0,Low
C00482,Manufacturing,3,monthly,3,3,1,0.333,2,0.2,6,0,3.0,0.273,0,1,1.0,3.0,0.8769799740912336,1,Very High
C00483,Other,26,monthly,11,7,3,0.429,3,-0.1,1,0,6.0,0.621,0,0,0.75,0.25,0.14737890029208836,0,Very Low
C00484,Tech,55,monthly,26,6,2,0.333,3,-0.1,2,0,4.0,0.474,0,1,1.0,0.6666666666666666,0.4238440447129238,1,Medium
C00485,Other,33,annual,12,10,8,0.8,4,-0.4,1,0,,0.69,0,0,0.4444444444444444,0.1111111111111111,0.02558442727385777,0,Very Low
C00486,,140,annual,9,10,10,1.0,5,-0.25,0,0,2.0,0.791,1,0,0.45454545454545453,0.0,0.007878672215273039,0,Very Low
C00487,Tech,24,monthly,1,9,6,0.667,3,-0.1,2,1,4.0,0.437,0,0,0.42857142857142855,0.2857142857142857,0.5633817980044188,1,Medium
C00488,Tech,255,monthly,11,12,11,0.917,14,0.4,2,0,7.0,0.822,1,0,1.1666666666666667,0.16666666666666666,0.0011050944187180236,0,Very Low
C00489,Healthcare,28,annual,18,6,6,1.0,7,0.05,3,0,7.0,0.62,0,0,1.0,0.42857142857142855,0.0034690778978262136,0,Very Low
C00490,Manufacturing,7,annual,29,3,0,0.0,1,-0.4,6,0,,0.204,0,1,1.0,6.0,0.9718840265122378,1,Very High
C00491,Tech,22,monthly,11,6,3,0.5,3,0.286,1,0,4.0,0.474,0,0,0.75,0.25,0.1599684950868346,0,Very Low
C00492,Tech,13,annual,9,9,6,0.667,9,0.174,1,0,8.0,0.595,0,0,1.2857142857142858,0.14285714285714285,0.01607844412864117,0,Very Low
C00493,Manufacturing,94,multi_year,18,11,5,0.455,6,0.125,1,1,6.0,0.357,0,0,1.0,0.16666666666666666,0.25932599420587166,0,Low
C00494,Manufacturing,148,monthly,4,11,5,0.455,7,0.167,0,0,,0.684,1,0,1.1666666666666667,0.0,0.032316244866415635,0,Very Low
C00495,Tech,162,annual,2,11,7,0.636,3,-0.357,3,0,,0.299,1,0,0.375,0.375,0.09361045758585547,0,Very Low
C00496,Tech,61,monthly,1,11,3,0.273,4,0.5,0,0,6.0,0.449,0,0,1.0,0.0,0.16670429009126575,0,Very Low
C00497,Finance,23,annual,4,9,5,0.556,7,0.4,3,0,6.0,0.393,1,0,1.1666666666666667,0.5,0.03496535565781221,0,Very Low
C00498,Manufacturing,15,annual,34,4,1,0.25,2,0.5,0,0,4.0,0.315,0,0,1.0,0.0,0.17699110952748842,0,Very Low
C00499,Tech,8,annual,4,5,1,0.2,2,0.2,6,0,,0.383,0,1,1.0,3.0,0.6165356882688358,1,High
C00500,Healthcare,56,multi_year,12,10,7,0.7,10,0.429,3,0,8.0,0.557,0,0,1.25,0.375,0.0041163698974726924,0,Very Low
C00501,Tech,7,multi_year,2,3,1,0.333,0,-1.0,3,0,2.0,0.376,0,1,0.0,1.5,0.8708966434773077,1,Very High
C00502,Finance,21,multi_year,8,6,3,0.5,4,0.2,2,0,5.0,0.63,0,0,1.0,0.5,0.04122822079240097,0,Very Low
C00503,Tech,35,monthly,12,9,2,0.222,0,-1.0,1,0,3.0,0.453,0,1,0.0,0.3333333333333333,0.8869092655929216,1,Very High
C00504,,44,annual,4,9,5,0.556,3,-0.182,6,0,5.0,0.717,0,1,0.5,1.0,0.12411528909837019,0,Very Low
C00505,Healthcare,6,monthly,19,5,1,0.2,1,0.0,2,0,4.0,0.378,0,1,0.5,1.0,0.5803902341415366,1,Medium
C00506,Other,7,annual,2,6,2,0.333,3,0.125,2,0,,0.703,0,1,1.0,0.6666666666666666,0.11834702482646407,0,Very Low
C00507,Tech,8,monthly,2,7,4,0.571,3,-0.526,2,0,5.0,0.673,0,0,0.6,0.4,0.2738534110971836,0,Low
C00508,Tech,67,annual,4,10,4,0.4,8,0.6,2,0,,0.663,0,0,1.6,0.4,0.03630673220519111,0,Very Low
C00509,Tech,8,multi_year,1,3,3,1.0,4,0.714,1,0,9.0,0.721,0,0,1.0,0.25,0.00047554828622909447,0,Very Low
C00510,Manufacturing,10,monthly,14,6,5,0.833,4,-0.077,0,0,,0.756,0,0,0.6666666666666666,0.0,0.01942233184772517,0,Very Low
C00511,Tech,52,monthly,7,7,3,0.429,4,-0.25,2,0,6.0,0.223,0,1,1.0,0.5,0.5603610214323398,1,Medium
C00512,,74,monthly,32,14,9,0.643,8,0.0,0,0,,0.376,0,0,0.8,0.0,0.13054055608273193,0,Very Low
C00513,Retail,204,annual,3,17,12,0.706,11,-0.029,0,0,,0.534,1,0,0.8461538461538461,0.0,0.01380397160048844,0,Very Low
C00514,Manufacturing,27,annual,45,7,2,0.286,4,0.333,4,0,,0.472,0,0,1.3333333333333333,1.3333333333333333,0.14762403158642523,0,Very Low
C00515,Retail,75,monthly,12,12,7,0.583,2,-0.714,3,0,6.0,0.767,0,1,0.25,0.375,0.13466161237683086,0,Very Low
C00516,Healthcare,4,monthly,56,4,3,0.75,1,-0.625,2,0,5.0,0.797,0,0,0.25,0.5,0.03455945650868648,0,Very Low
C00517,Healthcare,55,annual,9,10,3,0.3,2,0.2,3,0,4.0,0.464,0,0,0.5,0.75,0.16643212892759313,0,Very Low
C00518,Healthcare,71,monthly,3,7,6,0.857,4,-0.333,1,0,,0.588,0,0,0.5714285714285714,0.14285714285714285,0.0324505380953215,0,Very Low
C00519,Healthcare,80,multi_year,15,10,9,0.9,8,-0.143,0,0,8.0,0.669,0,0,0.8,0.0,0.0019243109784747219,0,Very Low
C00520,Manufacturing,17,annual,2,10,6,0.6,6,-0.143,0,0,6.0,0.806,1,0,0.8571428571428571,0.0,0.012310913516272663,0,Very Low
C00521,Tech,131,monthly,6,10,7,0.7,2,-0.667,4,0,4.0,0.669,1,1,0.25,0.5,0.10583322678013828,0,Very Low
C00522,Healthcare,164,multi_year,5,12,6,0.5,5,0.0,2,0,4.0,0.665,1,0,0.7142857142857143,0.2857142857142857,0.01582443897795029,0,Very Low
C00523,Tech,30,monthly,15,5,2,0.4,4,0.0,0,0,3.0,0.633,0,0,1.3333333333333333,0.0,0.2681534159903946,0,Low
C00524,Other,31,annual,3,11,7,0.636,7,0.4,0,0,7.0,0.489,0,0,0.875,0.0,0.01763768521270615,0,Very Low
C00525,Retail,21,annual,4,9,6,0.667,5,-0.062,1,0,6.0,0.509,0,0,0.7142857142857143,0.14285714285714285,0.04850671861503401,0,Very Low
C00526,Other,22,monthly,6,11,10,0.909,2,-0.769,1,0,7.0,0.598,0,0,0.18181818181818182,0.09090909090909091,0.0683866399575596,0,Very Low
C00527,Finance,30,annual,15,12,4,0.333,4,0.0,0,0,6.0,0.669,0,0,0.8,0.0,0.07029530046992534,0,Very Low
C00528,Tech,8,multi_year,9,3,2,0.667,4,-0.077,4,0,,0.788,0,0,1.3333333333333333,1.3333333333333333,0.03413889105454349,0,Very Low
C00529,Other,7,annual,27,4,3,0.75,1,-0.4,1,1,,0.842,0,0,0.25,0.25,0.06430265278697528,0,Very Low
C00530,Retail,22,multi_year,21,10,9,0.9,9,0.0,0,1,7.0,0.456,1,0,0.9,0.0,0.016681407677994396,0,Very Low
C00531,Finance,17,multi_year,29,5,3,0.6,3,0.5,3,0,6.0,0.442,0,0,0.75,0.75,0.017870101960298746,0,Very Low
C00532,Manufacturing,81,annual,21,15,8,0.533,6,0.059,5,0,,0.656,0,0,0.6666666666666666,0.5555555555555556,0.04722493513863747,0,Very Low
C00533,,23,annual,14,10,7,0.7,7,0.235,2,0,,0.301,0,0,0.875,0.25,0.08856574284444234,0,Very Low
C00534,Tech,10,annual,1,5,4,0.8,8,0.333,0,0,8.0,0.572,0,0,1.6,0.0,0.00851141048117757,0,Very Low
C00535,Retail,4,monthly,34,6,3,0.5,3,0.125,3,0,,0.45,0,0,0.75,0.75,0.18629725593266086,0,Very Low
C00536,Retail,20,monthly,23,8,4,0.5,3,0.0,0,1,5.0,0.587,0,0,0.6,0.0,0.333727883582372,0,Low
C00537,Retail,9,monthly,1,4,2,0.5,2,0.5,3,0,6.0,0.755,0,0,0.6666666666666666,1.0,0.03901753398822885,0,Very Low
C00538,Retail,4,monthly,18,4,3,0.75,3,-0.1,2,0,4.0,0.843,0,0,0.75,0.5,0.04595227399467721,0,Very Low
C00539,Retail,221,annual,31,16,10,0.625,14,0.273,3,1,6.0,0.76,1,0,1.2727272727272727,0.2727272727272727,0.01706046601646455,0,Very Low
C00540,Other,4,annual,2,4,4,1.0,3,-0.357,2,0,,0.637,0,0,0.6,0.4,0.02423155975964248,0,Very Low
C00541,Healthcare,171,monthly,12,10,4,0.4,3,-0.1,4,0,6.0,0.458,1,0,0.6,0.8,0.09994874161746777,0,Very Low
C00542,Healthcare,778,monthly,10,20,13,0.65,14,0.355,2,0,,0.438,1,0,1.0,0.14285714285714285,0.014971293204571981,0,Very Low
C00543,Tech,33,monthly,5,11,8,0.727,5,-0.318,2,0,,0.495,0,0,0.5555555555555556,0.2222222222222222,0.14368362365416254,0,Very Low
C00544,Tech,19,annual,6,9,6,0.667,3,-0.1,0,1,,0.419,0,0,0.42857142857142855,0.0,0.2440888978165111,0,Low
C00545,Tech,61,annual,9,10,4,0.4,5,0.364,4,0,5.0,0.219,0,1,1.0,0.8,0.27245265768348836,0,Low
C00546,Other,12,monthly,6,9,5,0.556,5,-0.118,3,0,,0.53,1,1,0.8333333333333334,0.5,0.12485396800814991,0,Very Low
C00547,Other,37,annual,21,11,6,0.545,4,-0.143,3,0,4.0,0.769,0,0,0.5714285714285714,0.42857142857142855,0.05841373315444408,0,Very Low
C00548,Tech,68,monthly,55,14,11,0.786,18,0.421,2,0,6.0,0.382,1,0,1.5,0.16666666666666666,0.010208712097152042,0,Very Low
C00549,Retail,8,multi_year,50,7,2,0.286,2,0.0,3,0,7.0,0.499,0,0,0.6666666666666666,1.0,0.0865869958439107,0,Very Low
C00550,Finance,156,monthly,4,9,6,0.667,7,-0.045,3,0,,0.561,1,0,1.0,0.42857142857142855,0.04015371979911984,0,Very Low
C00551,Healthcare,33,multi_year,7,6,5,0.833,7,-0.045,2,0,7.0,0.633,0,0,1.1666666666666667,0.3333333333333333,0.006161029309094667,0,Very Low
C00552,Tech,41,annual,5,13,12,0.923,5,-0.444,0,0,,0.543,0,0,0.38461538461538464,0.0,0.029402181080298795,0,Very Low
C00553,Tech,124,multi_year,4,8,5,0.625,5,0.154,1,0,4.0,0.496,1,0,0.8333333333333334,0.16666666666666666,0.018348432615570988,0,Very Low
C00554,Manufacturing,7,monthly,31,4,3,0.75,2,-0.143,1,0,,0.835,0,0,0.5,0.25,0.019270150636990804,0,Very Low
C00555,Tech,8,annual,1,5,4,0.8,2,-0.5,2,1,,0.586,0,0,0.4,0.4,0.2472072151331295,0,Low
C00556,Retail,42,annual,4,6,5,0.833,2,-0.647,2,0,10.0,0.502,0,0,0.3333333333333333,0.3333333333333333,0.019562821301389314,0,Very Low
C00557,Manufacturing,45,monthly,1,7,3,0.429,2,-0.333,3,0,,0.429,0,1,0.5,0.75,0.4479951467114618,1,Medium
C00558,Finance,24,annual,6,10,5,0.5,5,-0.211,1,0,4.0,0.42,0,0,0.8333333333333334,0.16666666666666666,0.2662008478684898,0,Low
C00559,Retail,27,annual,1,8,6,0.75,5,-0.062,2,1,5.0,0.442,0,0,0.7142857142857143,0.2857142857142857,0.23908756821638752,0,Low
C00560,Manufacturing,23,multi_year,18,9,2,0.222,2,0.5,2,0,6.0,0.251,0,0,0.6666666666666666,0.6666666666666666,0.16423868722807103,0,Very Low
C00561,Other,11,multi_year,33,7,4,0.571,3,-0.182,5,0,,0.334,0,1,0.6,1.0,0.1590770745339007,0,Very Low
C00562,Healthcare,8,monthly,11,4,3,0.75,1,-0.25,2,0,7.0,0.7,0,0,0.25,0.5,0.023128585951207894,0,Very Low
C00563,Other,14,annual,2,8,6,0.75,1,-0.842,1,1,5.0,0.883,0,0,0.14285714285714285,0.14285714285714285,0.18593487559941566,0,Very Low
C00564,Healthcare,34,monthly,30,12,7,0.583,15,0.5,1,0,6.0,0.395,0,0,1.875,0.125,0.047706588515394624,0,Very Low
C00565,Retail,48,monthly,5,12,7,0.583,5,-0.118,3,0,,0.634,0,1,0.625,0.375,0.1133736396940685,0,Very Low
C00566,Other,8,annual,23,4,3,0.75,3,0.125,1,0,,0.411,0,0,0.75,0.25,0.035869785949474785,0,Very Low
C00567,Manufacturing,189,multi_year,12,10,6,0.6,5,-0.167,1,0,6.0,0.613,1,0,0.7142857142857143,0.14285714285714285,0.010791694374779262,0,Very Low
C00568,Tech,361,annual,8,10,5,0.5,4,-0.25,4,0,8.0,0.388,1,0,0.6666666666666666,0.6666666666666666,0.04588068444655813,0,Very Low
C00569,Healthcare,37,monthly,49,11,3,0.273,4,-0.429,5,0,3.0,0.603,0,1,1.0,1.25,0.5673336886234466,1,Medium
C00570,Retail,13,annual,47,4,1,0.25,1,-0.4,7,0,1.0,0.643,0,1,0.5,3.5,0.7294139400165408,1,High
C00571,Healthcare,25,annual,31,6,2,0.333,4,0.714,2,0,6.0,0.198,0,0,1.3333333333333333,0.6666666666666666,0.08624910819708938,0,Very Low
C00572,Manufacturing,69,multi_year,15,10,8,0.8,7,-0.045,2,0,5.0,0.835,0,0,0.7777777777777778,0.2222222222222222,0.006163732284084882,0,Very Low
C00573,Retail,27,annual,20,6,4,0.667,4,-0.2,1,0,,0.812,0,0,0.8,0.2,0.01721026884159803,0,Very Low
C00574,,221,monthly,35,17,13,0.765,17,0.457,3,0,10.0,0.498,1,0,1.2142857142857142,0.21428571428571427,0.003258816407598502,0,Very Low
C00575,Tech,22,monthly,1,6,5,0.833,6,0.125,1,0,,0.508,0,0,1.0,0.16666666666666666,0.045285919464904664,0,Very Low
C00576,Healthcare,81,annual,7,10,2,0.2,3,0.5,2,0,,0.263,0,1,1.0,0.6666666666666666,0.19687334430408315,0,Very Low
C00577,Other,49,multi_year,3,12,7,0.583,5,-0.167,3,0,,0.614,0,0,0.625,0.375,0.05483935935905597,0,Very Low
C00578,Manufacturing,326,annual,8,17,7,0.412,11,0.222,3,0,4.0,0.638,1,0,1.375,0.375,0.04609776106495074,0,Very Low
C00579,Retail,47,multi_year,18,7,5,0.714,1,-0.75,0,0,7.0,0.569,0,0,0.16666666666666666,0.0,0.030536470283299748,0,Very Low
C00580,Retail,50,monthly,12,9,3,0.333,4,0.2,4,0,5.0,0.667,0,0,1.0,1.0,0.19730038676381892,0,Very Low
C00581,Finance,12,annual,24,6,4,0.667,7,0.312,2,0,3.0,0.628,0,0,1.4,0.4,0.04405116139265632,0,Very Low
C00582,Healthcare,23,multi_year,48,10,6,0.6,7,0.235,0,0,5.0,0.681,0,0,1.0,0.0,0.0062482488787728154,0,Very Low
C00583,Other,7,annual,10,4,2,0.5,3,0.0,2,0,5.0,0.744,0,0,1.0,0.6666666666666666,0.06860771068688573,0,Very Low
C00584,Retail,922,monthly,11,22,19,0.864,23,0.232,0,1,9.0,0.541,1,0,1.15,0.0,0.009219054310978806,0,Very Low
C00585,Other,32,annual,16,11,9,0.818,13,0.5,2,0,5.0,0.809,0,0,1.3,0.2,0.004282833576194059,0,Very Low
C00586,Tech,24,annual,67,5,1,0.2,1,-0.25,0,1,,0.488,0,1,0.5,0.0,0.4245205952929743,1,Medium
C00587,Manufacturing,31,annual,30,6,4,0.667,4,-0.077,3,1,5.0,0.503,0,0,0.8,0.6,0.211726059499993,0,Low
C00588,Other,46,monthly,29,6,4,0.667,2,-0.5,1,0,6.0,0.496,0,0,0.4,0.2,0.11569387947643993,0,Very Low
C00589,Tech,55,annual,58,10,5,0.5,7,0.4,2,2,6.0,0.368,0,0,1.1666666666666667,0.3333333333333333,0.4213223804954344,1,Medium
C00590,Healthcare,5,annual,54,4,3,0.75,3,-0.25,3,0,,0.75,0,0,0.75,0.75,0.01229857082265413,0,Very Low
C00591,Finance,118,multi_year,59,16,5,0.312,6,0.385,4,0,,0.496,1,0,1.0,0.6666666666666666,0.022049432072027,0,Very Low
C00592,Retail,33,multi_year,8,9,4,0.444,2,-0.333,3,0,,0.529,0,0,0.4,0.6,0.14211576255146385,0,Very Low
C00593,Tech,29,annual,73,7,5,0.714,4,-0.077,4,0,5.0,0.303,0,0,0.6666666666666666,0.6666666666666666,0.056626315240686155,0,Very Low
C00594,Manufacturing,207,annual,12,18,10,0.556,9,-0.1,1,0,5.0,0.691,1,0,0.8181818181818182,0.09090909090909091,0.019634777311907273,0,Very Low
C00595,,41,monthly,7,8,4,0.5,3,0.0,4,0,,0.367,1,1,0.6,0.8,0.23105613815522638,0,Low
C00596,Tech,13,monthly,21,8,6,0.75,5,-0.318,3,0,,0.866,1,0,0.7142857142857143,0.42857142857142855,0.017905424251357854,0,Very Low
C00597,Tech,12,annual,15,8,4,0.5,9,0.421,5,0,3.0,0.454,0,0,1.8,1.0,0.24518535225241395,0,Low
C00598,Healthcare,70,annual,39,8,6,0.75,8,0.143,1,0,,0.662,1,0,1.1428571428571428,0.14285714285714285,0.0025561240191114163,0,Very Low
C00599,Retail,33,annual,26,12,6,0.5,6,0.125,3,0,6.0,0.518,0,0,0.8571428571428571,0.42857142857142855,0.060493426004280294,0,Very Low
C00600,Manufacturing,35,annual,12,8,5,0.625,9,0.5,4,0,5.0,0.521,0,0,1.5,0.6666666666666666,0.040582053464464106,0,Very Low
C00601,Tech,8,monthly,32,6,4,0.667,3,-0.182,4,0,6.0,0.732,0,0,0.6,0.8,0.05756492736827945,0,Very Low
C00602,Tech,36,annual,14,10,4,0.4,3,-0.471,4,0,3.0,0.476,0,1,0.6,0.8,0.5394829148714215,1,Medium
C00603,Other,15,monthly,1,6,3,0.5,2,-0.25,1,0,6.0,0.36,0,1,0.5,0.25,0.3495416569536924,0,Low
C00604,Retail,13,annual,8,9,7,0.778,9,0.5,3,0,6.0,0.681,0,0,1.125,0.375,0.008185210495630004,0,Very Low
C00605,Manufacturing,120,multi_year,3,8,7,0.875,9,0.227,0,0,6.0,0.552,1,0,1.125,0.0,0.0025160276784960117,0,Very Low
C00606,Healthcare,41,annual,38,10,6,0.6,3,-0.55,4,1,4.0,0.324,0,1,0.42857142857142855,0.5714285714285714,0.5808953853343819,1,Medium
C00607,Other,23,monthly,16,10,8,0.8,8,-0.04,1,0,6.0,0.755,0,0,0.8888888888888888,0.1111111111111111,0.02025734619306652,0,Very Low
C00608,Other,88,annual,21,14,2,0.143,4,0.2,3,0,4.0,0.348,0,1,1.3333333333333333,1.0,0.5657956713612741,1,Medium
C00609,Tech,225,annual,4,10,7,0.7,1,-0.769,1,0,6.0,0.499,1,0,0.125,0.125,0.04395871915606173,0,Very Low
C00610,Retail,6,monthly,22,6,4,0.667,4,-0.143,5,0,8.0,0.734,0,0,0.8,1.0,0.04367582676382775,0,Very Low
C00611,Tech,83,annual,21,15,9,0.6,6,-0.217,0,0,4.0,0.482,0,0,0.6,0.0,0.10022280181408601,0,Very Low
C00612,Other,40,annual,38,7,4,0.571,5,-0.062,3,0,7.0,0.314,0,0,1.0,0.6,0.08567043355576943,0,Very Low
C00613,Finance,28,annual,8,11,4,0.364,5,0.0,2,0,,0.556,0,1,1.0,0.4,0.1579703777281055,0,Very Low
C00614,Other,136,annual,10,13,10,0.769,13,0.182,1,0,7.0,0.432,1,0,1.1818181818181819,0.09090909090909091,0.007728683402739091,0,Very Low
C00615,Other,75,annual,36,12,10,0.833,10,0.034,3,0,6.0,0.387,0,0,0.9090909090909091,0.2727272727272727,0.023009900577538895,0,Very Low
C00616,Manufacturing,19,monthly,7,10,5,0.5,7,0.05,2,0,6.0,0.56,0,0,1.1666666666666667,0.3333333333333333,0.1614362566482243,0,Very Low
C00617,Other,117,annual,73,9,7,0.778,6,-0.053,0,0,5.0,0.595,1,0,0.75,0.0,0.0033018875349970765,0,Very Low
C00618,Other,25,monthly,6,11,5,0.455,4,0.091,2,0,5.0,0.368,0,0,0.6666666666666666,0.3333333333333333,0.33369635336334186,0,Low
C00619,Finance,30,monthly,10,6,2,0.333,0,-1.0,3,0,,0.459,1,0,0.0,1.0,0.5828277884104809,1,Medium
C00620,Manufacturing,8,annual,12,4,3,0.75,3,-0.25,1,1,4.0,0.639,0,0,0.75,0.25,0.21217158967746305,0,Low
C00621,Other,32,monthly,7,10,5,0.5,5,0.25,3,0,3.0,0.531,0,0,0.8333333333333334,0.5,0.24883641798260636,0,Low
C00622,Healthcare,58,annual,8,10,3,0.3,2,-0.143,2,0,4.0,0.177,0,0,0.5,0.5,0.5077559295233567,1,Medium
C00623,Tech,22,annual,10,10,6,0.6,6,-0.217,1,0,4.0,0.576,1,0,0.8571428571428571,0.14285714285714285,0.057988044295751245,0,Very Low
C00624,Finance,32,annual,3,11,9,0.818,15,0.957,4,0,7.0,0.748,0,0,1.5,0.4,0.0018232959080944616,0,Very Low
C00625,Tech,119,multi_year,66,16,6,0.375,6,-0.182,2,0,7.0,0.463,1,0,0.8571428571428571,0.2857142857142857,0.025034772210129116,0,Very Low
C00626,Retail,26,annual,7,9,3,0.333,4,0.0,2,0,3.0,0.502,0,0,1.0,0.5,0.36375385189985615,0,Low
C00627,Retail,16,monthly,5,8,6,0.75,4,0.333,1,0,4.0,0.694,0,0,0.5714285714285714,0.14285714285714285,0.028140630489365655,0,Very Low
C00628,Manufacturing,187,annual,20,10,4,0.4,4,-0.077,4,0,4.0,0.414,1,0,0.8,0.8,0.14135268735834575,0,Very Low
C00629,Tech,14,annual,6,9,5,0.556,6,0.5,2,0,4.0,0.302,0,1,1.0,0.3333333333333333,0.1304213591996572,0,Very Low
C00630,Retail,2,monthly,40,3,1,0.333,3,0.286,2,0,5.0,0.719,0,1,1.5,1.0,0.15535911648967954,0,Very Low
C00631,Retail,8,annual,28,8,7,0.875,14,0.448,2,0,5.0,0.815,0,0,1.75,0.25,0.0043800290516872765,0,Very Low
C00632,Finance,23,monthly,8,8,5,0.625,4,0.2,2,0,,0.62,0,0,0.6666666666666666,0.3333333333333333,0.05234413921087157,0,Very Low
C00633,Other,8,monthly,17,3,2,0.667,4,0.5,2,0,,0.536,0,0,1.3333333333333333,0.6666666666666666,0.0509942234262187,0,Very Low
C00634,Healthcare,9,annual,2,7,2,0.286,4,0.091,3,0,,0.294,0,0,1.3333333333333333,1.0,0.42629522998779645,1,Medium
C00635,Manufacturing,18,monthly,5,7,6,0.857,2,-0.625,0,0,,0.847,0,0,0.2857142857142857,0.0,0.032954912112320586,0,Very Low
C00636,Retail,25,monthly,5,11,10,0.909,11,0.32,0,0,6.0,0.722,0,0,1.0,0.0,0.0074302555989431114,0,Very Low
C00637,Healthcare,23,annual,4,11,8,0.727,3,-0.591,1,0,,0.406,0,0,0.3333333333333333,0.1111111111111111,0.10615095101809266,0,Very Low
C00638,Retail,30,annual,5,6,3,0.5,6,0.2,5,0,4.0,0.402,0,1,1.5,1.25,0.278877743866392,0,Low
C00639,Tech,97,monthly,8,14,8,0.571,7,0.0,2,0,4.0,0.437,0,0,0.7777777777777778,0.2222222222222222,0.23253835219865274,0,Low
C00640,Other,1019,monthly,6,24,19,0.792,15,-0.022,2,2,,0.797,1,0,0.75,0.1,0.12395421662706459,0,Very Low
C00641,Finance,108,monthly,1,10,4,0.4,4,-0.077,1,0,,0.71,1,0,0.8,0.2,0.06043899073878333,0,Very Low
C00642,Retail,62,annual,1,9,6,0.667,8,0.143,2,1,5.0,0.594,0,0,1.1428571428571428,0.2857142857142857,0.14325207600380355,0,Very Low
C00643,Healthcare,15,monthly,61,7,4,0.571,4,0.2,5,0,7.0,0.604,0,0,0.8,1.0,0.02367620019138101,0,Very Low
C00644,Retail,34,monthly,7,7,4,0.571,4,0.2,1,0,5.0,0.445,0,0,0.8,0.2,0.12021650651423663,0,Very Low
C00645,Tech,10,annual,16,6,4,0.667,6,0.059,2,0,5.0,0.501,0,0,1.2,0.4,0.06960151263753837,0,Very Low
C00646,Finance,30,annual,3,7,4,0.571,2,0.0,3,1,6.0,0.624,0,0,0.4,0.6,0.16691102456288745,0,Very Low
C00647,Other,10,annual,27,8,4,0.5,3,0.125,4,0,7.0,0.62,1,0,0.6,0.8,0.01876080553991895,0,Very Low
C00648,Finance,97,annual,59,12,6,0.5,5,-0.167,2,0,5.0,0.435,0,0,0.7142857142857143,0.2857142857142857,0.0794992914379139,0,Very Low
C00649,Tech,287,annual,17,13,13,1.0,6,-0.486,1,1,,0.83,1,0,0.42857142857142855,0.07142857142857142,0.010271271534146432,0,Very Low
C00650,Retail,85,annual,13,11,5,0.455,5,-0.211,0,0,,0.286,0,1,0.8333333333333334,0.0,0.22268129161241637,0,Low
C00651,Tech,525,annual,22,13,8,0.615,5,-0.348,0,0,9.0,0.382,1,0,0.5555555555555556,0.0,0.012499463016178124,0,Very Low
C00652,Tech,9,monthly,1,5,1,0.2,3,0.125,1,0,3.0,0.456,0,1,1.5,0.5,0.7333324853844925,1,High
C00653,Retail,78,annual,1,7,3,0.429,3,-0.308,2,0,5.0,0.291,0,0,0.75,0.5,0.3904393888723426,1,Low
C00654,Other,27,annual,1,10,7,0.7,9,0.08,4,0,5.0,0.589,0,0,1.125,0.5,0.05650923271506194,0,Very Low
C00655,Manufacturing,37,multi_year,12,8,5,0.625,4,0.333,3,1,,0.834,0,0,0.6666666666666666,0.5,0.0283108472970804,0,Very Low
C00656,Manufacturing,10,annual,22,5,1,0.2,1,-0.25,2,0,3.0,0.51,0,0,0.5,1.0,0.5477207233237208,1,Medium
C00657,Other,29,annual,23,9,4,0.444,5,0.071,1,0,6.0,0.582,1,0,1.0,0.2,0.028546578804274362,0,Very Low
C00658,Tech,28,annual,13,6,4,0.667,2,-0.455,4,0,,0.547,0,0,0.4,0.8,0.10485653204407305,0,Very Low
C00659,Tech,15,annual,1,7,4,0.571,3,-0.25,1,0,6.0,0.444,1,0,0.6,0.2,0.06525156641293481,0,Very Low
C00660,Tech,103,annual,27,9,4,0.444,5,0.154,1,0,,0.55,1,0,1.0,0.2,0.022374295082496838,0,Very Low
C00661,Tech,69,monthly,6,11,9,0.818,10,0.034,2,0,8.0,0.864,0,0,1.0,0.2,0.006274833836965117,0,Very Low
C00662,Finance,109,monthly,1,9,5,0.556,7,0.167,2,1,7.0,0.294,1,0,1.1666666666666667,0.3333333333333333,0.2740769744873921,0,Low
C00663,Retail,18,monthly,24,7,2,0.286,2,0.5,2,0,5.0,0.359,0,0,0.6666666666666666,0.6666666666666666,0.252462232212739,0,Low
C00664,Healthcare,15,annual,1,9,6,0.667,7,-0.125,1,2,10.0,0.612,0,0,1.0,0.14285714285714285,0.1630905782422288,0,Very Low
C00665,Other,9,multi_year,52,6,4,0.667,4,0.333,0,0,,0.633,0,0,0.8,0.0,0.0059207375613919665,0,Very Low
C00666,Retail,74,annual,6,9,7,0.778,7,-0.16,1,0,10.0,0.711,1,0,0.875,0.125,0.001966444994750566,0,Very Low
C00667,Tech,86,monthly,23,9,8,0.889,11,0.179,0,1,,0.648,0,0,1.2222222222222223,0.0,0.04497982068905321,0,Very Low
C00668,Manufacturing,30,monthly,20,7,2,0.286,1,0.0,2,0,3.0,0.496,0,0,0.3333333333333333,0.6666666666666666,0.45412842091491434,1,Medium
C00669,Tech,14,monthly,3,7,4,0.571,6,0.5,0,0,6.0,0.655,1,0,1.2,0.0,0.015469879967016797,0,Very Low
C00670,Other,34,annual,1,5,3,0.6,2,0.0,3,0,,0.598,1,0,0.5,0.75,0.025279583283909078,0,Very Low
C00671,Retail,52,annual,48,12,8,0.667,7,0.167,4,1,5.0,0.525,0,0,0.7777777777777778,0.4444444444444444,0.10699862987448969,0,Very Low
C00672,Tech,54,monthly,15,9,5,0.556,3,-0.25,0,0,,0.628,0,0,0.5,0.0,0.09100572776639586,0,Very Low
C00673,Tech,23,multi_year,86,8,6,0.75,4,-0.077,4,0,7.0,0.809,0,0,0.5714285714285714,0.5714285714285714,0.0023423722123433527,0,Very Low
C00674,Tech,101,monthly,25,11,8,0.727,6,-0.25,4,1,,0.737,1,0,0.6666666666666666,0.4444444444444444,0.08434107416099197,0,Very Low
C00675,Manufacturing,122,annual,9,15,8,0.533,6,-0.217,2,0,3.0,0.608,1,0,0.6666666666666666,0.2222222222222222,0.07586055446239424,0,Very Low
C00676,Tech,12,monthly,7,8,7,0.875,7,-0.045,1,0,7.0,0.645,0,0,0.875,0.125,0.020696167007262335,0,Very Low
C00677,,43,annual,3,7,4,0.571,2,-0.571,4,0,,0.404,0,0,0.4,0.8,0.3763201243766486,0,Low
C00678,Finance,33,annual,17,12,7,0.583,5,-0.348,2,0,5.0,0.248,0,0,0.625,0.25,0.2925468056412731,0,Low
C00679,Tech,8,monthly,28,7,4,0.571,7,0.312,2,0,3.0,0.261,0,1,1.4,0.4,0.37878600313281113,1,Low
C00680,Retail,17,monthly,6,7,6,0.857,6,-0.25,0,0,,0.562,0,0,0.8571428571428571,0.0,0.05549131848447628,0,Very Low
C00681,Manufacturing,41,annual,28,13,9,0.692,2,-0.625,6,0,4.0,0.756,0,0,0.2,0.6,0.09181979433339064,0,Very Low
C00682,Retail,110,annual,9,12,8,0.667,6,-0.25,2,0,5.0,0.459,1,0,0.6666666666666666,0.2222222222222222,0.04247638076859961,0,Very Low
C00683,Finance,14,annual,18,5,1,0.2,1,-0.5,0,0,4.0,0.335,0,0,0.5,0.0,0.6429101454796928,1,High
C00684,Retail,21,annual,13,7,6,0.857,12,0.5,2,0,,0.461,0,0,1.7142857142857142,0.2857142857142857,0.014599325625511543,0,Very Low
C00685,,25,multi_year,5,10,3,0.3,4,-0.077,3,0,1.0,0.54,0,1,1.0,0.75,0.6180641785238247,1,High
C00686,Tech,20,annual,13,9,7,0.778,5,-0.062,1,0,,0.697,0,0,0.625,0.125,0.015511226454085493,0,Very Low
C00687,Manufacturing,7,monthly,17,6,4,0.667,3,-0.1,1,0,,0.566,0,0,0.6,0.2,0.08759456554905705,0,Very Low
C00688,Tech,75,annual,5,8,6,0.75,5,-0.118,1,0,6.0,0.544,0,0,0.7142857142857143,0.14285714285714285,0.026389474857169314,0,Very Low
C00689,Tech,24,annual,38,9,4,0.444,4,0.091,3,1,6.0,0.401,0,0,0.8,0.6,0.3448968049676924,0,Low
C00690,,50,annual,6,8,6,0.75,2,-0.455,4,0,7.0,0.548,0,0,0.2857142857142857,0.5714285714285714,0.06840704393840903,0,Very Low
C00691,Healthcare,64,annual,41,13,8,0.615,11,0.269,2,0,7.0,0.649,0,0,1.2222222222222223,0.2222222222222222,0.006213887250932143,0,Very Low
C00692,Finance,19,annual,9,9,7,0.778,13,0.857,0,1,7.0,0.542,0,0,1.625,0.0,0.017226863989985026,0,Very Low
C00693,Healthcare,11,annual,5,6,4,0.667,5,0.25,1,0,8.0,0.769,0,0,1.0,0.2,0.004394973638493431,0,Very Low
C00694,Finance,15,annual,46,7,2,0.286,3,0.125,1,1,4.0,0.524,1,0,1.0,0.3333333333333333,0.27919661923207445,0,Low
C00695,Healthcare,18,monthly,11,9,6,0.667,2,-0.5,3,0,6.0,0.492,0,0,0.2857142857142857,0.42857142857142855,0.15175790283753046,0,Very Low
C00696,Manufacturing,13,annual,2,9,6,0.667,5,0.25,2,0,,0.651,0,0,0.7142857142857143,0.2857142857142857,0.023484003085756548,0,Very Low
C00697,Finance,22,multi_year,14,5,3,0.6,5,0.5,3,0,7.0,0.345,0,0,1.25,0.75,0.02873128129784031,0,Very Low
C00698,Tech,7,annual,20,5,2,0.4,1,-0.5,3,0,,0.515,0,0,0.3333333333333333,1.0,0.3101595929501878,0,Low
C00699,Retail,19,monthly,50,10,4,0.4,4,-0.143,1,0,6.0,0.552,0,0,0.8,0.2,0.1435366989891934,0,Very Low
C00700,Other,16,monthly,9,7,2,0.286,2,0.5,2,0,,0.673,1,0,0.6666666666666666,0.6666666666666666,0.05184765948967116,0,Very Low
C00701,Healthcare,40,annual,7,10,9,0.9,3,-0.5,1,0,6.0,0.807,0,0,0.3,0.1,0.0074058689814473465,0,Very Low
C00702,Finance,52,monthly,67,11,9,0.818,12,0.565,1,0,3.0,0.731,0,0,1.2,0.1,0.006357246406872927,0,Very Low
C00703,Tech,208,monthly,4,13,7,0.538,6,-0.053,2,0,,0.623,1,0,0.75,0.25,0.046476818236460604,0,Very Low
C00704,Finance,109,monthly,10,9,2,0.222,6,0.059,1,0,4.0,0.548,1,1,2.0,0.3333333333333333,0.32671591213555473,0,Low
C00705,Finance,64,annual,65,8,6,0.75,2,-0.4,2,0,3.0,0.621,0,0,0.2857142857142857,0.2857142857142857,0.032328110212182765,0,Very Low
C00706,Tech,31,monthly,43,5,2,0.4,4,0.2,2,0,2.0,0.547,0,1,1.3333333333333333,0.6666666666666666,0.29810746668678406,0,Low
C00707,Other,34,multi_year,7,8,8,1.0,5,-0.211,2,0,,0.648,0,0,0.5555555555555556,0.2222222222222222,0.007891828579986002,0,Very Low
C00708,Retail,47,annual,9,11,9,0.818,5,-0.118,1,1,6.0,0.887,1,0,0.5,0.1,0.011225761966459444,0,Very Low
C00709,Retail,25,annual,7,8,5,0.625,4,-0.25,3,0,4.0,0.578,1,0,0.6666666666666666,0.5,0.06274658729290677,0,Very Low
C00710,Finance,33,annual,1,8,5,0.625,4,-0.25,3,0,7.0,0.439,0,0,0.6666666666666666,0.5,0.09205307354065421,0,Very Low
C00711,Other,13,annual,29,8,3,0.375,4,0.091,2,0,5.0,0.408,0,0,1.0,0.5,0.20791413405580644,0,Low
C00712,Manufacturing,48,annual,74,11,9,0.818,4,-0.478,3,0,5.0,0.784,1,0,0.4,0.3,0.004741618884555713,0,Very Low
C00713,Healthcare,12,monthly,12,8,5,0.625,4,0.0,1,1,4.0,0.496,0,0,0.6666666666666666,0.16666666666666666,0.37628184981100804,0,Low
C00714,,19,monthly,9,7,4,0.571,3,-0.25,2,1,6.0,0.485,0,1,0.6,0.4,0.6200674941746845,1,High
C00715,Healthcare,18,annual,5,8,7,0.875,7,0.0,2,0,4.0,0.409,0,0,0.875,0.25,0.03989009602140874,0,Very Low
C00716,,473,annual,17,14,7,0.5,6,-0.1,4,0,6.0,0.582,1,1,0.75,0.5,0.039474662188477644,0,Very Low
C00717,Manufacturing,36,monthly,11,7,5,0.714,5,0.0,2,0,,0.614,0,0,0.8333333333333334,0.3333333333333333,0.052157478140074764,0,Very Low
C00718,Tech,90,annual,22,9,2,0.222,5,0.364,3,0,4.0,0.371,0,0,1.6666666666666667,1.0,0.37111240837219506,0,Low
C00719,Healthcare,9,annual,6,8,4,0.5,3,-0.4,0,0,2.0,0.608,0,1,0.6,0.0,0.22510022063041332,0,Low
C00720,Finance,59,annual,21,12,4,0.333,2,-0.571,1,0,3.0,0.457,0,1,0.4,0.2,0.5048809843624187,1,Medium
C00721,Finance,24,multi_year,21,5,2,0.4,3,-0.182,3,0,,0.385,0,0,1.0,1.0,0.22632229186482164,0,Low
C00722,Tech,86,annual,1,8,6,0.75,5,0.071,4,0,,0.52,1,0,0.7142857142857143,0.5714285714285714,0.01620412977697066,0,Very Low
C00723,Other,21,monthly,1,5,2,0.4,4,-0.077,1,0,6.0,0.458,0,1,1.3333333333333333,0.3333333333333333,0.3537963735045005,0,Low
C00724,Tech,10,annual,10,7,4,0.571,7,0.312,0,0,7.0,0.701,0,0,1.4,0.0,0.015361499258482838,0,Very Low
C00725,Manufacturing,72,annual,15,15,9,0.6,6,-0.308,1,0,8.0,0.508,0,0,0.6,0.1,0.04294499769077659,0,Very Low
C00726,Other,34,monthly,9,8,6,0.75,5,-0.318,2,0,,0.595,0,1,0.7142857142857143,0.2857142857142857,0.09070716754329772,0,Very Low
C00727,Finance,8,annual,34,5,3,0.6,1,-0.667,2,0,4.0,0.289,0,0,0.25,0.5,0.3881168814894847,1,Low
C00728,Healthcare,29,monthly,10,6,5,0.833,4,-0.143,1,0,7.0,0.778,0,0,0.6666666666666666,0.16666666666666666,0.00849923294581328,0,Very Low
C00729,Retail,12,multi_year,6,5,2,0.4,2,0.0,1,0,3.0,0.354,0,0,0.6666666666666666,0.3333333333333333,0.30035227561952016,0,Low
C00730,Retail,67,monthly,41,7,3,0.429,8,0.333,0,0,,0.648,0,0,2.0,0.0,0.054284085960150406,0,Very Low
C00731,Other,35,annual,23,9,8,0.889,5,-0.118,0,0,,0.832,0,0,0.5555555555555556,0.0,0.004510877349384924,0,Very Low
C00732,Finance,47,annual,50,7,3,0.429,2,0.2,1,0,6.0,0.284,0,0,0.5,0.25,0.06509352081337526,0,Very Low
C00733,Healthcare,12,annual,18,7,5,0.714,6,0.286,1,0,5.0,0.536,0,0,1.0,0.16666666666666666,0.016599294302940302,0,Very Low
C00734,Retail,133,monthly,7,16,11,0.688,10,0.071,1,0,4.0,0.419,1,0,0.8333333333333334,0.08333333333333333,0.06523639230997812,0,Very Low
C00735,Other,18,monthly,20,10,4,0.4,3,0.286,1,0,5.0,0.606,0,1,0.6,0.2,0.10878403771399128,0,Very Low
C00736,Other,45,annual,53,6,3,0.5,3,0.286,0,1,5.0,0.605,0,0,0.75,0.0,0.0692446985495111,0,Very Low
C00737,Other,25,annual,8,9,4,0.444,7,0.167,1,0,,0.627,1,0,1.4,0.2,0.03527015462328466,0,Very Low
C00738,Other,35,monthly,37,10,5,0.5,6,0.0,0,0,5.0,0.736,1,0,1.0,0.0,0.02739844465169133,0,Very Low
C00739,Retail,9,annual,9,4,3,0.75,4,0.0,0,0,,0.503,0,0,1.0,0.0,0.03581760216899928,0,Very Low
C00740,Manufacturing,35,multi_year,1,13,6,0.462,4,0.0,0,0,5.0,0.611,0,0,0.5714285714285714,0.0,0.058146635533306935,0,Very Low
C00741,Finance,49,monthly,7,11,7,0.636,10,0.364,6,0,7.0,0.471,0,0,1.25,0.75,0.07374503176283176,0,Very Low
C00742,Other,8,annual,18,5,2,0.4,3,-0.4,3,0,6.0,0.395,0,0,1.0,1.0,0.4223686348560802,1,Medium
C00743,Manufacturing,97,annual,21,9,4,0.444,6,0.5,1,0,5.0,0.504,0,0,1.2,0.2,0.04008152100296163,0,Very Low
C00744,Manufacturing,11,monthly,35,4,3,0.75,3,0.125,1,0,,0.72,1,0,0.75,0.25,0.008074160373037856,0,Very Low
C00745,Manufacturing,18,monthly,12,8,4,0.5,2,-0.4,2,1,4.0,0.296,0,1,0.4,0.4,0.8744778584902129,1,Very High
C00746,,17,monthly,56,6,2,0.333,2,0.0,5,0,,0.337,0,1,0.6666666666666666,1.6666666666666667,0.5148611624533257,1,Medium
C00747,Finance,111,monthly,16,13,9,0.692,7,-0.16,2,1,7.0,0.674,1,0,0.7,0.2,0.06223112292253453,0,Very Low
C00748,Tech,19,annual,5,9,7,0.778,6,0.125,0,0,2.0,0.84,0,0,0.75,0.0,0.019199587313610534,0,Very Low
C00749,,21,annual,16,6,4,0.667,6,-0.1,1,1,5.0,0.454,0,0,1.2,0.2,0.3762582639797471,0,Low
C00750,Manufacturing,46,annual,13,11,9,0.818,7,-0.045,1,0,5.0,0.465,0,0,0.7,0.1,0.032344694689084186,0,Very Low
C00751,Tech,38,annual,36,11,6,0.545,4,-0.5,0,0,6.0,0.621,1,0,0.5714285714285714,0.0,0.02919873243849408,0,Very Low
C00752,Retail,109,monthly,8,14,13,0.929,20,0.364,0,0,,0.769,1,0,1.4285714285714286,0.0,0.0022784117532557374,0,Very Low
C00753,Finance,21,multi_year,23,10,1,0.1,2,0.0,3,0,,0.449,0,0,1.0,1.5,0.42148261478759946,1,Medium
C00754,Healthcare,17,annual,2,8,5,0.625,5,-0.062,3,1,6.0,0.647,0,0,0.8333333333333334,0.5,0.13433595880530028,0,Very Low
C00755,Tech,14,monthly,18,7,4,0.571,4,0.2,1,1,,0.507,0,0,0.8,0.2,0.2984058811799835,0,Low
C00756,Tech,14,annual,34,9,6,0.667,7,0.105,2,0,2.0,0.582,0,0,1.0,0.2857142857142857,0.07694967434919103,0,Very Low
C00757,Finance,68,monthly,30,7,6,0.857,6,-0.1,1,0,7.0,0.574,0,0,0.8571428571428571,0.14285714285714285,0.01539821184586045,0,Very Low
C00758,Healthcare,55,multi_year,7,11,9,0.818,9,0.038,3,0,8.0,0.464,1,0,0.9,0.3,0.003495413626315378,0,Very Low
C00759,Finance,22,multi_year,41,7,3,0.429,3,-0.25,2,0,,0.581,0,1,0.75,0.5,0.07279017121214991,0,Very Low
C00760,Other,28,multi_year,8,10,6,0.6,6,0.125,1,1,6.0,0.56,1,0,0.8571428571428571,0.14285714285714285,0.05445249749327718,0,Very Low
C00761,Other,3,annual,80,4,3,0.75,2,0.2,0,0,,0.496,0,0,0.5,0.0,0.008562617597063454,0,Very Low
C00762,Retail,77,monthly,26,12,8,0.667,8,0.2,2,0,,0.554,0,0,0.8888888888888888,0.2222222222222222,0.03960445489414539,0,Very Low
C00763,Other,52,monthly,41,7,1,0.143,1,0.0,2,0,4.0,0.528,0,0,0.5,1.0,0.4325775473450834,1,Medium
C00764,Healthcare,3,monthly,9,3,2,0.667,1,-0.4,0,0,6.0,0.447,1,0,0.3333333333333333,0.0,0.06352241980180653,0,Very Low
C00765,Finance,18,multi_year,12,5,2,0.4,3,0.125,0,0,5.0,0.414,1,0,1.0,0.0,0.05316811371160727,0,Very Low
C00766,Tech,29,monthly,1,7,6,0.857,4,-0.429,2,0,,0.385,0,0,0.5714285714285714,0.2857142857142857,0.15979220166028946,0,Very Low
C00767,Retail,147,monthly,30,11,10,0.909,9,-0.27,1,0,,0.694,1,0,0.8181818181818182,0.09090909090909091,0.007226083956999927,0,Very Low
C00768,Other,42,annual,1,8,2,0.25,1,-0.25,0,0,7.0,0.602,0,1,0.3333333333333333,0.0,0.12587312742733917,0,Very Low
C00769,Other,120,monthly,1,11,7,0.636,8,0.263,1,1,7.0,0.583,1,0,1.0,0.125,0.06036598513227121,0,Very Low
C00770,Retail,170,annual,49,15,13,0.867,17,0.645,1,0,7.0,0.81,1,0,1.2142857142857142,0.07142857142857142,0.000237878085535681,0,Very Low
C00771,Tech,70,multi_year,8,7,4,0.571,5,0.0,3,0,,0.633,0,0,1.0,0.6,0.03584232092542993,0,Very Low
C00772,Other,12,annual,5,5,4,0.8,5,0.364,0,0,,0.567,0,0,1.0,0.0,0.012274844559005248,0,Very Low
C00773,Healthcare,8,annual,62,5,3,0.6,5,0.0,1,0,4.0,0.594,0,0,1.25,0.25,0.030322406142152692,0,Very Low
C00774,Other,24,multi_year,1,5,3,0.6,7,0.909,0,0,4.0,0.485,0,0,1.75,0.0,0.019075637892399647,0,Very Low
C00775,Tech,73,monthly,1,13,9,0.692,4,-0.077,1,0,6.0,0.326,0,0,0.4,0.1,0.13830329633859628,0,Very Low
C00776,Finance,51,annual,22,9,5,0.556,4,-0.333,2,0,7.0,0.415,0,0,0.6666666666666666,0.3333333333333333,0.09393709896598296,0,Very Low
C00777,Retail,8,multi_year,9,6,4,0.667,1,-0.7,1,0,4.0,0.386,0,0,0.2,0.2,0.24249181803815253,0,Low
C00778,Tech,70,monthly,75,10,8,0.8,4,-0.4,1,1,,0.624,0,0,0.4444444444444444,0.1111111111111111,0.08824513338954,0,Very Low
C00779,Healthcare,13,multi_year,49,7,2,0.286,1,-0.4,0,0,,0.269,0,1,0.3333333333333333,0.0,0.2001054924097663,0,Low
C00780,Other,22,annual,46,10,1,0.1,2,-0.143,3,0,2.0,0.234,0,0,1.0,1.5,0.8712093750592905,1,Very High
C00781,Healthcare,95,annual,28,15,6,0.4,5,-0.25,2,0,3.0,0.658,0,0,0.7142857142857143,0.2857142857142857,0.12637221870087179,0,Very Low
C00782,Tech,37,multi_year,27,7,3,0.429,4,0.091,2,1,6.0,0.473,0,0,1.0,0.5,0.23313050862205958,0,Low
C00783,Finance,19,multi_year,32,10,4,0.4,3,0.125,1,1,4.0,0.29,0,1,0.6,0.2,0.48416184527172795,1,Medium
C00784,Other,15,annual,10,7,4,0.571,6,0.2,2,0,7.0,0.295,0,0,1.2,0.4,0.09651895600692112,0,Very Low
C00785,Manufacturing,35,annual,6,7,6,0.857,2,-0.667,3,0,,0.441,1,0,0.2857142857142857,0.42857142857142855,0.04849601428368834,0,Very Low
C00786,Tech,43,annual,7,11,8,0.727,9,0.227,2,0,5.0,0.557,0,0,1.0,0.2222222222222222,0.026940925995266013,0,Very Low
C00787,,28,annual,3,11,7,0.636,7,0.105,2,1,,0.659,0,0,0.875,0.25,0.17776283782431704,0,Very Low
C00788,Manufacturing,14,monthly,5,5,5,1.0,4,0.0,4,0,4.0,0.459,0,0,0.6666666666666666,0.6666666666666666,0.07166119752047914,0,Very Low
C00789,Healthcare,53,annual,15,14,4,0.286,4,-0.25,3,0,,0.215,0,0,0.8,0.6,0.49430185094252227,1,Medium
C00790,Manufacturing,79,multi_year,1,13,11,0.846,5,-0.25,1,1,6.0,0.408,0,0,0.4166666666666667,0.08333333333333333,0.11956727444115685,0,Very Low
C00791,Tech,10,annual,18,8,4,0.5,6,0.286,3,0,2.0,0.664,0,0,1.2,0.6,0.12813540774321128,0,Very Low
C00792,Tech,64,annual,9,10,6,0.6,5,-0.318,4,0,3.0,0.604,0,0,0.7142857142857143,0.5714285714285714,0.18011441584273752,0,Very Low
C00793,Retail,17,monthly,12,10,9,0.9,8,-0.077,0,0,7.0,0.669,1,0,0.8,0.0,0.006465425996752149,0,Very Low
C00794,Other,25,annual,26,6,3,0.5,2,0.0,3,0,6.0,0.226,1,0,0.5,0.75,0.09492998512543545,0,Very Low
C00795,Finance,90,annual,1,10,5,0.5,6,0.059,1,0,5.0,0.477,0,0,1.0,0.16666666666666666,0.09959938519378185,0,Very Low
C00796,Finance,9,monthly,40,4,1,0.25,6,0.8,2,0,6.0,0.428,0,0,3.0,1.0,0.267719231400664,0,Low
C00797,Manufacturing,29,monthly,11,11,7,0.636,7,-0.125,1,0,3.0,0.668,0,0,0.875,0.125,0.14766772245087223,0,Very Low
C00798,Finance,196,annual,1,10,6,0.6,2,-0.455,1,0,4.0,0.341,1,1,0.2857142857142857,0.14285714285714285,0.12151458008144575,0,Very Low
C00799,,153,monthly,38,14,7,0.5,7,0.235,0,0,8.0,0.547,1,0,0.875,0.0,0.015531140129930156,0,Very Low
C00800,Other,18,annual,8,7,5,0.714,5,0.5,2,0,5.0,0.533,0,0,0.8333333333333334,0.3333333333333333,0.019578405415998635,0,Very Low
C00801,Manufacturing,11,annual,47,5,2,0.4,1,-0.625,4,1,5.0,0.281,0,1,0.3333333333333333,1.3333333333333333,0.8432779761548415,1,Very High
C00802,Tech,125,annual,29,9,8,0.889,11,-0.083,3,0,,0.734,1,0,1.2222222222222223,0.3333333333333333,0.0034904331239176004,0,Very Low
C00803,Finance,43,annual,48,7,2,0.286,3,0.8,3,1,,0.318,0,0,1.0,1.0,0.24880687263559642,0,Low
C00804,Healthcare,44,annual,50,11,7,0.636,4,-0.2,0,0,6.0,0.527,0,0,0.5,0.0,0.017124561922348274,0,Very Low
C00805,Tech,6,monthly,4,5,3,0.6,3,-0.25,2,0,,0.437,1,0,0.75,0.5,0.16873692717904895,0,Very Low
C00806,Manufacturing,37,monthly,35,9,6,0.667,12,0.565,4,1,5.0,0.646,0,0,1.7142857142857142,0.5714285714285714,0.11482463983241044,0,Very Low
C00807,Retail,7,monthly,27,4,2,0.5,2,-0.455,4,0,3.0,0.669,0,1,0.6666666666666666,1.3333333333333333,0.44298087276621523,1,Medium
C00808,Finance,25,annual,38,11,10,0.909,12,0.286,3,0,8.0,0.582,0,0,1.0909090909090908,0.2727272727272727,0.003140929743611113,0,Very Low
C00809,Manufacturing,230,annual,18,16,13,0.812,9,-0.129,0,0,6.0,0.556,1,0,0.6428571428571429,0.0,0.006391346513226552,0,Very Low
C00810,Other,123,multi_year,1,14,6,0.429,8,-0.111,1,0,8.0,0.375,1,0,1.1428571428571428,0.14285714285714285,0.045550426257192224,0,Very Low
C00811,Healthcare,176,monthly,37,12,7,0.583,6,-0.182,2,1,5.0,0.602,1,0,0.75,0.25,0.10596220329372864,0,Very Low
C00812,Healthcare,35,annual,1,7,2,0.286,3,0.125,4,0,4.0,0.236,0,1,1.0,1.3333333333333333,0.5206519163496739,1,Medium
C00813,Tech,50,multi_year,29,10,2,0.2,1,-0.25,4,0,5.0,0.244,1,1,0.3333333333333333,1.3333333333333333,0.36031323311103103,0,Low
C00814,Tech,22,annual,24,6,6,1.0,6,0.2,2,0,8.0,0.537,0,0,0.8571428571428571,0.2857142857142857,0.0031792389868293986,0,Very Low
C00815,Finance,277,annual,2,17,12,0.706,14,0.105,1,0,6.0,0.372,1,0,1.0769230769230769,0.07692307692307693,0.019056776628360108,0,Very Low
C00816,Tech,19,annual,15,10,7,0.7,11,0.65,0,0,4.0,0.51,0,0,1.375,0.0,0.019839903548687657,0,Very Low
C00817,Healthcare,7,annual,47,6,4,0.667,5,0.0,0,1,5.0,0.488,0,0,1.0,0.0,0.10622262465474437,0,Very Low
C00818,Tech,20,monthly,51,9,6,0.667,6,-0.143,0,0,4.0,0.487,0,0,0.8571428571428571,0.0,0.10286621205874348,0,Very Low
C00819,Manufacturing,101,annual,5,16,3,0.188,3,0.125,3,0,3.0,0.624,1,0,0.75,0.75,0.19851198049621277,0,Very Low
C00820,Tech,19,monthly,22,10,5,0.5,4,-0.143,2,0,,0.775,1,0,0.6666666666666666,0.3333333333333333,0.04114686049030242,0,Very Low
C00821,Manufacturing,40,annual,2,13,5,0.385,4,-0.4,3,0,2.0,0.452,0,1,0.6666666666666666,0.5,0.6436832854259171,1,High
C00822,Healthcare,7,annual,27,3,2,0.667,3,0.0,1,0,3.0,0.734,0,0,1.0,0.3333333333333333,0.02816848745304402,0,Very Low
C00823,Manufacturing,16,monthly,27,7,6,0.857,6,-0.217,1,0,,0.769,0,0,0.8571428571428571,0.14285714285714285,0.02064368829872273,0,Very Low
C00824,Retail,8,annual,10,4,3,0.75,3,-0.25,1,0,7.0,0.668,0,0,0.75,0.25,0.02113858807624828,0,Very Low
C00825,,10,annual,3,6,4,0.667,4,0.333,3,0,6.0,0.61,0,0,0.8,0.6,0.03456035014411432,0,Very Low
C00826,Healthcare,24,monthly,5,5,3,0.6,2,-0.4,1,1,5.0,0.336,0,1,0.5,0.25,0.6318486641742612,1,High
C00827,Retail,59,annual,55,6,4,0.667,4,0.5,4,0,,0.464,0,0,0.8,0.8,0.012292395391361266,0,Very Low
C00828,Retail,243,annual,76,16,9,0.562,7,0.05,0,0,4.0,0.385,1,0,0.7,0.0,0.01794860520670387,0,Very Low
C00829,Retail,57,monthly,7,8,7,0.875,8,0.333,2,0,8.0,0.623,0,0,1.0,0.25,0.006613922392556157,0,Very Low
C00830,Finance,10,monthly,31,4,0,0.0,1,-0.25,0,0,,0.344,0,1,1.0,0.0,0.7675735013623824,1,High
C00831,Tech,10,annual,35,5,3,0.6,4,0.0,1,0,6.0,0.498,0,0,1.0,0.25,0.046253912278160246,0,Very Low
C00832,Tech,6,annual,3,5,3,0.6,5,0.25,6,0,5.0,0.731,0,0,1.25,1.5,0.06632125208136597,0,Very Low
C00833,Other,28,annual,22,8,5,0.625,2,-0.5,1,0,,0.529,0,0,0.3333333333333333,0.16666666666666666,0.0891270646768116,0,Very Low
C00834,Tech,11,monthly,16,7,4,0.571,9,0.286,2,0,8.0,0.633,0,0,1.8,0.4,0.043195037786738485,0,Very Low
C00835,Manufacturing,24,annual,4,8,6,0.75,9,0.08,0,0,7.0,0.54,1,0,1.2857142857142858,0.0,0.008963851057775779,0,Very Low
C00836,Tech,9,monthly,16,8,6,0.75,4,-0.478,1,0,5.0,0.648,0,0,0.5714285714285714,0.14285714285714285,0.11123574177762485,0,Very Low
C00837,Finance,162,annual,2,16,2,0.125,4,0.333,2,0,4.0,0.132,1,1,1.3333333333333333,0.6666666666666666,0.5372403164822763,1,Medium
C00838,Tech,22,monthly,1,10,7,0.7,5,-0.118,1,0,4.0,0.581,0,0,0.625,0.125,0.1295369782254295,0,Very Low
C00839,Retail,68,annual,28,11,8,0.727,5,-0.318,3,0,,0.636,0,0,0.5555555555555556,0.3333333333333333,0.030616654224910653,0,Very Low
C00840,Retail,23,multi_year,26,8,5,0.625,11,0.5,2,0,,0.427,0,0,1.8333333333333333,0.3333333333333333,0.026989577469450923,0,Very Low
C00841,Finance,346,annual,9,13,12,0.923,14,0.2,3,1,,0.688,1,0,1.0769230769230769,0.23076923076923078,0.009453518429337301,0,Very Low
C00842,Tech,7,annual,4,5,1,0.2,1,-0.25,9,0,4.0,0.371,0,0,0.5,4.5,0.9098117308531112,1,Very High
C00843,Retail,56,annual,7,13,11,0.846,11,0.031,0,0,,0.493,0,0,0.9166666666666666,0.0,0.019409683932052623,0,Very Low
C00844,Manufacturing,140,multi_year,50,14,7,0.5,3,-0.55,3,1,7.0,0.52,1,0,0.375,0.375,0.10953244242391828,0,Very Low
C00845,Manufacturing,32,multi_year,7,10,6,0.6,10,0.304,2,0,5.0,0.682,0,0,1.4285714285714286,0.2857142857142857,0.021758502316590413,0,Very Low
C00846,,92,annual,7,14,8,0.571,7,-0.125,2,0,4.0,0.705,0,0,0.7777777777777778,0.2222222222222222,0.09257643999872486,0,Very Low
C00847,Healthcare,32,annual,20,9,8,0.889,7,-0.192,0,0,7.0,0.637,0,0,0.7777777777777778,0.0,0.005207215723988095,0,Very Low
C00848,Manufacturing,113,annual,1,15,13,0.867,18,0.317,0,0,,0.637,1,0,1.2857142857142858,0.0,0.002991761615830781,0,Very Low
C00849,Healthcare,33,annual,1,10,7,0.7,12,0.385,1,0,,0.61,0,0,1.5,0.125,0.012409166054909793,0,Very Low
C00850,Retail,221,multi_year,61,16,2,0.125,2,-0.143,3,0,4.0,0.081,1,0,0.6666666666666666,1.0,0.45495834284793396,1,Medium
C00851,Manufacturing,7,monthly,11,4,1,0.25,2,0.2,1,0,3.0,0.261,0,1,1.0,0.5,0.7319205618275294,1,High
C00852,Retail,80,annual,16,10,6,0.6,3,-0.308,0,0,,0.485,0,0,0.42857142857142855,0.0,0.06617765331010161,0,Very Low
C00853,Tech,21,multi_year,24,6,3,0.5,1,-0.5,3,0,6.0,0.283,0,0,0.25,0.75,0.24304290763996456,0,Low
C00854,Other,23,annual,3,9,6,0.667,11,0.65,0,0,5.0,0.756,0,0,1.5714285714285714,0.0,0.008383213050627872,0,Very Low
C00855,,65,annual,44,14,10,0.714,6,-0.308,0,0,4.0,0.665,0,0,0.5454545454545454,0.0,0.04046389761200088,0,Very Low
C00856,Manufacturing,18,multi_year,51,8,6,0.75,4,-0.25,2,0,4.0,0.781,0,0,0.5714285714285714,0.2857142857142857,0.01279677459850184,0,Very Low
C00857,Tech,17,multi_year,21,8,6,0.75,9,0.35,5,0,,0.614,0,0,1.2857142857142858,0.7142857142857143,0.014280878782896007,0,Very Low
C00858,,65,monthly,11,14,10,0.714,12,0.714,3,0,,0.523,0,1,1.0909090909090908,0.2727272727272727,0.031656903075729874,0,Very Low
C00859,Finance,11,annual,30,8,5,0.625,3,-0.357,2,0,5.0,0.571,1,0,0.5,0.3333333333333333,0.04054376431537853,0,Very Low
C00860,Other,27,monthly,12,6,3,0.5,6,0.636,1,1,,0.677,0,0,1.5,0.25,0.14380415318023054,0,Very Low
C00861,Finance,105,monthly,8,11,8,0.727,6,-0.1,0,0,7.0,0.507,1,0,0.6666666666666666,0.0,0.018275636296063488,0,Very Low
C00862,Manufacturing,14,multi_year,10,9,3,0.333,3,-0.25,3,0,,0.49,0,0,0.75,0.75,0.27057460589507115,0,Low
C00863,Healthcare,126,monthly,80,13,9,0.692,4,-0.4,1,0,,0.475,1,0,0.4,0.1,0.01574153075028707,0,Very Low
C00864,Other,11,monthly,14,6,1,0.167,4,0.714,3,0,,0.116,0,1,2.0,1.5,0.7362663911595685,1,High
C00865,Retail,45,monthly,2,6,3,0.5,4,-0.143,2,0,3.0,0.597,0,1,1.0,0.5,0.32395935401729503,0,Low
C00866,Other,37,annual,7,8,3,0.375,2,0.5,3,0,4.0,0.259,0,0,0.5,0.75,0.2263927174455541,0,Low
C00867,Finance,8,annual,10,5,4,0.8,6,0.286,0,0,6.0,0.771,0,0,1.2,0.0,0.005893917875348481,0,Very Low
C00868,Other,77,annual,48,14,6,0.429,5,-0.167,3,0,6.0,0.525,0,0,0.7142857142857143,0.42857142857142855,0.08727494210254821,0,Very Low
C00869,Tech,7,annual,91,4,2,0.5,4,0.0,3,0,8.0,0.66,0,0,1.3333333333333333,1.0,0.015689348232469258,0,Very Low
C00870,Retail,148,multi_year,53,9,7,0.778,10,0.5,2,0,,0.721,1,0,1.25,0.25,0.0007629274839956934,0,Very Low
C00871,Other,171,annual,16,14,9,0.643,8,0.0,4,0,6.0,0.751,1,0,0.8,0.4,0.008370688350586705,0,Very Low
C00872,Retail,17,annual,4,4,3,0.75,2,-0.143,0,0,,0.427,0,0,0.5,0.0,0.047527868329028305,0,Very Low
C00873,Healthcare,36,annual,5,10,6,0.6,8,0.091,2,0,,0.475,0,0,1.1428571428571428,0.2857142857142857,0.05066969795049005,0,Very Low
C00874,Retail,27,annual,6,11,9,0.818,6,-0.333,2,0,10.0,0.73,0,0,0.6,0.2,0.0060562633209042685,0,Very Low
C00875,Tech,7,annual,17,5,4,0.8,5,0.071,2,0,4.0,0.697,1,0,1.0,0.4,0.011824019212800184,0,Very Low
C00876,,13,annual,16,5,2,0.4,4,0.2,0,0,4.0,0.494,0,0,1.3333333333333333,0.0,0.2051085386588326,0,Low
C00877,Healthcare,31,annual,1,11,7,0.636,10,0.5,0,0,7.0,0.641,0,0,1.25,0.0,0.0061592214829140875,0,Very Low
C00878,Retail,32,annual,9,10,9,0.9,8,-0.226,0,0,,0.877,0,0,0.8,0.0,0.005949239625435004,0,Very Low
C00879,Other,123,annual,34,10,4,0.4,3,0.5,2,1,,0.249,1,0,0.6,0.4,0.14695134184719622,0,Very Low
C00880,Retail,20,annual,14,8,4,0.5,5,0.071,4,0,,0.3,0,0,1.0,0.8,0.22769095082063934,0,Low
C00881,Tech,18,annual,10,10,9,0.9,14,0.167,1,0,,0.529,0,0,1.4,0.1,0.015879964781876827,0,Very Low
C00882,Tech,67,multi_year,8,9,6,0.667,7,-0.125,1,0,7.0,0.519,0,0,1.0,0.14285714285714285,0.024345618819927577,0,Very Low
C00883,Retail,75,annual,17,8,4,0.5,2,-0.4,7,0,6.0,0.527,0,0,0.4,1.4,0.18780484090558422,0,Very Low
C00884,Other,26,annual,8,9,6,0.667,9,0.421,3,0,5.0,0.639,0,0,1.2857142857142858,0.42857142857142855,0.02392069806737553,0,Very Low
C00885,Other,41,annual,2,7,4,0.571,4,-0.25,0,0,4.0,0.707,0,0,0.8,0.0,0.07274539376608934,0,Very Low
C00886,Healthcare,18,multi_year,12,5,3,0.6,1,-0.4,9,0,,0.783,0,0,0.25,2.25,0.05520622679364884,0,Very Low
C00887,Healthcare,28,monthly,19,10,6,0.6,6,0.125,4,1,7.0,0.5,0,0,0.8571428571428571,0.5714285714285714,0.20314756780413826,0,Low
C00888,Finance,3,annual,23,3,1,0.333,3,0.286,2,0,,0.518,0,0,1.5,1.0,0.16968436389382355,0,Very Low
C00889,Manufacturing,5,annual,21,4,1,0.25,1,-0.25,6,0,3.0,0.544,0,1,0.5,3.0,0.700512166880461,1,High
C00890,Tech,82,annual,3,7,6,0.857,0,-1.0,3,0,,0.655,0,0,0.0,0.42857142857142855,0.06824153925358221,0,Very Low
C00891,Other,17,annual,5,8,6,0.75,5,-0.118,0,0,,0.558,0,0,0.7142857142857143,0.0,0.035044263162404804,0,Very Low
C00892,Other,10,annual,25,4,2,0.5,1,0.0,3,0,7.0,0.32,0,0,0.3333333333333333,1.0,0.11474013744041403,0,Very Low
C00893,Healthcare,56,monthly,4,13,12,0.923,14,-0.023,1,0,6.0,0.448,0,0,1.0769230769230769,0.07692307692307693,0.026527391637693677,0,Very Low
C00894,Retail,298,annual,32,15,10,0.667,9,-0.156,0,0,4.0,0.498,1,0,0.8181818181818182,0.0,0.02143458085817017,0,Very Low
C00895,,100,monthly,5,7,4,0.571,4,-0.143,3,0,8.0,0.385,0,0,0.8,0.6,0.1827317621669556,0,Very Low
C00896,Healthcare,52,annual,34,10,6,0.6,7,0.4,4,1,,0.592,0,0,1.0,0.5714285714285714,0.05561539305771798,0,Very Low
C00897,,34,monthly,36,11,4,0.364,4,-0.2,1,0,,0.316,0,0,0.8,0.2,0.5154174237733351,1,Medium
C00898,Tech,238,multi_year,5,13,5,0.385,4,-0.2,5,0,5.0,0.622,1,0,0.6666666666666666,0.8333333333333334,0.06701401468016488,0,Very Low
C00899,Finance,218,annual,9,10,3,0.3,2,-0.333,2,0,,0.322,1,0,0.5,0.5,0.21802534972102294,0,Low
C00900,Other,45,multi_year,5,11,5,0.455,7,0.4,1,0,5.0,0.543,0,0,1.1666666666666667,0.16666666666666666,0.04500956470238225,0,Very Low
C00901,Finance,24,multi_year,25,9,4,0.444,7,0.167,4,1,,0.283,0,0,1.4,0.8,0.5097404119420894,1,Medium
C00902,Retail,40,monthly,13,8,5,0.625,2,-0.4,2,0,,0.464,0,0,0.3333333333333333,0.3333333333333333,0.1935754685401518,0,Very Low
C00903,Healthcare,63,monthly,6,12,7,0.583,9,0.125,2,0,,0.527,0,0,1.125,0.25,0.07401345625143632,0,Very Low
C00904,Tech,30,monthly,1,6,3,0.5,3,-0.25,5,0,,0.63,0,0,0.75,1.25,0.27801826981866945,0,Low
C00905,Other,21,annual,30,9,5,0.556,4,-0.25,3,0,,0.737,1,0,0.6666666666666666,0.5,0.023197124512995906,0,Very Low
C00906,Tech,18,monthly,3,8,6,0.75,7,0.105,4,0,,0.639,1,0,1.0,0.5714285714285714,0.0286600921328704,0,Very Low
C00907,Retail,7,monthly,5,5,2,0.4,2,0.0,4,0,5.0,0.465,0,1,0.6666666666666666,1.3333333333333333,0.45219122317503235,1,Medium
C00908,Finance,26,annual,40,10,4,0.4,2,-0.25,2,0,,0.436,0,0,0.4,0.4,0.16243885653521753,0,Very Low
C00909,Manufacturing,46,monthly,49,9,5,0.556,9,0.421,1,0,,0.788,0,0,1.5,0.16666666666666666,0.014755492252129227,0,Very Low
C00910,Healthcare,8,annual,16,5,2,0.4,3,0.0,3,0,7.0,0.523,0,0,1.0,1.0,0.0887830695745208,0,Very Low
C00911,Tech,13,annual,17,8,6,0.75,2,-0.333,1,1,6.0,0.668,0,0,0.2857142857142857,0.14285714285714285,0.10360528904638817,0,Very Low
C00912,Retail,93,annual,13,15,13,0.867,17,0.133,1,0,4.0,0.709,0,0,1.2142857142857142,0.07142857142857142,0.010228086389524188,0,Very Low
C00913,Manufacturing,14,multi_year,4,5,4,0.8,6,0.125,0,0,6.0,0.717,0,0,1.2,0.0,0.007197193980381062,0,Very Low
C00914,Retail,49,multi_year,9,13,10,0.769,6,-0.357,2,0,,0.694,0,0,0.5454545454545454,0.18181818181818182,0.021249728785052286,0,Very Low
C00915,Retail,10,annual,5,6,2,0.333,3,0.5,4,1,6.0,0.537,0,0,1.0,1.3333333333333333,0.35884265101488877,0,Low
C00916,Retail,4,monthly,15,5,3,0.6,3,0.286,1,0,7.0,0.667,1,0,0.75,0.25,0.013631453075561567,0,Very Low
C00917,Retail,46,monthly,45,7,6,0.857,8,0.333,1,0,,0.894,0,0,1.1428571428571428,0.14285714285714285,0.0028857081865532484,0,Very Low
C00918,Retail,60,monthly,39,12,8,0.667,10,0.304,0,0,,0.71,0,0,1.1111111111111112,0.0,0.013381435787227417,0,Very Low
C00919,Healthcare,40,monthly,5,7,3,0.429,6,0.5,1,0,6.0,0.515,1,0,1.5,0.25,0.0324809103278386,0,Very Low
C00920,Manufacturing,29,annual,35,6,4,0.667,3,-0.1,1,0,,0.554,0,0,0.6,0.2,0.027644547794468226,0,Very Low
C00921,Manufacturing,144,multi_year,12,13,8,0.615,3,-0.438,1,0,,0.646,1,0,0.3333333333333333,0.1111111111111111,0.017457037311006417,0,Very Low
C00922,Tech,22,multi_year,7,9,6,0.667,10,0.5,4,0,6.0,0.627,0,0,1.4285714285714286,0.5714285714285714,0.01387013241383514,0,Very Low
C00923,Tech,13,annual,7,5,2,0.4,5,0.25,1,0,,0.283,0,0,1.6666666666666667,0.3333333333333333,0.26810166556919335,0,Low
C00924,Retail,40,annual,22,6,3,0.5,5,0.364,4,0,4.0,0.577,1,0,1.25,1.0,0.03539322119594302,0,Very Low
C00925,Finance,92,monthly,5,14,12,0.857,7,-0.382,0,0,7.0,0.855,0,0,0.5384615384615384,0.0,0.01181200581940895,0,Very Low
C00926,Manufacturing,43,monthly,2,6,2,0.333,1,-0.4,2,0,5.0,0.486,1,1,0.3333333333333333,0.6666666666666666,0.3241310610232393,0,Low
C00927,Manufacturing,90,annual,5,10,8,0.8,12,0.636,2,0,7.0,0.495,0,0,1.3333333333333333,0.2222222222222222,0.005997804561632254,0,Very Low
C00928,Tech,155,annual,22,13,9,0.692,6,-0.308,2,0,5.0,0.657,1,0,0.6,0.2,0.016148250965805546,0,Very Low
C00929,Tech,13,multi_year,6,5,2,0.4,3,-0.25,3,0,4.0,0.526,0,1,1.0,1.0,0.31397362875141016,0,Low
C00930,Other,26,annual,9,11,7,0.636,6,0.636,0,0,4.0,0.745,0,0,0.75,0.0,0.009334645066857205,0,Very Low
C00931,Finance,23,annual,7,11,6,0.545,6,0.286,5,0,,0.602,0,0,0.8571428571428571,0.7142857142857143,0.05488736612224253,0,Very Low
C00932,Manufacturing,56,annual,4,9,7,0.778,7,0.312,2,1,6.0,0.439,0,0,0.875,0.25,0.08252463511502449,0,Very Low
C00933,Tech,5,monthly,48,5,3,0.6,4,0.333,1,0,7.0,0.583,0,0,1.0,0.25,0.02433702762245067,0,Very Low
C00934,Finance,83,annual,4,12,10,0.833,8,-0.172,3,0,5.0,0.534,0,1,0.7272727272727273,0.2727272727272727,0.03785778487504108,0,Very Low
C00935,Retail,7,annual,17,5,4,0.8,3,-0.182,2,0,4.0,0.827,0,0,0.6,0.4,0.020408941131706996,0,Very Low
C00936,Healthcare,45,annual,5,12,3,0.25,5,0.5,0,0,,0.515,0,0,1.25,0.0,0.0688538644033147,0,Very Low
C00937,Healthcare,21,monthly,27,9,7,0.778,11,0.179,3,0,6.0,0.612,0,0,1.375,0.375,0.020409649760379105,0,Very Low
C00938,Manufacturing,18,monthly,31,5,3,0.6,3,-0.471,3,0,8.0,0.75,1,0,0.75,0.75,0.02685947059972519,0,Very Low
C00939,Retail,53,monthly,15,7,4,0.571,4,-0.077,1,0,5.0,0.376,0,0,0.8,0.2,0.20001232905834623,0,Low
C00940,Manufacturing,8,annual,30,7,4,0.571,1,-0.667,4,0,,0.593,0,0,0.2,0.8,0.16882312570655544,0,Very Low
C00941,Retail,55,monthly,28,10,9,0.9,4,-0.4,0,0,,0.567,0,0,0.4,0.0,0.03218284147997143,0,Very Low
C00942,Finance,21,annual,47,9,2,0.222,1,-0.5,3,0,3.0,0.446,0,0,0.3333333333333333,1.0,0.6053738184638036,1,High
C00943,,7,annual,1,7,4,0.571,3,0.125,3,0,,0.646,0,0,0.6,0.6,0.07669618028725216,0,Very Low
C00944,Tech,84,annual,4,11,9,0.818,5,-0.4,0,0,,0.501,0,0,0.5,0.0,0.0411064345944669,0,Very Low
C00945,Retail,8,monthly,14,4,3,0.75,5,-0.118,2,0,3.0,0.769,0,0,1.25,0.5,0.09699453155088605,0,Very Low
C00946,Other,56,annual,25,10,5,0.5,9,0.35,3,0,5.0,0.757,0,0,1.5,0.5,0.026493103990752297,0,Very Low
C00947,Manufacturing,19,annual,3,7,2,0.286,2,0.2,3,1,,0.535,0,1,0.6666666666666666,1.0,0.49526404184008704,1,Medium
C00948,Other,20,monthly,12,9,5,0.556,6,0.0,0,0,6.0,0.293,0,0,1.0,0.0,0.2375996853904312,0,Low
C00949,Finance,125,annual,7,7,4,0.571,7,0.235,1,0,1.0,0.636,1,0,1.4,0.2,0.04556152930260474,0,Very Low
C00950,Retail,40,annual,24,8,7,0.875,8,0.2,2,1,6.0,0.66,1,0,1.0,0.25,0.011702015963315684,0,Very Low
C00951,Tech,23,annual,2,6,3,0.5,5,-0.118,2,0,4.0,0.454,0,0,1.25,0.5,0.2766609393588255,0,Low
C00952,Other,74,multi_year,16,10,7,0.7,9,0.286,1,0,4.0,0.543,0,0,1.125,0.125,0.020178909162676534,0,Very Low
C00953,Tech,18,monthly,23,8,3,0.375,6,0.8,3,2,5.0,0.458,0,1,1.5,0.75,0.7598228276654504,1,High
C00954,Other,155,annual,7,13,8,0.615,8,0.2,2,0,4.0,0.54,1,1,0.8888888888888888,0.2222222222222222,0.02447557169196621,0,Very Low
C00955,Other,15,monthly,28,6,1,0.167,4,0.5,3,0,,0.574,0,0,2.0,1.5,0.3573470304441708,0,Low
C00956,Other,51,monthly,7,13,12,0.923,12,0.091,0,0,7.0,0.674,0,0,0.9230769230769231,0.0,0.008764761064504344,0,Very Low
C00957,Manufacturing,16,monthly,27,6,5,0.833,2,-0.538,3,0,5.0,0.597,0,0,0.3333333333333333,0.5,0.09386542205160933,0,Very Low
C00958,Finance,61,annual,3,14,7,0.5,4,-0.4,2,0,,0.594,0,0,0.5,0.25,0.1381774316945573,0,Very Low
C00959,Retail,12,annual,9,9,7,0.778,7,0.105,2,1,4.0,0.498,0,0,0.875,0.25,0.19695545948123053,0,Very Low
C00960,Manufacturing,27,monthly,9,7,4,0.571,0,-1.0,3,1,,0.719,0,1,0.0,0.6,0.6569241271381047,1,High
C00961,Finance,62,monthly,15,13,9,0.692,13,0.625,2,0,,0.575,0,0,1.3,0.2,0.020591832042667714,0,Very Low
C00962,,7,multi_year,34,5,3,0.6,4,0.2,2,0,4.0,0.534,0,0,1.0,0.5,0.0638131838474295,0,Very Low
C00963,,24,monthly,3,10,7,0.7,6,-0.1,2,0,,0.763,0,0,0.75,0.25,0.0679045421037138,0,Very Low
C00964,Tech,44,annual,51,7,3,0.429,2,0.5,2,0,3.0,0.433,0,0,0.5,0.5,0.06072968119118389,0,Very Low
C00965,Finance,17,annual,3,6,3,0.5,2,0.2,4,1,5.0,0.411,0,0,0.5,1.0,0.4319711125066582,1,Medium
C00966,Tech,20,monthly,36,7,3,0.429,4,0.0,2,0,,0.68,0,0,1.0,0.5,0.10627252950552245,0,Very Low
C00967,Finance,59,monthly,3,13,10,0.769,5,-0.318,1,0,,0.618,0,0,0.45454545454545453,0.09090909090909091,0.0660293940978962,0,Very Low
C00968,Healthcare,71,monthly,1,14,12,0.857,8,-0.077,1,0,7.0,0.575,1,0,0.6153846153846154,0.07692307692307693,0.007627879875297774,0,Very Low
C00969,Tech,5,annual,6,6,4,0.667,5,0.071,3,1,,0.351,0,0,1.0,0.6,0.4081049897102383,1,Medium
C00970,Healthcare,11,annual,6,4,4,1.0,2,-0.538,0,0,,0.727,0,0,0.4,0.0,0.008628447382122694,0,Very Low
C00971,Manufacturing,2,multi_year,32,2,1,0.5,3,0.5,2,0,4.0,0.645,1,0,1.5,1.0,0.020167346429830008,0,Very Low
C00972,Other,26,monthly,7,5,3,0.6,1,-0.7,2,1,5.0,0.696,0,1,0.25,0.5,0.547136844348547,1,Medium
C00973,,52,annual,13,9,3,0.333,2,-0.5,2,0,,0.604,0,0,0.5,0.5,0.3113037217401826,0,Low
C00974,Retail,11,multi_year,17,8,8,1.0,5,-0.444,2,0,6.0,0.917,1,0,0.5555555555555556,0.2222222222222222,0.0018441899011212173,0,Very Low
C00975,Healthcare,8,annual,15,7,6,0.857,8,0.0,3,1,,0.539,0,0,1.1428571428571428,0.42857142857142855,0.08683463125740311,0,Very Low
C00976,Healthcare,43,monthly,1,8,3,0.375,4,0.091,2,0,4.0,0.284,0,1,1.0,0.5,0.4740750416221284,1,Medium
C00977,Tech,16,annual,9,9,6,0.667,6,0.2,1,0,7.0,0.579,0,0,0.8571428571428571,0.14285714285714285,0.017807445550162653,0,Very Low
C00978,Retail,233,annual,28,16,12,0.75,11,-0.298,1,0,5.0,0.49,1,0,0.8461538461538461,0.07692307692307693,0.01950871659089121,0,Very Low
C00979,Tech,126,annual,19,16,12,0.75,7,-0.276,1,1,,0.742,1,0,0.5384615384615384,0.07692307692307693,0.03315884536261576,0,Very Low
C00980,Healthcare,4,monthly,1,3,2,0.667,1,-0.571,0,0,3.0,0.307,0,0,0.3333333333333333,0.0,0.4859175812223146,1,Medium
C00981,Other,55,monthly,19,9,1,0.111,3,0.5,3,0,,0.408,0,0,1.5,1.5,0.4993813091821322,1,Medium
C00982,Tech,54,annual,13,11,6,0.545,8,0.143,3,0,,0.64,0,0,1.1428571428571428,0.42857142857142855,0.044094090744351715,0,Very Low
C00983,Finance,57,annual,1,13,4,0.308,5,0.5,1,0,,0.384,0,0,1.0,0.2,0.1310471609419845,0,Very Low
C00984,Healthcare,26,annual,26,10,8,0.8,9,0.174,1,0,4.0,0.839,0,0,1.0,0.1111111111111111,0.004888843377129824,0,Very Low
C00985,Retail,6,multi_year,9,3,1,0.333,2,0.5,1,0,3.0,0.511,0,0,1.0,0.5,0.12579637861808407,0,Very Low
C00986,Retail,30,monthly,3,9,7,0.778,12,0.385,0,0,,0.542,1,0,1.5,0.0,0.014044916200832881,0,Very Low
C00987,Other,15,annual,26,7,2,0.286,5,0.154,4,0,5.0,0.633,0,0,1.6666666666666667,1.3333333333333333,0.22374831232849965,0,Low
C00988,,174,annual,30,15,11,0.733,13,0.3,2,1,,0.664,1,0,1.0833333333333333,0.16666666666666666,0.022194814705792085,0,Very Low
C00989,Finance,49,monthly,10,7,3,0.429,3,0.0,1,0,,0.568,0,1,0.75,0.25,0.14416930643342,0,Very Low
C00990,Healthcare,101,annual,17,15,10,0.667,14,0.2,1,0,,0.417,1,0,1.2727272727272727,0.09090909090909091,0.012384628718205077,0,Very Low
C00991,Other,9,multi_year,2,8,4,0.5,3,-0.1,2,3,,0.396,0,1,0.6,0.4,0.9451430695561474,1,Very High
C00992,Tech,27,monthly,1,7,6,0.857,5,-0.062,3,0,4.0,0.646,0,0,0.7142857142857143,0.42857142857142855,0.0610172394253335,0,Very Low
C00993,,21,multi_year,18,6,4,0.667,5,0.5,2,0,7.0,0.547,0,0,1.0,0.4,0.01103501381338817,0,Very Low
C00994,Other,10,multi_year,4,6,4,0.667,2,-0.5,3,0,,0.731,0,0,0.4,0.6,0.053380566871214764,0,Very Low
C00995,Retail,16,multi_year,3,7,3,0.429,3,0.0,2,0,4.0,0.462,1,0,0.75,0.5,0.09757234832028741,0,Very Low
C00996,Retail,5,annual,12,4,3,0.75,3,-0.1,0,0,,0.566,0,0,0.75,0.0,0.03250029375764132,0,Very Low
C00997,Tech,29,multi_year,9,6,2,0.333,2,-0.333,1,0,,0.421,0,0,0.6666666666666666,0.3333333333333333,0.24912803490824037,0,Low
C00998,Tech,10,monthly,31,4,2,0.5,1,-0.4,2,0,,0.416,0,0,0.3333333333333333,0.6666666666666666,0.31993845183277186,0,Low
C00999,Tech,29,multi_year,1,6,1,0.167,1,-0.4,5,0,,0.262,0,1,0.5,2.5,0.7816175637634103,1,High
C01000,Finance,37,annual,5,9,7,0.778,8,0.2,3,0,,0.662,0,0,1.0,0.375,0.014866622622421938,0,Very Low
C01001,Tech,19,annual,1,10,2,0.2,2,0.0,0,0,3.0,0.411,0,1,0.6666666666666666,0.0,0.5230387489515719,1,Medium
C01002,Tech,12,annual,16,5,4,0.8,11,0.269,1,0,5.0,0.646,0,0,2.2,0.2,0.020690311489236078,0,Very Low
C01003,Retail,58,annual,15,7,6,0.857,4,-0.429,3,0,6.0,0.934,0,0,0.5714285714285714,0.42857142857142855,0.00747567059367519,0,Very Low
C01004,Retail,57,monthly,5,10,6,0.6,4,-0.077,4,0,4.0,0.523,0,0,0.5714285714285714,0.5714285714285714,0.2166343068265209,0,Low
C01005,Tech,15,annual,11,7,4,0.571,4,-0.2,1,0,,0.285,0,0,0.8,0.2,0.21208944326226653,0,Low
C01006,Other,73,monthly,21,13,9,0.692,9,0.0,1,0,6.0,0.764,0,0,0.9,0.1,0.022033564215161956,0,Very Low
C01007,Manufacturing,2,annual,63,2,1,0.5,1,-0.4,0,0,,0.575,0,0,0.5,0.0,0.06735014605979414,0,Very Low
C01008,Manufacturing,29,multi_year,13,7,3,0.429,1,-0.5,0,0,6.0,0.45,0,0,0.25,0.0,0.1394473027193466,0,Very Low
C01009,Finance,41,annual,11,9,5,0.556,5,0.0,1,0,4.0,0.599,0,0,0.8333333333333334,0.16666666666666666,0.07117736202538417,0,Very Low
C01010,Retail,24,multi_year,3,8,7,0.875,9,0.286,1,0,3.0,0.458,0,0,1.125,0.125,0.025621048390170882,0,Very Low
C01011,Finance,4,annual,6,5,4,0.8,5,0.25,0,0,4.0,0.679,0,0,1.0,0.0,0.018070881792701967,0,Very Low
C01012,Manufacturing,25,annual,17,9,5,0.556,6,0.0,3,1,,0.692,0,0,1.0,0.5,0.17805563787161466,0,Very Low
C01013,Finance,68,monthly,29,13,12,0.923,16,0.5,1,0,,0.662,0,0,1.2307692307692308,0.07692307692307693,0.004829792794659067,0,Very Low
C01014,Other,34,monthly,7,6,1,0.167,2,-0.143,2,0,5.0,0.174,0,0,1.0,1.0,0.8601739193429447,1,Very High
C01015,Manufacturing,6,annual,8,5,2,0.4,5,0.25,1,1,,0.46,0,0,1.6666666666666667,0.3333333333333333,0.4848850467237816,1,Medium
C01016,Manufacturing,27,monthly,9,9,4,0.444,3,-0.308,2,0,4.0,0.525,1,0,0.6,0.4,0.25504520513190987,0,Low
C01017,Other,160,monthly,14,10,3,0.3,2,-0.4,3,0,6.0,0.405,1,1,0.5,0.75,0.3318635731006824,0,Low
C01018,Manufacturing,99,annual,1,9,6,0.667,4,-0.5,2,0,3.0,0.743,0,0,0.5714285714285714,0.2857142857142857,0.09418068767101881,0,Very Low
C01019,Retail,127,monthly,4,7,5,0.714,4,0.091,1,0,7.0,0.554,1,0,0.6666666666666666,0.16666666666666666,0.011674904645029884,0,Very Low
C01020,Healthcare,25,annual,26,11,5,0.455,5,-0.062,0,1,5.0,0.492,0,0,0.8333333333333334,0.0,0.2650118592754885,0,Low
C01021,Tech,60,monthly,12,14,10,0.714,8,-0.04,3,0,5.0,0.66,0,0,0.7272727272727273,0.2727272727272727,0.059558156639043416,0,Very Low
C01022,Retail,27,annual,15,5,3,0.6,3,0.286,2,0,,0.789,0,0,0.75,0.5,0.011431521541133551,0,Very Low
C01023,Finance,25,annual,12,5,3,0.6,3,0.0,1,0,6.0,0.438,0,0,0.75,0.25,0.0589519348513301,0,Very Low
C01024,Tech,9,annual,5,7,7,1.0,0,-1.0,2,1,,0.753,0,0,0.0,0.25,0.1448655717246603,0,Very Low
C01025,Healthcare,28,annual,6,12,8,0.667,5,-0.118,2,0,6.0,0.434,0,0,0.5555555555555556,0.2222222222222222,0.05069106237746841,0,Very Low
C01026,Retail,82,annual,30,14,7,0.5,7,-0.045,2,0,,0.718,0,0,0.875,0.25,0.03370366333961207,0,Very Low
C01027,Tech,32,monthly,1,8,6,0.75,10,0.364,0,0,,0.513,0,0,1.4285714285714286,0.0,0.038960809228955784,0,Very Low
C01028,Retail,4,monthly,9,5,4,0.8,3,0.0,1,0,,0.509,0,0,0.6,0.2,0.0636292057968247,0,Very Low
C01029,Finance,52,monthly,23,7,6,0.857,14,0.556,0,0,,0.576,0,0,2.0,0.0,0.01061825061492031,0,Very Low
C01030,Healthcare,9,monthly,71,5,5,1.0,7,0.312,2,0,6.0,0.71,0,0,1.1666666666666667,0.3333333333333333,0.0020937886829845305,0,Very Low
C01031,Healthcare,49,monthly,11,6,3,0.5,5,0.154,2,0,1.0,0.532,1,0,1.25,0.5,0.1600119586341676,0,Very Low
C01032,Manufacturing,12,annual,5,5,4,0.8,4,-0.077,1,0,,0.718,0,0,0.8,0.2,0.01680746892915503,0,Very Low
C01033,Finance,146,annual,47,8,3,0.375,3,-0.25,3,1,6.0,0.681,1,0,0.75,0.75,0.1119935442121605,0,Very Low
C01034,Finance,23,monthly,37,10,6,0.6,7,0.167,0,0,8.0,0.451,0,0,1.0,0.0,0.033777661875589095,0,Very Low
C01035,Tech,85,annual,11,11,6,0.545,7,0.105,2,0,6.0,0.524,0,0,1.0,0.2857142857142857,0.05024828882979572,0,Very Low
C01036,Tech,6,annual,5,5,1,0.2,1,-0.25,1,0,6.0,0.521,1,0,0.5,0.5,0.20007885381742166,0,Low
C01037,Retail,23,annual,40,8,4,0.5,4,0.2,1,0,4.0,0.684,1,0,0.8,0.2,0.014955719070034589,0,Very Low
C01038,Tech,33,monthly,10,6,2,0.333,2,-0.4,3,1,2.0,0.461,0,1,0.6666666666666666,1.0,0.9433994316898435,1,Very High
C01039,Finance,6,monthly,11,3,2,0.667,2,0.2,3,0,,0.803,0,0,0.6666666666666666,1.0,0.031579275289668196,0,Very Low
C01040,Manufacturing,16,multi_year,6,5,2,0.4,2,-0.4,1,0,,0.589,0,0,0.6666666666666666,0.3333333333333333,0.14735486844931486,0,Very Low
C01041,Manufacturing,16,monthly,19,6,4,0.667,4,0.2,1,0,5.0,0.484,0,0,0.8,0.2,0.07158207918653534,0,Very Low
C01042,Healthcare,31,monthly,6,8,4,0.5,4,-0.333,1,0,4.0,0.278,0,1,0.8,0.2,0.4954750870191296,1,Medium
C01043,Manufacturing,30,annual,1,9,5,0.556,6,0.286,1,1,,0.319,0,0,1.0,0.16666666666666666,0.32861653652120687,0,Low
C01044,Finance,5,annual,87,6,1,0.167,2,-0.25,2,0,3.0,0.311,0,1,1.0,1.0,0.6179900355721519,1,High
C01045,,96,multi_year,5,9,7,0.778,6,0.059,0,0,5.0,0.749,0,0,0.75,0.0,0.009316077135542333,0,Very Low
C01046,,54,annual,3,9,4,0.444,7,0.75,2,0,5.0,0.625,0,0,1.4,0.4,0.04172760192705544,0,Very Low
C01047,Tech,15,annual,51,5,3,0.6,6,0.125,1,0,3.0,0.583,0,0,1.5,0.25,0.05862947912971673,0,Very Low
C01048,Tech,78,monthly,22,8,4,0.5,3,-0.438,4,0,5.0,0.561,0,0,0.6,0.8,0.29112975501806293,0,Low
C01049,Other,22,monthly,47,10,7,0.7,4,-0.5,5,0,,0.577,0,1,0.5,0.625,0.1357444859941758,0,Very Low
C01050,Other,15,annual,2,5,4,0.8,3,-0.182,2,0,5.0,0.76,0,0,0.6,0.4,0.022426258303879194,0,Very Low
C01051,Healthcare,7,annual,12,3,2,0.667,2,0.2,4,0,7.0,0.764,0,0,0.6666666666666666,1.3333333333333333,0.009134568329400839,0,Very Low
C01052,Healthcare,2,annual,25,2,2,1.0,2,-0.455,1,0,7.0,0.84,0,0,0.6666666666666666,0.3333333333333333,0.0039102776515389445,0,Very Low
C01053,Manufacturing,38,monthly,15,10,4,0.4,3,-0.182,3,0,4.0,0.531,0,0,0.6,0.6,0.4015361571760689,1,Medium
C01054,Tech,92,annual,19,11,6,0.545,8,0.2,2,0,4.0,0.688,0,0,1.1428571428571428,0.2857142857142857,0.037937335636023715,0,Very Low
C01055,Finance,54,multi_year,16,13,3,0.231,1,0.0,2,0,2.0,0.312,0,1,0.25,0.5,0.5101445741926264,1,Medium
C01056,Manufacturing,54,annual,41,13,11,0.846,5,-0.531,2,0,5.0,0.527,0,0,0.4166666666666667,0.16666666666666666,0.0400125556705038,0,Very Low
C01057,Tech,219,annual,21,11,9,0.818,11,0.179,0,0,6.0,0.559,1,0,1.1,0.0,0.0033287574974043017,0,Very Low
C01058,Healthcare,6,monthly,10,6,4,0.667,1,-0.75,1,0,2.0,0.625,0,0,0.2,0.2,0.3419946056620338,0,Low
C01059,Manufacturing,61,monthly,19,9,7,0.778,8,0.043,2,0,6.0,0.583,0,0,1.0,0.25,0.031634810697557275,0,Very Low
C01060,Other,237,annual,12,11,3,0.273,3,-0.1,2,1,,0.192,1,1,0.75,0.5,0.6255977099122076,1,High
C01061,Retail,25,monthly,1,5,3,0.6,2,0.0,4,0,,0.271,0,1,0.5,1.0,0.31706244361350905,0,Low
C01062,Tech,225,monthly,23,19,17,0.895,26,0.444,1,0,6.0,0.515,1,0,1.4444444444444444,0.05555555555555555,0.004142697481879612,0,Very Low
C01063,Finance,22,multi_year,10,6,1,0.167,1,-0.4,2,0,2.0,0.649,0,1,0.5,1.0,0.5222474899379486,1,Medium
C01064,Finance,17,monthly,11,6,2,0.333,8,0.714,2,0,,0.563,0,1,2.6666666666666665,0.6666666666666666,0.18649534857309283,0,Very Low
C01065,Healthcare,4,monthly,8,5,3,0.6,3,-0.308,0,2,6.0,0.604,1,0,0.75,0.0,0.5037534472706048,1,Medium
C01066,Retail,56,multi_year,8,11,10,0.909,15,0.731,1,0,7.0,0.398,1,0,1.3636363636363635,0.09090909090909091,0.0013909189825730519,0,Very Low
C01067,Tech,74,annual,5,12,7,0.583,3,-0.625,4,0,5.0,0.361,0,0,0.375,0.5,0.3616457363004687,0,Low
C01068,Other,57,annual,22,9,4,0.444,6,-0.25,7,0,,0.658,0,0,1.2,1.4,0.1864063818911535,0,Very Low
C01069,Retail,40,annual,12,13,7,0.538,7,-0.125,1,0,7.0,0.26,0,0,0.875,0.125,0.14696853915423316,0,Very Low
C01070,Tech,68,annual,13,11,7,0.636,7,-0.045,3,0,5.0,0.69,0,0,0.875,0.375,0.0362982740145184,0,Very Low
C01071,Tech,26,monthly,2,8,3,0.375,3,-0.1,3,1,7.0,0.407,0,1,0.75,0.75,0.7173044212067171,1,High
C01072,Finance,5,annual,25,4,1,0.25,3,0.125,3,0,,0.471,0,0,1.5,1.5,0.35037718592792927,0,Low
C01073,Tech,43,annual,21,7,2,0.286,3,1.25,2,0,4.0,0.522,0,0,1.0,0.6666666666666666,0.02805058768525621,0,Very Low
C01074,Manufacturing,57,multi_year,1,7,5,0.714,4,-0.25,1,0,,0.438,0,0,0.6666666666666666,0.16666666666666666,0.05154861499398672,0,Very Low
C01075,Manufacturing,562,monthly,10,12,10,0.833,9,-0.069,2,0,,0.537,1,0,0.8181818181818182,0.18181818181818182,0.014524733015678998,0,Very Low
C01076,Tech,20,monthly,5,7,5,0.714,9,0.421,0,0,4.0,0.539,0,0,1.5,0.0,0.0603195370443034,0,Very Low
C01077,Finance,37,multi_year,2,6,4,0.667,3,-0.308,3,0,5.0,0.514,0,0,0.6,0.6,0.0789120960711871,0,Very Low
C01078,Retail,5,monthly,15,5,3,0.6,6,0.636,1,0,8.0,0.756,0,0,1.5,0.25,0.010444900559943493,0,Very Low
C01079,Retail,5,annual,26,6,2,0.333,1,0.0,2,0,3.0,0.598,0,0,0.3333333333333333,0.6666666666666666,0.21738142876164027,0,Low
C01080,,9,annual,8,6,4,0.667,5,0.25,1,0,,0.345,0,0,1.0,0.2,0.09551806201499406,0,Very Low
C01081,Tech,146,annual,1,13,6,0.462,7,-0.087,2,0,3.0,0.391,1,0,1.0,0.2857142857142857,0.19086321352260896,0,Very Low
C01082,Retail,36,annual,2,11,8,0.727,5,-0.375,2,0,,0.641,0,0,0.5555555555555556,0.2222222222222222,0.05008108833969252,0,Very Low
C01083,Other,34,monthly,6,11,4,0.364,10,0.667,4,1,4.0,0.359,0,0,2.0,0.8,0.769482794782784,1,High
C01084,Tech,18,monthly,54,8,6,0.75,5,-0.062,1,0,6.0,0.618,0,0,0.7142857142857143,0.14285714285714285,0.022640974098988454,0,Very Low
C01085,Finance,40,monthly,51,9,7,0.778,4,-0.368,3,1,,0.657,0,0,0.5,0.375,0.14835699273881556,0,Very Low
C01086,Tech,78,annual,42,8,3,0.375,3,-0.182,2,0,,0.684,0,0,0.75,0.5,0.06132614851795234,0,Very Low
C01087,Tech,58,annual,6,14,4,0.286,8,0.412,0,0,,0.359,0,0,1.6,0.0,0.19540572161766284,0,Very Low
C01088,Retail,29,annual,3,10,3,0.3,3,0.5,2,0,8.0,0.373,0,0,0.75,0.5,0.07585445040467659,0,Very Low
C01089,Finance,37,multi_year,13,10,2,0.2,2,-0.4,2,0,,0.203,1,0,0.6666666666666666,0.6666666666666666,0.45353514253930877,1,Medium
C01090,Retail,47,monthly,45,10,8,0.8,13,0.0,2,0,4.0,0.468,0,0,1.4444444444444444,0.2222222222222222,0.07005031737902533,0,Very Low
C01091,Finance,64,annual,18,7,7,1.0,7,-0.222,0,1,5.0,0.767,0,0,0.875,0.0,0.022785313805429617,0,Very Low
C01092,Other,46,annual,71,8,3,0.375,3,-0.25,1,0,,0.611,0,0,0.75,0.25,0.05854402987180582,0,Very Low
C01093,Other,23,annual,22,8,3,0.375,2,0.2,3,1,4.0,0.538,0,0,0.5,0.75,0.4156983837219533,1,Medium
C01094,,7,annual,7,5,3,0.6,5,0.25,0,0,7.0,0.683,0,0,1.25,0.0,0.024052978167214033,0,Very Low
C01095,Tech,35,annual,2,9,4,0.444,6,0.385,4,0,,0.434,0,0,1.2,0.8,0.1285435660283021,0,Very Low
C01096,,31,annual,2,5,4,0.8,3,-0.182,1,0,4.0,0.778,0,0,0.6,0.2,0.03001929861167019,0,Very Low
C01097,Tech,27,annual,1,8,5,0.625,5,0.25,0,1,6.0,0.66,0,0,0.8333333333333334,0.0,0.07029738223284493,0,Very Low
C01098,Retail,19,annual,1,6,4,0.667,6,0.059,0,0,,0.646,0,0,1.2,0.0,0.028802856457492195,0,Very Low
C01099,Retail,9,monthly,1,6,5,0.833,2,-0.625,1,0,,0.602,0,0,0.3333333333333333,0.16666666666666666,0.1139967329950569,0,Very Low
C01100,Other,91,monthly,5,13,3,0.231,3,0.0,0,0,3.0,0.431,0,0,0.75,0.0,0.5932746065566203,1,Medium
C01101,Healthcare,15,multi_year,11,8,6,0.75,5,-0.444,2,0,5.0,0.489,0,0,0.7142857142857143,0.2857142857142857,0.05488478199222926,0,Very Low
C01102,Retail,27,annual,2,6,3,0.5,3,0.0,2,0,,0.631,0,0,0.75,0.5,0.06610808165295894,0,Very Low
C01103,Retail,18,monthly,6,8,4,0.5,4,0.091,1,0,7.0,0.659,1,0,0.8,0.2,0.02909439744307798,0,Very Low
C01104,Healthcare,8,annual,20,5,3,0.6,3,-0.182,4,1,7.0,0.415,0,1,0.75,1.0,0.2772989709667086,0,Low
C01105,Healthcare,59,monthly,15,9,6,0.667,7,0.167,4,0,,0.614,0,0,1.0,0.5714285714285714,0.03638422922575051,0,Very Low
C01106,Manufacturing,6,monthly,36,4,3,0.75,2,0.2,2,0,,0.559,0,0,0.5,0.5,0.03081683144719189,0,Very Low
C01107,Healthcare,28,annual,4,10,6,0.6,3,-0.5,1,0,,0.526,0,1,0.42857142857142855,0.14285714285714285,0.09213725241156581,0,Very Low
C01108,Other,18,monthly,18,6,4,0.667,2,-0.684,1,0,5.0,0.611,1,0,0.4,0.2,0.09941916860742538,0,Very Low
C01109,Tech,29,annual,18,10,6,0.6,11,0.737,4,0,3.0,0.46,1,0,1.5714285714285714,0.5714285714285714,0.03033518934149725,0,Very Low
C01110,Finance,10,monthly,11,4,2,0.5,0,-1.0,3,0,,0.514,0,0,0.0,1.0,0.5874247006702987,1,Medium
C01111,Retail,82,annual,1,10,5,0.5,8,0.143,2,0,,0.551,0,0,1.3333333333333333,0.3333333333333333,0.07402590425748964,0,Very Low
C01112,Retail,110,annual,52,7,3,0.429,5,0.25,2,0,,0.679,1,0,1.25,0.5,0.00993306225322891,0,Very Low
C01113,Healthcare,59,annual,5,14,11,0.786,19,0.781,1,1,6.0,0.746,0,0,1.5833333333333333,0.08333333333333333,0.007784386771379773,0,Very Low
C01114,Other,17,multi_year,18,6,3,0.5,3,0.125,1,0,8.0,0.525,1,0,0.75,0.25,0.010000779611228241,0,Very Low
C01115,Retail,7,multi_year,4,5,5,1.0,4,-0.077,2,0,,0.803,0,0,0.6666666666666666,0.3333333333333333,0.004536718193498864,0,Very Low
C01116,Other,239,multi_year,36,16,13,0.812,15,0.216,2,0,7.0,0.817,1,0,1.0714285714285714,0.14285714285714285,0.0006478114115760137,0,Very Low
C01117,Healthcare,4,monthly,10,4,3,0.75,3,-0.25,1,0,,0.481,0,0,0.75,0.25,0.09714703203895479,0,Very Low
C01118,Retail,8,annual,42,4,1,0.25,1,-0.625,2,0,,0.236,0,1,0.5,1.0,0.6666039576695213,1,High
C01119,Tech,41,annual,5,13,3,0.231,3,-0.438,2,0,6.0,0.239,0,1,0.75,0.5,0.6926836782700956,1,High
C01120,Tech,48,monthly,6,8,6,0.75,4,0.091,0,0,7.0,0.686,0,0,0.5714285714285714,0.0,0.013721241065156606,0,Very Low
C01121,Other,8,annual,9,4,1,0.25,2,0.2,4,0,,0.327,0,0,1.0,2.0,0.4913139444211476,1,Medium
C01122,Tech,46,monthly,2,6,4,0.667,5,0.154,1,0,,0.368,0,0,1.0,0.2,0.11460939307287439,0,Very Low
C01123,Retail,6,annual,1,4,1,0.25,0,-1.0,1,0,6.0,0.597,0,1,0.0,0.5,0.5285324151674605,1,Medium
C01124,Retail,60,monthly,25,8,3,0.375,3,0.0,3,1,5.0,0.436,0,0,0.75,0.75,0.6620663435815134,1,High
C01125,Tech,44,monthly,20,10,4,0.4,4,0.0,1,0,5.0,0.568,1,1,0.8,0.2,0.0941929003126947,0,Very Low
C01126,Tech,28,annual,51,7,5,0.714,3,-0.182,4,0,,0.544,0,0,0.5,0.6666666666666666,0.031736403272792445,0,Very Low
C01127,Tech,90,multi_year,16,11,3,0.273,4,0.2,2,0,4.0,0.237,0,0,1.0,0.5,0.34556585197229595,0,Low
C01128,Retail,41,monthly,7,6,3,0.5,2,0.2,3,0,,0.343,0,0,0.5,0.75,0.20429386385733841,0,Low
C01129,Tech,2,annual,8,3,1,0.333,2,-0.143,3,0,3.0,0.529,0,1,1.0,1.5,0.5702691740566651,1,Medium
C01130,Finance,67,multi_year,20,9,7,0.778,10,0.364,1,0,,0.471,0,0,1.25,0.125,0.009685998091273096,0,Very Low
C01131,Healthcare,39,monthly,1,8,4,0.5,5,0.25,1,0,5.0,0.596,1,0,1.0,0.2,0.03380100269027785,0,Very Low
C01132,Finance,82,multi_year,24,9,6,0.667,6,-0.1,1,1,,0.501,0,0,0.8571428571428571,0.14285714285714285,0.10880815840287907,0,Very Low
C01133,Tech,23,annual,72,8,7,0.875,15,0.552,0,0,7.0,0.406,0,0,1.875,0.0,0.00327683385263346,0,Very Low
C01134,Tech,67,monthly,48,9,4,0.444,8,0.5,2,0,7.0,0.725,0,0,1.6,0.4,0.01890382919649531,0,Very Low
C01135,Healthcare,21,annual,4,7,5,0.714,5,0.667,1,0,7.0,0.756,0,0,0.8333333333333334,0.16666666666666666,0.0018976302033534137,0,Very Low
C01136,Retail,48,monthly,42,12,7,0.583,6,-0.182,0,0,4.0,0.709,0,0,0.75,0.0,0.06708459731075188,0,Very Low
C01137,Retail,79,annual,60,15,5,0.333,8,0.2,1,0,4.0,0.62,1,0,1.3333333333333333,0.16666666666666666,0.03260198585956132,0,Very Low
C01138,Tech,17,monthly,30,10,9,0.9,11,0.222,2,1,6.0,0.568,0,0,1.1,0.2,0.06886079222418932,0,Very Low
C01139,Healthcare,16,annual,26,10,8,0.8,9,0.421,1,0,7.0,0.663,0,0,1.0,0.1111111111111111,0.0025975082629331927,0,Very Low
C01140,Retail,33,multi_year,3,10,4,0.4,8,0.5,0,0,4.0,0.592,0,0,1.6,0.0,0.0558749032243941,0,Very Low
C01141,Retail,71,monthly,22,10,5,0.5,6,-0.1,1,0,7.0,0.71,0,0,1.0,0.16666666666666666,0.049251546161436684,0,Very Low
C01142,Manufacturing,46,multi_year,7,6,4,0.667,5,-0.118,2,0,,0.68,0,0,1.0,0.4,0.024276843667683647,0,Very Low
C01143,Tech,37,monthly,2,6,3,0.5,4,-0.25,4,0,6.0,0.626,0,1,1.0,1.0,0.23628015938309338,0,Low
C01144,Tech,64,monthly,21,7,6,0.857,6,-0.053,3,0,7.0,0.785,0,0,0.8571428571428571,0.42857142857142855,0.009633216888841785,0,Very Low
C01145,Other,46,monthly,9,8,4,0.5,4,0.2,0,0,,0.603,0,0,0.8,0.0,0.06779872534401446,0,Very Low
C01146,Retail,11,monthly,73,4,2,0.5,2,-0.25,2,0,5.0,0.721,0,0,0.6666666666666666,0.6666666666666666,0.06931449486897405,0,Very Low
C01147,,128,monthly,10,15,12,0.8,14,0.167,1,0,10.0,0.543,1,0,1.0769230769230769,0.07692307692307693,0.005278371774650774,0,Very Low
C01148,,119,annual,11,10,8,0.8,4,-0.368,1,0,8.0,0.471,1,0,0.4444444444444444,0.1111111111111111,0.013727922107587286,0,Very Low
C01149,Tech,95,annual,16,9,2,0.222,7,0.105,2,1,1.0,0.256,0,1,2.3333333333333335,0.6666666666666666,0.9563959445856823,1,Very High
C01150,Other,5,annual,13,6,4,0.667,3,-0.438,2,0,3.0,0.358,0,0,0.6,0.4,0.3757074260798237,0,Low
C01151,Retail,114,multi_year,20,12,10,0.833,15,0.452,0,0,8.0,0.798,1,0,1.3636363636363635,0.0,0.00034489521611172233,0,Very Low
C01152,Tech,10,annual,64,5,3,0.6,4,0.2,2,0,4.0,0.644,0,0,1.0,0.5,0.024767975728797423,0,Very Low
C01153,Tech,31,annual,23,7,6,0.857,8,0.0,2,0,8.0,0.779,0,0,1.1428571428571428,0.2857142857142857,0.0036096115522908654,0,Very Low
C01154,Manufacturing,26,annual,17,10,4,0.4,4,0.2,3,0,4.0,0.454,0,0,0.8,0.6,0.1920893340530698,0,Very Low
C01155,Healthcare,173,annual,16,17,12,0.706,13,0.147,4,0,,0.624,1,0,1.0,0.3076923076923077,0.0062864844017490994,0,Very Low
C01156,Other,86,multi_year,1,8,2,0.25,4,0.0,1,1,,0.507,1,1,1.3333333333333333,0.3333333333333333,0.33178089046028825,0,Low
C01157,Retail,31,annual,1,9,1,0.111,1,0.0,2,0,,0.385,0,0,0.5,1.0,0.492814735266463,1,Medium
C01158,Retail,51,annual,2,13,10,0.769,6,-0.217,2,0,,0.437,0,0,0.5454545454545454,0.18181818181818182,0.0643028796946598,0,Very Low
C01159,Healthcare,17,monthly,15,5,3,0.6,6,0.286,2,0,,0.599,0,0,1.5,0.5,0.04905593045001407,0,Very Low
C01160,Finance,10,monthly,66,5,4,0.8,9,0.421,0,0,6.0,0.573,0,0,1.8,0.0,0.010276891625693074,0,Very Low
C01161,Healthcare,62,monthly,6,6,4,0.667,3,-0.182,3,0,7.0,0.516,0,0,0.6,0.6,0.055323218213059897,0,Very Low
C01162,Tech,70,annual,25,10,6,0.6,9,0.174,4,0,,0.328,0,0,1.2857142857142858,0.5714285714285714,0.09545633604643047,0,Very Low
C01163,Healthcare,33,monthly,8,7,1,0.143,1,-0.5,4,0,1.0,0.328,0,1,0.5,2.0,0.9529810970852485,1,Very High
C01164,Other,162,monthly,63,17,14,0.824,4,-0.676,1,2,7.0,0.552,1,0,0.26666666666666666,0.06666666666666667,0.24465534727966465,0,Low
C01165,Healthcare,209,monthly,3,14,12,0.857,10,0.0,1,0,7.0,0.666,1,0,0.7692307692307693,0.07692307692307693,0.0037184755846053448,0,Very Low
C01166,Healthcare,20,monthly,10,9,6,0.667,10,0.765,2,0,,0.432,0,0,1.4285714285714286,0.2857142857142857,0.02792815296828,0,Very Low
C01167,Tech,43,annual,11,11,9,0.818,8,0.091,1,0,5.0,0.579,0,0,0.8,0.1,0.017492130138509386,0,Very Low
C01168,Other,55,annual,13,10,5,0.5,4,-0.25,2,0,6.0,0.598,1,0,0.6666666666666666,0.3333333333333333,0.04098527546871168,0,Very Low
C01169,Tech,4,monthly,2,2,1,0.5,1,-0.4,2,0,6.0,0.709,0,0,0.5,1.0,0.21446574778350408,0,Low
C01170,Tech,110,monthly,23,8,6,0.75,9,0.35,1,0,6.0,0.573,1,0,1.2857142857142858,0.14285714285714285,0.007854657080978301,0,Very Low
C01171,,93,monthly,5,10,5,0.5,5,0.364,3,0,7.0,0.442,0,0,0.8333333333333334,0.5,0.11383165477577678,0,Very Low
C01172,Other,50,annual,29,6,5,0.833,10,0.875,0,0,,0.373,1,0,1.6666666666666667,0.0,0.0026873385030726595,0,Very Low
C01173,Retail,33,multi_year,9,6,2,0.333,5,0.667,2,0,3.0,0.447,0,0,1.6666666666666667,0.6666666666666666,0.14083017872630996,0,Very Low
C01174,Other,23,multi_year,2,5,3,0.6,3,-0.182,0,0,4.0,0.572,0,0,0.75,0.0,0.07062166648488083,0,Very Low
C01175,Other,142,multi_year,30,14,11,0.786,9,-0.372,3,0,5.0,0.493,1,0,0.75,0.25,0.018061072336662005,0,Very Low
C01176,Retail,18,monthly,4,9,4,0.444,2,0.0,2,0,,0.524,0,0,0.4,0.4,0.205868284600061,0,Low
C01177,Healthcare,52,multi_year,1,13,8,0.615,3,-0.625,4,0,4.0,0.774,1,0,0.3333333333333333,0.4444444444444444,0.03319026295924831,0,Very Low
C01178,Retail,31,annual,5,11,7,0.636,5,-0.375,1,0,,0.417,0,1,0.625,0.125,0.14072249089634845,0,Very Low
C01179,Other,131,annual,8,12,6,0.5,4,-0.368,3,1,7.0,0.534,1,0,0.5714285714285714,0.42857142857142855,0.19015122816114507,0,Very Low
C01180,Finance,158,monthly,1,11,4,0.364,2,-0.25,5,0,4.0,0.485,1,0,0.4,1.0,0.35777171704738847,0,Low
C01181,Finance,39,annual,1,12,10,0.833,7,-0.25,2,0,,0.468,0,0,0.6363636363636364,0.18181818181818182,0.05099727662008892,0,Very Low
C01182,Finance,34,annual,6,8,5,0.625,3,-0.25,5,0,7.0,0.41,0,0,0.5,0.8333333333333334,0.11201594226561319,0,Very Low
C01183,Finance,9,annual,1,7,6,0.857,4,-0.538,2,0,5.0,0.727,0,0,0.5714285714285714,0.2857142857142857,0.04295773160565446,0,Very Low
C01184,Finance,11,annual,4,8,5,0.625,4,-0.333,2,0,6.0,0.61,0,0,0.6666666666666666,0.3333333333333333,0.08059481081032116,0,Very Low
C01185,Other,48,multi_year,14,13,8,0.615,4,0.091,1,1,5.0,0.332,0,0,0.4444444444444444,0.1111111111111111,0.23344206815220564,0,Low
C01186,Retail,52,multi_year,39,12,9,0.75,7,-0.222,1,0,6.0,0.527,0,0,0.7,0.1,0.016610600132110655,0,Very Low
C01187,Tech,34,monthly,4,8,6,0.75,6,0.286,4,0,6.0,0.47,0,0,0.8571428571428571,0.5714285714285714,0.056472917561686785,0,Very Low
C01188,,9,annual,2,5,4,0.8,7,0.312,1,0,8.0,0.854,1,0,1.4,0.2,0.002163890775180541,0,Very Low
C01189,Manufacturing,12,annual,12,5,3,0.6,2,-0.333,0,0,8.0,0.784,1,0,0.5,0.0,0.00734146361772793,0,Very Low
C01190,Manufacturing,2,monthly,19,4,2,0.5,2,-0.143,2,0,,0.506,0,1,0.6666666666666666,0.6666666666666666,0.2703839923140369,0,Low
C01191,Retail,26,monthly,12,6,4,0.667,4,0.0,7,1,6.0,0.657,0,0,0.8,1.4,0.3067787226485827,0,Low
C01192,Healthcare,2,annual,25,4,2,0.5,1,-0.25,7,0,8.0,0.439,0,0,0.3333333333333333,2.3333333333333335,0.14395989627474573,0,Very Low
C01193,Manufacturing,4,annual,4,5,3,0.6,2,0.2,0,0,4.0,0.644,0,0,0.5,0.0,0.04205969632953171,0,Very Low
C01194,Manufacturing,10,monthly,39,8,6,0.75,3,-0.471,0,0,4.0,0.464,0,0,0.42857142857142855,0.0,0.16263868528592126,0,Very Low
C01195,Manufacturing,77,multi_year,19,12,7,0.583,5,0.071,0,1,10.0,0.695,1,0,0.625,0.0,0.00677531745704365,0,Very Low
C01196,Healthcare,8,monthly,4,6,3,0.5,3,-0.182,3,0,6.0,0.411,0,0,0.75,0.75,0.28828924040850235,0,Low
C01197,Finance,51,annual,5,7,3,0.429,2,0.2,3,0,4.0,0.429,0,0,0.5,0.75,0.16425445450520604,0,Very Low
C01198,,200,annual,5,18,4,0.222,5,0.5,0,0,3.0,0.488,1,0,1.0,0.0,0.14060115257808856,0,Very Low
C01199,Healthcare,56,annual,25,12,3,0.25,5,0.25,3,0,,0.349,0,0,1.25,0.75,0.20395165611617652,0,Low
C01200,Tech,48,monthly,7,6,4,0.667,3,0.0,1,0,7.0,0.776,1,0,0.6,0.2,0.008313704959822463,0,Very Low
C01201,,7,monthly,37,4,2,0.5,3,-0.1,2,0,2.0,0.409,0,0,1.0,0.6666666666666666,0.6071597768294225,1,High
C01202,Tech,18,monthly,39,9,8,0.889,11,0.269,1,0,,0.462,0,0,1.2222222222222223,0.1111111111111111,0.021231627656366076,0,Very Low
C01203,Other,5,annual,6,5,2,0.4,5,0.071,2,0,5.0,0.494,0,0,1.6666666666666667,0.6666666666666666,0.28887997406947946,0,Low
C01204,Manufacturing,50,monthly,17,10,7,0.7,9,0.35,4,0,,0.749,0,0,1.125,0.5,0.02122753850504211,0,Very Low
C01205,Finance,46,annual,30,11,5,0.455,6,0.385,6,0,,0.266,0,0,1.0,1.0,0.16143594364802044,0,Very Low
C01206,Other,115,annual,1,8,4,0.5,5,-0.062,1,0,3.0,0.327,1,0,1.0,0.2,0.17303267130179398,0,Very Low
C01207,Tech,28,annual,1,7,3,0.429,3,0.125,2,0,6.0,0.452,1,0,0.75,0.5,0.059814755155431866,0,Very Low
C01208,Finance,37,annual,10,8,3,0.375,3,-0.308,2,0,,0.34,1,1,0.75,0.5,0.21501828522271274,0,Low
C01209,Retail,11,multi_year,2,5,2,0.4,3,-0.1,0,0,3.0,0.411,1,0,1.0,0.0,0.17426906036779724,0,Very Low
C01210,Finance,41,annual,14,12,8,0.667,9,0.35,2,0,,0.67,0,0,1.0,0.2222222222222222,0.013541164300668283,0,Very Low
C01211,Manufacturing,95,monthly,61,11,2,0.182,3,0.0,4,0,,0.525,0,0,1.0,1.3333333333333333,0.3316649225434368,0,Low
C01212,Other,45,annual,40,10,6,0.6,8,0.263,1,0,2.0,0.478,0,0,1.1428571428571428,0.14285714285714285,0.07814032591682056,0,Very Low
C01213,Other,63,annual,11,10,6,0.6,8,0.043,3,0,6.0,0.728,1,0,1.1428571428571428,0.42857142857142855,0.012793391600092522,0,Very Low
C01214,Healthcare,30,monthly,7,10,6,0.6,8,0.263,3,0,,0.586,0,0,1.1428571428571428,0.42857142857142855,0.05394726165488926,0,Very Low
C01215,Other,46,monthly,42,11,5,0.455,11,0.833,3,0,8.0,0.301,0,0,1.8333333333333333,0.5,0.052692329707879244,0,Very Low
C01216,Retail,32,annual,11,5,4,0.8,2,-0.571,1,0,5.0,0.42,0,0,0.4,0.2,0.09397959460644496,0,Very Low
C01217,Finance,11,monthly,1,6,3,0.5,1,-0.625,2,0,4.0,0.359,1,1,0.25,0.5,0.5047564731706167,1,Medium
C01218,,26,monthly,33,9,6,0.667,6,0.059,5,1,7.0,0.522,0,0,0.8571428571428571,0.7142857142857143,0.2888776148727705,0,Low
C01219,Other,62,monthly,15,9,5,0.556,6,-0.053,3,0,9.0,0.391,0,0,1.0,0.5,0.0962426046279147,0,Very Low
C01220,Tech,41,annual,10,6,6,1.0,9,0.038,1,0,9.0,0.559,0,0,1.2857142857142858,0.14285714285714285,0.0034091784328852998,0,Very Low
C01221,,25,annual,7,6,4,0.667,7,0.4,4,1,5.0,0.346,0,0,1.4,0.8,0.3831660566959757,1,Low
C01222,,12,multi_year,34,9,3,0.333,3,0.0,1,0,3.0,0.68,0,0,0.75,0.25,0.15225521015198634,0,Very Low
C01223,Finance,50,monthly,2,13,10,0.769,14,0.273,1,0,6.0,0.755,0,0,1.2727272727272727,0.09090909090909091,0.014660384765715006,0,Very Low
C01224,Tech,17,annual,1,9,3,0.333,2,-0.4,2,2,,0.32,1,1,0.5,0.5,0.9149962578085634,1,Very High
C01225,Finance,23,monthly,18,8,6,0.75,8,0.412,3,1,6.0,0.484,0,0,1.1428571428571428,0.42857142857142855,0.14163161303730928,0,Very Low
C01226,Manufacturing,57,monthly,6,7,1,0.143,3,0.0,2,0,5.0,0.605,0,0,1.5,1.0,0.5361238350354489,1,Medium
C01227,Tech,89,annual,2,13,11,0.846,9,-0.036,1,1,,0.445,0,0,0.75,0.08333333333333333,0.11618735415112383,0,Very Low
C01228,Other,16,monthly,58,10,7,0.7,9,0.421,2,0,,0.807,0,0,1.125,0.25,0.008095478636779257,0,Very Low
C01229,Retail,19,annual,44,5,3,0.6,2,-0.455,0,0,6.0,0.678,0,0,0.5,0.0,0.029413382069364623,0,Very Low
C01230,Tech,64,monthly,21,9,5,0.556,5,0.25,2,0,,0.62,0,1,0.8333333333333334,0.3333333333333333,0.04763623911768919,0,Very Low
C01231,Finance,22,annual,9,6,4,0.667,8,0.263,1,0,6.0,0.489,0,0,1.6,0.2,0.035647724540258066,0,Very Low
C01232,Tech,175,annual,5,12,8,0.667,3,-0.609,1,0,6.0,0.39,1,0,0.3333333333333333,0.1111111111111111,0.0645860416130164,0,Very Low
C01233,Finance,81,annual,3,14,4,0.286,2,-0.333,6,0,5.0,0.299,0,1,0.4,1.2,0.6705771367420068,1,High
C01234,Retail,32,annual,24,11,10,0.909,9,0.038,1,0,7.0,0.745,0,0,0.8181818181818182,0.09090909090909091,0.0032680730569414227,0,Very Low
C01235,Other,9,annual,12,5,3,0.6,6,0.385,0,0,,0.288,0,0,1.5,0.0,0.08641798712860355,0,Very Low
C01236,Retail,70,monthly,13,14,6,0.429,10,0.429,1,0,,0.257,0,0,1.4285714285714286,0.14285714285714285,0.24664460028711988,0,Low
C01237,Healthcare,36,monthly,5,13,9,0.692,8,0.0,1,0,,0.472,0,1,0.8,0.1,0.06821013904604269,0,Very Low
C01238,Tech,6,monthly,40,4,3,0.75,2,0.2,0,0,5.0,0.818,1,0,0.5,0.0,0.004468087371185041,0,Very Low
C01239,Healthcare,11,monthly,16,4,0,0.0,1,0.0,5,0,,0.182,0,1,1.0,5.0,0.9485870283360311,1,Very High
C01240,Finance,24,monthly,17,6,3,0.5,4,0.2,2,0,7.0,0.505,0,0,1.0,0.5,0.08369694005233809,0,Very Low
C01241,Tech,58,monthly,23,6,3,0.5,2,0.2,1,0,,0.391,0,0,0.5,0.25,0.10543392175535844,0,Very Low
C01242,Retail,4,annual,20,4,2,0.5,1,-0.571,2,0,5.0,0.562,0,0,0.3333333333333333,0.6666666666666666,0.22912710380570459,0,Low
C01243,Manufacturing,25,monthly,1,8,6,0.75,0,-1.0,1,0,,0.72,0,0,0.0,0.14285714285714285,0.15760880383787995,0,Very Low
C01244,Retail,32,annual,39,11,7,0.636,8,0.412,1,0,,0.756,0,0,1.0,0.125,0.006181515887495899,0,Very Low
C01245,Tech,287,annual,12,11,7,0.636,3,-0.5,2,0,3.0,0.426,1,0,0.375,0.25,0.10979980203802968,0,Very Low
C01246,Tech,37,annual,4,8,2,0.25,4,0.091,3,0,,0.199,0,1,1.3333333333333333,1.0,0.5888564966991068,1,Medium
C01247,Tech,35,annual,30,8,5,0.625,5,0.5,1,0,5.0,0.47,0,0,0.8333333333333334,0.16666666666666666,0.019556142509449637,0,Very Low
C01248,Manufacturing,27,annual,45,9,6,0.667,4,-0.25,3,0,7.0,0.453,0,0,0.5714285714285714,0.42857142857142855,0.04079870315291519,0,Very Low
C01249,Healthcare,39,monthly,26,6,2,0.333,5,0.5,2,0,5.0,0.536,0,0,1.6666666666666667,0.6666666666666666,0.11218111337573082,0,Very Low
C01250,Retail,52,annual,35,6,2,0.333,1,-0.667,1,0,7.0,0.668,0,0,0.3333333333333333,0.3333333333333333,0.09866759694867673,0,Very Low
C01251,Tech,22,monthly,7,7,6,0.857,4,-0.077,1,0,3.0,0.598,0,0,0.5714285714285714,0.14285714285714285,0.07111060127119889,0,Very Low
C01252,Finance,46,annual,21,6,5,0.833,6,0.385,0,0,7.0,0.411,0,0,1.0,0.0,0.006893750947122953,0,Very Low
C01253,Other,196,multi_year,30,18,5,0.278,10,0.429,2,0,7.0,0.407,1,0,1.6666666666666667,0.3333333333333333,0.033755863494563346,0,Very Low
C01254,Retail,21,annual,22,5,3,0.6,2,-0.455,1,0,,0.599,0,0,0.5,0.25,0.07062619546922996,0,Very Low
C01255,Retail,53,annual,14,14,8,0.571,10,0.071,2,0,5.0,0.6,0,0,1.1111111111111112,0.2222222222222222,0.05421086851814753,0,Very Low
C01256,Other,206,monthly,15,8,7,0.875,7,-0.087,4,0,6.0,0.6,1,0,0.875,0.5,0.012421094017481857,0,Very Low
C01257,Retail,13,multi_year,15,8,3,0.375,3,-0.25,1,0,4.0,0.302,0,1,0.75,0.25,0.4021212785933326,1,Medium
C01258,,27,monthly,6,5,4,0.8,1,-0.5,1,0,4.0,0.65,0,0,0.2,0.2,0.1354428992814603,0,Very Low
C01259,Retail,14,monthly,1,8,6,0.75,4,-0.143,2,0,,0.711,1,0,0.5714285714285714,0.2857142857142857,0.024748619303294264,0,Very Low
C01260,,68,annual,6,14,8,0.571,6,-0.182,1,0,4.0,0.67,0,0,0.6666666666666666,0.1111111111111111,0.10815340537634832,0,Very Low
C01261,Retail,90,annual,53,11,5,0.455,4,-0.077,4,0,,0.322,0,0,0.6666666666666666,0.6666666666666666,0.13750069509376278,0,Very Low
C01262,Other,45,monthly,25,6,3,0.5,5,-0.062,3,0,,0.537,0,0,1.25,0.75,0.18720930424419172,0,Very Low
C01263,Manufacturing,28,monthly,8,11,5,0.455,9,0.5,2,0,7.0,0.628,0,0,1.5,0.3333333333333333,0.05458069073380992,0,Very Low
C01264,Retail,26,annual,2,6,4,0.667,5,0.0,2,0,7.0,0.683,1,0,1.0,0.4,0.009567224735135115,0,Very Low
C01265,Tech,35,multi_year,5,10,6,0.6,6,-0.182,2,1,5.0,0.487,0,0,0.8571428571428571,0.2857142857142857,0.3110005162009968,0,Low
C01266,Other,92,annual,22,15,7,0.467,4,-0.538,2,0,,0.525,0,0,0.5,0.25,0.19103309609389751,0,Very Low
C01267,Manufacturing,43,monthly,51,8,5,0.625,3,-0.5,2,0,3.0,0.454,0,1,0.5,0.3333333333333333,0.2850729387331909,0,Low
C01268,Retail,140,annual,17,14,3,0.214,2,-0.333,4,0,3.0,0.16,1,1,0.5,1.0,0.7074948239426064,1,High
C01269,Finance,236,monthly,21,9,4,0.444,4,0.2,3,0,3.0,0.649,1,0,0.8,0.6,0.06345963322066459,0,Very Low
C01270,Tech,22,monthly,32,10,6,0.6,7,0.167,1,0,,0.37,0,0,1.0,0.14285714285714285,0.11437370819555803,0,Very Low
C01271,Retail,171,annual,37,10,5,0.5,5,0.0,4,0,7.0,0.608,1,0,0.8333333333333334,0.6666666666666666,0.01301072083631399,0,Very Low
C01272,Finance,118,monthly,1,9,7,0.778,7,0.235,0,1,4.0,0.831,1,0,0.875,0.0,0.027081337433825108,0,Very Low
C01273,,28,monthly,2,8,5,0.625,6,0.286,1,0,3.0,0.419,0,0,1.0,0.16666666666666666,0.25937302156087766,0,Low
C01274,Finance,3,monthly,36,2,1,0.5,1,-0.25,0,0,4.0,0.453,0,0,0.5,0.0,0.27842139773148966,0,Low
C01275,Healthcare,11,annual,17,6,5,0.833,9,0.5,1,0,9.0,0.675,0,0,1.5,0.16666666666666666,0.0014598529854079523,0,Very Low
C01276,Retail,64,annual,1,11,4,0.364,6,0.2,4,0,4.0,0.407,1,0,1.2,0.8,0.18511082278039137,0,Very Low
C01277,Healthcare,4,monthly,18,3,1,0.333,1,-0.5,1,0,5.0,0.546,1,0,0.5,0.5,0.24573290430641848,0,Low
C01278,Finance,117,multi_year,12,15,7,0.467,8,0.263,3,0,5.0,0.701,1,0,1.0,0.375,0.013284602068888495,0,Very Low
C01279,Other,12,annual,4,8,6,0.75,7,0.235,3,0,,0.549,0,0,1.0,0.42857142857142855,0.03178613117886242,0,Very Low
C01280,Tech,38,monthly,7,9,4,0.444,4,-0.077,2,0,,0.569,0,0,0.8,0.4,0.20480936327679566,0,Low
C01281,Other,14,multi_year,42,6,3,0.5,7,0.615,6,0,5.0,0.705,0,0,1.75,1.5,0.024483861910367576,0,Very Low
C01282,Retail,19,annual,15,9,5,0.556,5,0.0,1,0,,0.584,0,0,0.8333333333333334,0.16666666666666666,0.052885413699358244,0,Very Low
C01283,Healthcare,36,annual,30,7,4,0.571,4,0.091,2,0,7.0,0.634,0,0,0.8,0.4,0.01167467728543795,0,Very Low
C01284,Retail,8,annual,8,7,4,0.571,2,-0.333,1,0,,0.51,0,0,0.4,0.2,0.12384844470400849,0,Very Low
C01285,Other,22,annual,23,7,3,0.429,4,0.0,5,0,,0.692,0,0,1.0,1.25,0.09834077639990821,0,Very Low
C01286,Finance,16,monthly,4,5,3,0.6,4,0.5,2,0,7.0,0.668,0,0,1.0,0.5,0.022558851262688254,0,Very Low
C01287,Retail,61,annual,1,11,7,0.636,6,-0.182,1,0,5.0,0.806,0,0,0.75,0.125,0.027657171936409354,0,Very Low
C01288,Manufacturing,10,annual,3,8,5,0.625,3,-0.182,4,0,5.0,0.732,0,0,0.5,0.6666666666666666,0.0660900790976479,0,Very Low
C01289,Finance,244,monthly,39,16,4,0.25,5,0.25,5,0,3.0,0.437,1,0,1.0,1.0,0.2954709598644171,0,Low
C01290,Healthcare,170,annual,42,11,8,0.727,11,0.269,2,0,6.0,0.762,1,0,1.2222222222222223,0.2222222222222222,0.0012311161029760365,0,Very Low
C01291,Healthcare,8,multi_year,8,4,2,0.5,5,0.364,4,0,5.0,0.325,0,0,1.6666666666666667,1.3333333333333333,0.1391094490833066,0,Very Low
C01292,Healthcare,7,annual,5,5,2,0.4,3,0.0,3,0,6.0,0.238,0,1,1.0,1.0,0.3250782843270818,0,Low
C01293,Manufacturing,16,annual,3,10,8,0.8,4,-0.25,2,0,4.0,0.674,0,0,0.4444444444444444,0.2222222222222222,0.04571613764180945,0,Very Low
C01294,Tech,40,monthly,13,9,7,0.778,12,0.286,3,0,,0.46,0,0,1.5,0.375,0.05719766211469954,0,Very Low
C01295,Tech,53,monthly,17,13,8,0.615,4,-0.429,1,0,7.0,0.456,0,0,0.4444444444444444,0.1111111111111111,0.14404763768071305,0,Very Low
C01296,Finance,56,monthly,1,14,10,0.714,13,0.56,2,0,5.0,0.588,0,0,1.1818181818181819,0.18181818181818182,0.029210470844082518,0,Very Low
C01297,Retail,69,annual,18,9,1,0.111,1,-0.25,2,1,4.0,0.307,0,1,0.5,1.0,0.9098574436166799,1,Very High
C01298,Tech,27,monthly,21,7,5,0.714,6,0.0,2,0,,0.625,0,0,1.0,0.3333333333333333,0.049074336956059075,0,Very Low
C01299,Tech,8,monthly,23,4,2,0.5,2,-0.333,2,0,4.0,0.681,0,1,0.6666666666666666,0.6666666666666666,0.24846400376781805,0,Low
C01300,Tech,11,monthly,2,5,3,0.6,0,-1.0,2,2,4.0,0.435,0,1,0.0,0.5,0.9758998982805216,1,Very High
C01301,Retail,19,annual,12,7,6,0.857,8,0.263,0,0,6.0,0.86,0,0,1.1428571428571428,0.0,0.002851739984719747,0,Very Low
C01302,Finance,12,monthly,19,8,1,0.125,3,0.5,1,0,,0.102,0,1,1.5,0.5,0.7093819501726184,1,High
C01303,Manufacturing,345,annual,4,13,4,0.308,6,0.385,3,0,3.0,0.29,1,0,1.2,0.6,0.21234190629782174,0,Low
C01304,Retail,18,annual,5,10,8,0.8,5,-0.375,4,0,7.0,0.572,0,1,0.5555555555555556,0.4444444444444444,0.04211789743796441,0,Very Low
C01305,Tech,105,multi_year,4,7,5,0.714,2,-0.4,1,0,3.0,0.382,1,0,0.3333333333333333,0.16666666666666666,0.06338012377414401,0,Very Low
C01306,Tech,64,monthly,28,8,7,0.875,4,-0.455,2,0,5.0,0.571,0,0,0.5,0.25,0.055966080334043815,0,Very Low
C01307,Tech,12,annual,4,5,3,0.6,3,-0.438,1,1,4.0,0.487,0,1,0.75,0.25,0.581084089438223,1,Medium
C01308,Retail,7,monthly,18,7,6,0.857,2,-0.6,1,0,,0.579,0,1,0.2857142857142857,0.14285714285714285,0.08952340408311472,0,Very Low
C01309,Tech,21,annual,18,10,4,0.4,6,0.5,1,1,4.0,0.255,0,1,1.2,0.2,0.5404382095995733,1,Medium
C01310,Manufacturing,40,annual,29,8,5,0.625,3,-0.5,3,1,10.0,0.647,0,1,0.5,0.5,0.07427087201147099,0,Very Low
C01311,Healthcare,20,annual,19,7,4,0.571,2,0.2,1,0,3.0,0.324,0,0,0.4,0.2,0.09360927344356003,0,Very Low
C01312,Manufacturing,91,annual,31,16,14,0.875,10,-0.189,2,0,,0.579,0,0,0.6666666666666666,0.13333333333333333,0.015161739898959643,0,Very Low
C01313,Other,15,annual,30,8,6,0.75,5,0.0,2,0,3.0,0.681,0,0,0.7142857142857143,0.2857142857142857,0.03342369316634021,0,Very Low
C01314,Other,15,monthly,38,5,2,0.4,7,0.909,0,0,,0.552,0,0,2.3333333333333335,0.0,0.0486508304604481,0,Very Low
C01315,Retail,39,annual,1,10,3,0.3,4,0.714,1,0,4.0,0.51,1,0,1.0,0.25,0.04489706096823242,0,Very Low
C01316,Tech,236,annual,13,19,17,0.895,37,1.176,2,0,5.0,0.656,1,0,2.0555555555555554,0.1111111111111111,0.000514235264784206,0,Very Low
C01317,Retail,69,monthly,19,12,9,0.75,12,0.385,3,0,,0.862,0,0,1.2,0.3,0.008524489581385769,0,Very Low
C01318,Other,202,multi_year,12,9,3,0.333,1,-0.75,0,0,3.0,0.568,1,1,0.25,0.0,0.1790353248319728,0,Very Low
C01319,Other,19,annual,8,7,3,0.429,6,0.385,3,0,5.0,0.24,0,0,1.5,0.75,0.29165579887355,0,Low
C01320,Finance,95,monthly,2,8,3,0.375,2,0.2,6,0,,0.573,0,0,0.5,1.5,0.2111928625591589,0,Low
C01321,Retail,50,monthly,1,9,7,0.778,7,0.235,5,0,,0.735,1,0,0.875,0.625,0.012065820493474134,0,Very Low
C01322,Finance,406,annual,14,19,13,0.684,18,0.059,1,1,6.0,0.357,1,1,1.2857142857142858,0.07142857142857142,0.08467102232775277,0,Very Low
C01323,Tech,21,annual,8,9,5,0.556,12,0.636,1,0,,0.661,0,0,2.0,0.16666666666666666,0.02105882393097188,0,Very Low
C01324,Tech,41,multi_year,2,6,3,0.5,5,0.364,1,0,,0.39,0,0,1.25,0.25,0.059590084756504,0,Very Low
C01325,Tech,13,monthly,2,6,4,0.667,3,-0.357,2,0,4.0,0.515,0,0,0.6,0.4,0.28768637207965037,0,Low
C01326,Tech,10,annual,9,6,4,0.667,3,-0.25,0,0,6.0,0.526,0,0,0.6,0.0,0.056408986032155654,0,Very Low
C01327,Other,72,annual,7,7,4,0.571,3,-0.4,3,0,5.0,0.497,0,0,0.6,0.6,0.16695197412163693,0,Very Low
C01328,Healthcare,58,annual,4,9,4,0.444,4,0.091,3,0,6.0,0.566,0,0,0.8,0.6,0.054511109784407236,0,Very Low
C01329,Retail,12,monthly,25,7,2,0.286,1,-0.5,2,0,4.0,0.479,0,1,0.3333333333333333,0.6666666666666666,0.6576437084106448,1,High
C01330,,93,annual,11,11,9,0.818,9,0.5,2,0,4.0,0.862,0,0,0.9,0.2,0.0051163022155518755,0,Very Low
C01331,Finance,31,monthly,10,8,2,0.25,3,-0.182,3,0,4.0,0.227,1,1,1.0,1.0,0.7225671888886397,1,High
C01332,Tech,36,monthly,20,12,10,0.833,5,-0.5,0,0,7.0,0.714,0,0,0.45454545454545453,0.0,0.025790064263798013,0,Very Low
C01333,Finance,250,annual,40,10,7,0.7,4,-0.333,0,0,,0.662,1,0,0.5,0.0,0.0065155610613284645,0,Very Low
C01334,Healthcare,81,multi_year,12,15,14,0.933,13,0.0,1,0,,0.495,0,0,0.8666666666666667,0.06666666666666667,0.00668777854568018,0,Very Low
C01335,Finance,117,annual,8,7,5,0.714,6,0.0,0,0,,0.567,1,0,1.0,0.0,0.009935886276851612,0,Very Low
C01336,,186,annual,10,15,10,0.667,15,0.154,1,0,6.0,0.682,1,0,1.3636363636363635,0.09090909090909091,0.009526187472746644,0,Very Low
C01337,Tech,53,multi_year,7,12,7,0.583,1,-0.885,4,0,,0.429,1,0,0.125,0.5,0.1635852232790815,0,Very Low
C01338,Other,28,monthly,21,6,3,0.5,0,-1.0,0,0,4.0,0.621,0,0,0.0,0.0,0.4153945203446124,1,Medium
C01339,Tech,177,multi_year,24,12,5,0.417,5,-0.318,5,0,4.0,0.237,1,0,0.8333333333333334,0.8333333333333334,0.2820679223820669,0,Low
C01340,Tech,229,monthly,23,11,6,0.545,11,0.571,1,0,5.0,0.739,1,0,1.5714285714285714,0.14285714285714285,0.008705476562865801,0,Very Low
C01341,Retail,8,annual,29,6,3,0.5,6,0.5,1,0,3.0,0.277,0,0,1.5,0.25,0.1846080427435124,0,Very Low
C01342,Manufacturing,16,monthly,23,5,4,0.8,5,0.25,1,0,5.0,0.621,0,0,1.0,0.2,0.023589588474289106,0,Very Low
C01343,Retail,17,annual,20,7,6,0.857,6,0.385,0,0,6.0,0.553,1,0,0.8571428571428571,0.0,0.0027484458504676993,0,Very Low
C01344,Tech,16,monthly,10,10,5,0.5,4,-0.2,1,0,4.0,0.507,0,0,0.6666666666666666,0.16666666666666666,0.3354378277765571,0,Low
C01345,Manufacturing,150,annual,20,14,7,0.5,3,-0.357,2,0,3.0,0.642,1,0,0.375,0.25,0.07204353967857377,0,Very Low
C01346,Finance,28,annual,27,10,6,0.6,4,-0.25,4,0,5.0,0.417,1,0,0.5714285714285714,0.5714285714285714,0.07584961219071093,0,Very Low
C01347,Manufacturing,30,annual,7,7,5,0.714,5,0.25,3,0,6.0,0.48,0,0,0.8333333333333334,0.5,0.029241008141757594,0,Very Low
C01348,Manufacturing,50,monthly,68,8,1,0.125,3,0.286,3,0,4.0,0.348,0,1,1.5,1.5,0.5656776193408596,1,Medium
C01349,Other,74,annual,18,8,7,0.875,7,0.235,2,0,7.0,0.664,0,0,0.875,0.25,0.0037239950613774035,0,Very Low
C01350,,39,annual,10,11,7,0.636,10,0.765,3,0,,0.647,0,0,1.25,0.375,0.014485211681150316,0,Very Low
C01351,Manufacturing,58,monthly,17,13,11,0.846,8,-0.294,2,0,,0.823,1,0,0.6666666666666666,0.16666666666666666,0.010111031401588725,0,Very Low
C01352,Healthcare,9,monthly,3,4,2,0.5,3,-0.1,0,1,7.0,0.627,0,0,1.0,0.0,0.24961245658210152,0,Low
C01353,Healthcare,43,annual,5,11,8,0.727,17,0.645,0,0,,0.452,0,0,1.8888888888888888,0.0,0.01103368643401267,0,Very Low
C01354,,17,annual,19,5,3,0.6,3,-0.308,1,0,,0.354,0,1,0.75,0.25,0.21171976065197531,0,Low
C01355,,37,annual,2,12,7,0.583,8,0.263,0,0,3.0,0.324,0,1,1.0,0.0,0.21940796064321322,0,Low
C01356,Finance,149,multi_year,23,10,8,0.8,10,-0.118,0,0,8.0,0.361,1,0,1.1111111111111112,0.0,0.0054028731529362,0,Very Low
C01357,Retail,57,annual,10,8,7,0.875,12,0.5,1,0,,0.858,0,0,1.5,0.125,0.0020570301039149782,0,Very Low
C01358,Tech,35,annual,5,12,8,0.667,6,0.059,2,0,7.0,0.419,0,0,0.6666666666666666,0.2222222222222222,0.043117097953816574,0,Very Low
C01359,Tech,147,annual,5,10,8,0.8,5,-0.211,0,0,,0.501,1,0,0.5555555555555556,0.0,0.012697645102658837,0,Very Low
C01360,Retail,244,monthly,5,13,9,0.692,12,0.714,1,0,5.0,0.552,1,0,1.2,0.1,0.00798509030787224,0,Very Low
C01361,Finance,70,monthly,40,9,7,0.778,14,0.615,2,0,,0.757,0,0,1.75,0.25,0.0055164107547923304,0,Very Low
C01362,Manufacturing,18,annual,7,10,7,0.7,4,-0.143,0,0,8.0,0.433,0,0,0.5,0.0,0.031182980289724112,0,Very Low
C01363,Retail,175,annual,1,13,9,0.692,7,-0.276,4,0,,0.649,1,0,0.7,0.4,0.022299610959728055,0,Very Low
C01364,Retail,40,annual,14,7,4,0.571,4,0.0,1,0,3.0,0.376,0,0,0.8,0.2,0.1732444511371815,0,Very Low
C01365,Tech,14,annual,11,4,3,0.75,2,-0.25,0,0,2.0,0.759,0,0,0.5,0.0,0.04645123676930981,0,Very Low
C01366,Other,61,monthly,1,14,10,0.714,4,-0.571,2,0,,0.695,0,0,0.36363636363636365,0.18181818181818182,0.11694595016502181,0,Very Low
C01367,Tech,18,multi_year,9,9,5,0.556,4,-0.143,1,0,4.0,0.483,0,1,0.6666666666666666,0.16666666666666666,0.11716638217900535,0,Very Low
C01368,Manufacturing,18,multi_year,4,6,5,0.833,4,-0.143,1,0,8.0,0.421,0,0,0.6666666666666666,0.16666666666666666,0.0158135834389083,0,Very Low
C01369,Finance,10,annual,8,6,2,0.333,7,0.615,1,0,,0.594,0,0,2.3333333333333335,0.3333333333333333,0.09165378104454149,0,Very Low
C01370,Retail,11,multi_year,6,6,4,0.667,3,-0.25,0,0,,0.624,0,0,0.6,0.0,0.03237398801798554,0,Very Low
C01371,Tech,62,annual,16,6,4,0.667,4,-0.077,1,1,4.0,0.414,0,0,0.8,0.2,0.2959114674479391,0,Low
C01372,Tech,2,annual,35,2,1,0.5,4,0.5,0,0,5.0,0.617,0,1,2.0,0.0,0.0392183408064696,0,Very Low
C01373,Tech,55,annual,33,6,3,0.5,2,-0.143,1,0,,0.423,0,0,0.5,0.25,0.08112545092667196,0,Very Low
C01374,Manufacturing,71,annual,96,13,10,0.769,12,0.161,2,1,3.0,0.731,0,0,1.0909090909090908,0.18181818181818182,0.02593169641327718,0,Very Low
C01375,Other,62,annual,15,13,9,0.692,9,0.08,2,0,9.0,0.441,0,0,0.9,0.2,0.016416833726578175,0,Very Low
C01376,Finance,28,multi_year,36,11,8,0.727,13,0.393,2,0,6.0,0.364,0,0,1.4444444444444444,0.2222222222222222,0.016931898264927213,0,Very Low
C01377,Tech,8,monthly,36,5,2,0.4,1,-0.571,6,0,5.0,0.45,0,1,0.3333333333333333,2.0,0.6719099603539048,1,High
C01378,Manufacturing,28,annual,47,11,7,0.636,4,-0.586,1,0,,0.572,0,0,0.5,0.125,0.06700979110792137,0,Very Low
C01379,Finance,56,multi_year,3,7,5,0.714,9,0.35,2,0,6.0,0.785,1,0,1.5,0.3333333333333333,0.0026741381522037678,0,Very Low
C01380,Manufacturing,116,annual,1,14,10,0.714,14,0.68,1,0,,0.505,1,0,1.2727272727272727,0.09090909090909091,0.005164019378198053,0,Very Low
C01381,Healthcare,32,monthly,20,12,8,0.667,5,-0.062,0,0,6.0,0.441,0,0,0.5555555555555556,0.0,0.05538051531873013,0,Very Low
C01382,Finance,4,monthly,1,4,2,0.5,2,0.0,2,1,6.0,0.437,1,0,0.6666666666666666,0.6666666666666666,0.43238757526402705,1,Medium
C01383,Tech,13,annual,1,7,4,0.571,4,-0.077,2,0,3.0,0.603,0,0,0.8,0.4,0.15629225388217,0,Very Low
C01384,Tech,9,annual,23,7,2,0.286,2,-0.333,2,0,,0.605,0,0,0.6666666666666666,0.6666666666666666,0.25759922105022043,0,Low
C01385,Tech,53,annual,15,13,3,0.231,4,-0.2,2,0,,0.41,0,1,1.0,0.5,0.4332899924676388,1,Medium
C01386,Other,40,monthly,5,9,6,0.667,4,0.091,3,1,6.0,0.456,0,1,0.5714285714285714,0.42857142857142855,0.31660089314097084,0,Low
C01387,Healthcare,31,monthly,11,7,5,0.714,1,-0.8,1,0,7.0,0.637,0,0,0.16666666666666666,0.16666666666666666,0.06667786992124664,0,Very Low
C01388,Tech,21,annual,20,5,5,1.0,4,-0.429,1,0,,0.565,0,0,0.6666666666666666,0.16666666666666666,0.018184839428647775,0,Very Low
C01389,Other,4,monthly,47,5,4,0.8,7,0.167,2,0,7.0,0.571,0,0,1.4,0.4,0.023179672373845682,0,Very Low
C01390,Healthcare,19,monthly,1,10,8,0.8,6,0.5,3,0,6.0,0.579,0,0,0.6666666666666666,0.3333333333333333,0.0133301851193535,0,Very Low
C01391,Tech,77,annual,60,8,3,0.375,2,-0.538,3,0,6.0,0.708,0,0,0.5,0.75,0.07634784196824494,0,Very Low
C01392,Tech,9,monthly,34,4,3,0.75,2,-0.4,1,0,8.0,0.648,0,0,0.5,0.25,0.028242113276606126,0,Very Low
C01393,Tech,10,annual,16,5,1,0.2,2,-0.143,1,0,3.0,0.29,0,1,1.0,0.5,0.7239984755262531,1,High
C01394,Healthcare,6,annual,30,7,4,0.571,4,0.091,4,0,3.0,0.588,0,0,0.8,0.8,0.0823220742203842,0,Very Low
C01395,Retail,16,monthly,45,4,3,0.75,1,-0.25,0,0,4.0,0.58,0,0,0.25,0.0,0.050292669332194874,0,Very Low
C01396,Manufacturing,35,annual,16,7,5,0.714,1,-0.727,1,0,4.0,0.34,0,1,0.16666666666666666,0.16666666666666666,0.24701259047686241,0,Low
C01397,Manufacturing,4,monthly,9,5,3,0.6,6,0.125,1,0,4.0,0.451,0,0,1.5,0.25,0.27373188711657725,0,Low
C01398,Healthcare,37,annual,15,12,5,0.417,10,0.667,0,1,6.0,0.355,0,0,1.6666666666666667,0.0,0.16464140471418767,0,Very Low
C01399,Retail,9,monthly,3,5,2,0.4,4,0.2,3,0,,0.522,1,0,1.3333333333333333,1.0,0.16899731486270617,0,Very Low
C01400,Manufacturing,256,annual,18,15,8,0.533,4,-0.25,1,0,,0.298,1,0,0.4444444444444444,0.1111111111111111,0.07577358745470972,0,Very Low
C01401,Manufacturing,17,annual,2,10,5,0.5,1,-0.786,0,0,7.0,0.347,0,0,0.16666666666666666,0.0,0.31986564487874264,0,Low
C01402,Healthcare,38,monthly,21,11,9,0.818,6,-0.379,3,0,,0.465,0,0,0.6,0.3,0.07594886995688942,0,Very Low
C01403,Finance,4,monthly,3,6,4,0.667,4,-0.2,1,0,6.0,0.665,1,0,0.8,0.2,0.045223585228470246,0,Very Low
C01404,Manufacturing,70,annual,4,8,5,0.625,4,-0.368,0,0,6.0,0.635,0,0,0.6666666666666666,0.0,0.04449244693105554,0,Very Low
C01405,Retail,29,annual,8,10,5,0.5,6,0.059,7,0,,0.419,0,0,1.0,1.1666666666666667,0.22550222337244374,0,Low
C01406,Healthcare,17,monthly,73,7,5,0.714,2,0.0,3,0,4.0,0.462,0,0,0.3333333333333333,0.5,0.04094091636550216,0,Very Low
C01407,Tech,123,multi_year,4,15,11,0.733,7,-0.125,1,0,,0.504,1,0,0.5833333333333334,0.08333333333333333,0.013330199138495213,0,Very Low
C01408,Healthcare,24,multi_year,6,10,6,0.6,6,0.2,1,1,3.0,0.35,0,0,0.8571428571428571,0.14285714285714285,0.28787567035005396,0,Low
C01409,Retail,18,annual,11,6,2,0.333,3,0.286,1,0,4.0,0.643,0,0,1.0,0.3333333333333333,0.10129165142446048,0,Very Low
C01410,Tech,122,multi_year,14,11,4,0.364,3,-0.4,3,0,4.0,0.482,1,0,0.6,0.6,0.1641965916495709,0,Very Low
C01411,Manufacturing,17,annual,6,7,6,0.857,6,-0.1,2,0,6.0,0.536,0,0,0.8571428571428571,0.2857142857142857,0.02640091706393951,0,Very Low
C01412,Finance,52,annual,14,9,3,0.333,3,-0.1,0,0,4.0,0.535,0,0,0.75,0.0,0.1873997946044065,0,Very Low
C01413,Finance,14,monthly,8,6,5,0.833,6,0.0,1,0,,0.493,0,0,1.0,0.16666666666666666,0.05779479989369136,0,Very Low
C01414,Other,9,multi_year,7,4,3,0.75,4,-0.2,2,0,,0.441,0,0,1.0,0.5,0.06895987211687891,0,Very Low
C01415,Manufacturing,140,monthly,8,11,7,0.636,8,0.6,2,2,6.0,0.67,1,0,1.0,0.25,0.11921277213857931,0,Very Low
C01416,Retail,41,annual,6,9,2,0.222,3,0.0,2,0,5.0,0.298,0,1,1.0,0.6666666666666666,0.5114647299231435,1,Medium
C01417,Retail,83,monthly,15,11,8,0.727,5,0.071,1,1,6.0,0.802,0,0,0.5555555555555556,0.1111111111111111,0.053248193274949056,0,Very Low
C01418,Healthcare,76,monthly,7,12,5,0.417,8,0.5,0,0,0.0,0.564,0,0,1.3333333333333333,0.0,0.2278190970827369,0,Low
C01419,Other,31,multi_year,1,8,2,0.25,4,0.091,1,0,,0.438,0,0,1.3333333333333333,0.3333333333333333,0.24140133476954237,0,Low
C01420,Other,48,multi_year,19,10,7,0.7,10,0.667,0,0,10.0,0.308,0,0,1.25,0.0,0.003680335725646172,0,Very Low
C01421,,17,monthly,56,10,5,0.5,5,0.154,3,0,,0.305,0,0,0.8333333333333334,0.5,0.24974497964700657,0,Low
C01422,Retail,17,multi_year,10,7,5,0.714,4,-0.294,0,0,7.0,0.449,0,0,0.6666666666666666,0.0,0.033405313451595205,0,Very Low
C01423,Healthcare,42,annual,6,11,10,0.909,10,-0.062,2,1,8.0,0.593,0,0,0.9090909090909091,0.18181818181818182,0.02245896442740102,0,Very Low
C01424,Tech,3,annual,15,4,2,0.5,2,-0.143,1,0,5.0,0.615,0,0,0.6666666666666666,0.3333333333333333,0.1066222309640122,0,Very Low
C01425,Healthcare,26,annual,1,6,1,0.167,1,-0.625,1,0,,0.53,0,0,0.5,0.5,0.43862568522994927,1,Medium
C01426,Manufacturing,10,annual,7,6,5,0.833,3,-0.357,1,0,7.0,0.768,1,0,0.5,0.16666666666666666,0.005737232784889218,0,Very Low
C01427,Tech,28,annual,20,10,5,0.5,7,-0.045,0,0,5.0,0.757,1,0,1.1666666666666667,0.0,0.01955777410450518,0,Very Low
C01428,Tech,9,annual,9,7,4,0.571,3,0.125,0,0,,0.655,0,0,0.6,0.0,0.029711880366745724,0,Very Low
C01429,Retail,108,monthly,49,14,6,0.429,4,0.091,1,0,,0.495,1,0,0.5714285714285714,0.14285714285714285,0.04283967324747705,0,Very Low
C01430,Tech,56,annual,23,11,8,0.727,9,0.174,1,0,7.0,0.403,1,0,1.0,0.1111111111111111,0.009225506743335856,0,Very Low
C01431,Tech,14,annual,6,6,5,0.833,6,0.286,1,0,6.0,0.865,1,0,1.0,0.16666666666666666,0.0017582201906238537,0,Very Low
C01432,Tech,57,annual,5,14,5,0.357,4,-0.143,0,0,5.0,0.319,1,0,0.6666666666666666,0.0,0.19065230927705987,0,Very Low
C01433,Retail,4,annual,1,3,3,1.0,2,-0.333,1,0,,0.865,0,0,0.5,0.25,0.007703249326834733,0,Very Low
C01434,,6,monthly,7,5,3,0.6,6,0.8,2,0,,0.5,0,0,1.5,0.5,0.07653203248680229,0,Very Low
C01435,Other,52,annual,2,12,6,0.5,5,-0.375,3,0,2.0,0.635,0,0,0.7142857142857143,0.42857142857142855,0.3330548794752818,0,Low
C01436,Tech,165,multi_year,6,10,8,0.8,7,-0.087,2,0,,0.72,1,0,0.7777777777777778,0.2222222222222222,0.003996640707430398,0,Very Low
C01437,Tech,27,annual,14,5,4,0.8,4,0.2,0,1,7.0,0.897,0,0,0.8,0.0,0.009052738335180282,0,Very Low
C01438,Retail,64,annual,31,9,3,0.333,3,0.286,2,1,5.0,0.283,0,0,0.75,0.5,0.4817370095007872,1,Medium
C01439,Other,36,annual,6,6,2,0.333,2,-0.143,2,0,3.0,0.572,0,0,0.6666666666666666,0.6666666666666666,0.3221375922215747,0,Low
C01440,Manufacturing,163,annual,1,11,9,0.818,14,0.4,2,0,,0.459,1,0,1.4,0.2,0.007191148144932353,0,Very Low
C01441,Retail,17,multi_year,3,7,4,0.571,3,-0.25,1,0,,0.599,0,0,0.6,0.2,0.05811465506808567,0,Very Low
C01442,Tech,6,annual,37,6,2,0.333,6,1.0,1,0,5.0,0.521,0,0,2.0,0.3333333333333333,0.04283824787404473,0,Very Low
C01443,Manufacturing,13,annual,17,6,5,0.833,7,0.312,2,1,7.0,0.693,0,0,1.1666666666666667,0.3333333333333333,0.0233013298774463,0,Very Low
C01444,Retail,32,monthly,66,8,6,0.75,6,-0.25,4,0,,0.388,0,0,0.8571428571428571,0.5714285714285714,0.09400293100176176,0,Very Low
C01445,Other,53,monthly,2,11,8,0.727,14,1.0,2,0,,0.465,0,0,1.5555555555555556,0.2222222222222222,0.018342721065787465,0,Very Low
C01446,Retail,15,annual,39,9,7,0.778,5,-0.286,3,0,,0.645,1,0,0.625,0.375,0.012116352014972014,0,Very Low
C01447,Healthcare,95,annual,4,12,8,0.667,11,0.065,5,0,7.0,0.627,0,0,1.2222222222222223,0.5555555555555556,0.018213420220073582,0,Very Low
C01448,Tech,6,monthly,6,5,2,0.4,1,-0.625,0,0,2.0,0.433,1,1,0.3333333333333333,0.0,0.625197505085327,1,High
C01449,,37,annual,13,9,6,0.667,5,-0.118,0,0,,0.68,0,0,0.7142857142857143,0.0,0.03376641493178878,0,Very Low
C01450,Other,10,multi_year,2,5,2,0.4,5,0.364,3,0,3.0,0.572,0,0,1.6666666666666667,1.0,0.19659041346128153,0,Very Low
C01451,Manufacturing,19,monthly,8,9,6,0.667,7,0.167,1,0,,0.575,0,0,1.0,0.14285714285714285,0.060635320487677016,0,Very Low
C01452,,16,multi_year,49,8,4,0.5,5,0.25,0,0,3.0,0.362,0,0,1.0,0.0,0.11561778719807517,0,Very Low
C01453,Retail,91,annual,7,8,7,0.875,4,-0.455,0,0,5.0,0.615,0,0,0.5,0.0,0.02367936396484962,0,Very Low
C01454,Tech,155,monthly,35,15,6,0.4,10,0.304,1,0,5.0,0.412,1,0,1.4285714285714286,0.14285714285714285,0.08438674190258907,0,Very Low
C01455,Tech,3,monthly,33,3,1,0.333,3,0.0,2,0,4.0,0.302,0,1,1.5,1.0,0.704417953493911,1,High
C01456,Healthcare,20,annual,3,6,1,0.167,1,-0.4,3,0,7.0,0.44,0,1,0.5,1.5,0.41708122358313887,1,Medium
C01457,Manufacturing,41,annual,15,13,5,0.385,13,0.625,1,0,5.0,0.334,0,0,2.1666666666666665,0.16666666666666666,0.14804140671272248,0,Very Low
C01458,Tech,11,annual,4,7,4,0.571,8,0.846,1,0,8.0,0.452,0,0,1.6,0.2,0.01379198141479221,0,Very Low
C01459,Retail,25,monthly,2,8,5,0.625,4,-0.143,0,0,6.0,0.414,0,0,0.6666666666666666,0.0,0.1488861359452891,0,Very Low
C01460,Retail,27,monthly,62,10,7,0.7,10,0.304,3,0,7.0,0.531,0,0,1.25,0.375,0.017688340030073902,0,Very Low
C01461,Finance,66,annual,17,12,3,0.25,3,-0.182,5,0,,0.563,0,0,0.75,1.25,0.31569007059255166,0,Low
C01462,Tech,13,annual,20,4,2,0.5,2,0.0,2,0,,0.627,0,0,0.6666666666666666,0.6666666666666666,0.058061016486060664,0,Very Low
C01463,Tech,67,monthly,25,13,6,0.462,6,-0.357,1,0,,0.644,0,1,0.8571428571428571,0.14285714285714285,0.17121705216986502,0,Very Low
C01464,,24,annual,9,10,7,0.7,5,-0.286,0,0,,0.41,0,0,0.625,0.0,0.12206175693902778,0,Very Low
C01465,Healthcare,31,monthly,9,7,5,0.714,5,0.071,5,0,5.0,0.519,0,0,0.8333333333333334,0.8333333333333334,0.07737768165843457,0,Very Low
C01466,Retail,15,annual,4,6,2,0.333,3,0.5,0,0,3.0,0.532,0,1,1.0,0.0,0.12917196097041433,0,Very Low
C01467,Other,26,monthly,11,10,6,0.6,3,-0.357,0,0,6.0,0.462,0,0,0.42857142857142855,0.0,0.1779892022244207,0,Very Low
C01468,Healthcare,33,monthly,1,7,3,0.429,5,0.364,1,0,7.0,0.575,0,0,1.25,0.25,0.051370073559308074,0,Very Low
C01469,Other,423,multi_year,20,11,8,0.727,5,-0.516,0,0,3.0,0.569,1,0,0.5555555555555556,0.0,0.02469495961678957,0,Very Low
C01470,Tech,84,monthly,9,12,10,0.833,8,-0.077,1,1,,0.602,0,0,0.7272727272727273,0.09090909090909091,0.12869846512582153,0,Very Low
C01471,Tech,46,annual,13,9,7,0.778,4,-0.478,3,0,5.0,0.647,0,0,0.5,0.375,0.05017776518575798,0,Very Low
C01472,Manufacturing,35,annual,17,12,7,0.583,3,-0.55,1,0,4.0,0.592,0,0,0.375,0.125,0.15507893762003777,0,Very Low
C01473,Healthcare,14,monthly,24,4,0,0.0,1,0.5,3,0,3.0,0.249,0,1,1.0,3.0,0.8253387867533492,1,Very High
C01474,Tech,97,annual,1,10,8,0.8,6,-0.1,3,0,3.0,0.552,0,0,0.6666666666666666,0.3333333333333333,0.06277315765401112,0,Very Low
C01475,Healthcare,9,monthly,11,6,5,0.833,7,0.235,3,0,6.0,0.57,0,0,1.1666666666666667,0.5,0.023659748029332336,0,Very Low
C01476,Healthcare,14,monthly,13,4,2,0.5,1,-0.4,4,0,1.0,0.282,0,0,0.3333333333333333,1.3333333333333333,0.7838972727486377,1,High
C01477,Retail,76,annual,6,9,7,0.778,5,0.154,2,0,,0.671,1,0,0.625,0.25,0.0048761405587975076,0,Very Low
C01478,Other,17,annual,28,8,6,0.75,5,0.071,2,0,6.0,0.464,0,0,0.7142857142857143,0.2857142857142857,0.027101735687074094,0,Very Low
C01479,Manufacturing,11,monthly,10,5,4,0.8,7,0.167,1,0,,0.55,0,0,1.4,0.2,0.04771469661223286,0,Very Low
C01480,Healthcare,525,multi_year,24,13,7,0.538,9,0.125,4,0,,0.657,1,0,1.125,0.5,0.0060302319711953364,0,Very Low
C01481,Tech,11,annual,9,9,6,0.667,3,-0.438,0,0,,0.677,0,0,0.42857142857142855,0.0,0.05278477819820831,0,Very Low
C01482,Retail,21,multi_year,6,5,4,0.8,1,-0.4,3,1,,0.478,0,0,0.2,0.6,0.18455627337359923,0,Very Low
C01483,Other,7,monthly,10,4,2,0.5,4,0.0,2,0,6.0,0.342,0,1,1.3333333333333333,0.6666666666666666,0.3794581004174156,1,Low
C01484,Retail,36,monthly,2,7,3,0.429,1,-0.25,3,0,,0.594,0,0,0.25,0.75,0.24499969289611226,0,Low
C01485,Finance,91,annual,16,11,3,0.273,2,-0.25,5,0,4.0,0.639,0,0,0.5,1.25,0.3189169913827397,0,Low
C01486,Tech,469,annual,10,19,13,0.684,6,-0.357,3,0,6.0,0.616,1,0,0.42857142857142855,0.21428571428571427,0.018689393152105993,0,Very Low
C01487,Finance,122,annual,16,14,8,0.571,2,-0.739,3,0,4.0,0.497,1,1,0.2222222222222222,0.3333333333333333,0.15488659020213077,0,Very Low
C01488,Other,56,monthly,39,11,3,0.273,5,0.25,2,1,2.0,0.537,0,1,1.25,0.5,0.7599406103933304,1,High
C01489,Other,31,multi_year,30,7,6,0.857,5,0.0,3,0,6.0,0.547,0,0,0.7142857142857143,0.42857142857142855,0.01008371424304835,0,Very Low
C01490,Retail,108,monthly,11,7,5,0.714,8,0.333,1,0,5.0,0.58,1,0,1.3333333333333333,0.16666666666666666,0.014721625996651748,0,Very Low
C01491,Tech,30,monthly,6,9,8,0.889,15,0.8,0,0,6.0,0.634,0,0,1.6666666666666667,0.0,0.005224303104927221,0,Very Low
C01492,Healthcare,61,annual,34,13,8,0.615,7,-0.125,2,0,4.0,0.415,0,0,0.7777777777777778,0.2222222222222222,0.07543870773183492,0,Very Low
C01493,Healthcare,7,monthly,34,6,4,0.667,4,-0.143,0,0,5.0,0.436,0,0,0.8,0.0,0.08908502142630427,0,Very Low
C01494,Manufacturing,59,monthly,3,11,6,0.545,7,-0.125,2,0,4.0,0.681,0,1,1.0,0.2857142857142857,0.17206673465205505,0,Very Low
C01495,Tech,8,annual,10,4,1,0.25,3,0.125,4,0,,0.474,0,1,1.5,2.0,0.44273845362770153,1,Medium
C01496,Finance,23,annual,22,9,5,0.556,8,0.412,2,1,,0.726,0,0,1.3333333333333333,0.3333333333333333,0.07167041796537796,0,Very Low
C01497,Other,5,monthly,28,5,2,0.4,2,-0.143,1,1,4.0,0.286,0,1,0.6666666666666666,0.3333333333333333,0.861018328085396,1,Very High
C01498,Tech,9,multi_year,17,5,2,0.4,3,0.5,2,0,,0.467,0,0,1.0,0.6666666666666666,0.05751942144207214,0,Very Low
C01499,Retail,157,monthly,37,10,5,0.5,1,-0.8,2,0,,0.694,1,0,0.16666666666666666,0.3333333333333333,0.0806836662084342,0,Very Low
C01500,Healthcare,44,annual,2,12,10,0.833,14,0.448,0,0,6.0,0.867,0,0,1.2727272727272727,0.0,0.0015629564683051294,0,Very Low
C01501,Other,11,annual,7,5,2,0.4,1,0.0,3,0,5.0,0.733,0,0,0.3333333333333333,1.0,0.08852228509373126,0,Very Low
C01502,Tech,115,annual,6,16,12,0.75,12,0.125,0,0,8.0,0.616,1,0,0.9230769230769231,0.0,0.0032288504413170156,0,Very Low
C01503,Tech,4,annual,2,4,2,0.5,5,0.875,2,0,,0.47,1,0,1.6666666666666667,0.6666666666666666,0.024239870032714144,0,Very Low
C01504,Retail,29,multi_year,49,12,6,0.5,2,-0.333,2,1,,0.406,0,1,0.2857142857142857,0.2857142857142857,0.314639220625316,0,Low
C01505,Other,8,monthly,36,5,3,0.6,5,0.5,2,0,,0.487,0,0,1.25,0.5,0.056811129967086656,0,Very Low
C01506,Tech,59,annual,24,6,5,0.833,5,-0.118,1,0,7.0,0.605,0,0,0.8333333333333334,0.16666666666666666,0.008847752680981034,0,Very Low
C01507,Tech,78,monthly,49,8,7,0.875,5,0.071,0,0,6.0,0.673,0,0,0.625,0.0,0.005868832589330793,0,Very Low
C01508,Finance,23,multi_year,22,9,5,0.556,6,0.125,3,0,6.0,0.382,0,0,1.0,0.5,0.06556580142934722,0,Very Low
C01509,Tech,21,multi_year,47,7,6,0.857,6,0.385,1,0,8.0,0.649,0,0,0.8571428571428571,0.14285714285714285,0.0011564323053780024,0,Very Low
C01510,Finance,15,annual,28,9,7,0.778,5,-0.167,1,0,,0.683,1,0,0.625,0.125,0.007736091448474853,0,Very Low
C01511,Healthcare,90,multi_year,23,13,10,0.769,6,-0.379,2,0,5.0,0.391,0,0,0.5454545454545454,0.18181818181818182,0.03955434414877697,0,Very Low
C01512,Healthcare,40,annual,44,11,7,0.636,9,0.286,1,0,4.0,0.435,0,0,1.125,0.125,0.026823417565749158,0,Very Low
C01513,Manufacturing,248,monthly,19,14,5,0.357,8,0.5,1,0,,0.235,1,0,1.3333333333333333,0.16666666666666666,0.12161570804126569,0,Very Low
C01514,Retail,45,annual,4,13,6,0.462,6,-0.143,3,0,,0.452,1,0,0.8571428571428571,0.42857142857142855,0.10830163345121568,0,Very Low
C01515,Healthcare,38,monthly,10,10,4,0.4,3,-0.25,1,0,2.0,0.725,1,0,0.6,0.2,0.14427020829475512,0,Very Low
C01516,Retail,11,annual,96,8,6,0.75,9,0.08,1,0,2.0,0.653,0,0,1.2857142857142858,0.14285714285714285,0.017534566048725792,0,Very Low
C01517,Manufacturing,11,monthly,20,8,2,0.25,2,0.0,3,0,1.0,0.347,0,0,0.6666666666666666,1.0,0.8482255699490281,1,Very High
C01518,Manufacturing,65,monthly,22,13,11,0.846,14,0.355,1,0,7.0,0.699,0,0,1.1666666666666667,0.08333333333333333,0.00568888537590784,0,Very Low
C01519,Manufacturing,23,multi_year,1,10,7,0.7,7,-0.222,0,1,7.0,0.767,0,0,0.875,0.0,0.05123739006515838,0,Very Low
C01520,Tech,95,monthly,69,12,11,0.917,10,-0.118,1,0,7.0,0.501,0,0,0.8333333333333334,0.08333333333333333,0.009331322561493318,0,Very Low
C01521,Healthcare,61,annual,3,14,11,0.786,9,-0.1,1,1,6.0,0.63,0,0,0.75,0.08333333333333333,0.05508293095285566,0,Very Low
C01522,Healthcare,17,monthly,15,9,6,0.667,10,0.429,3,0,7.0,0.634,1,0,1.4285714285714286,0.42857142857142855,0.00828316692343875,0,Very Low
C01523,Healthcare,21,monthly,36,6,5,0.833,6,0.0,1,0,7.0,0.605,0,0,1.0,0.16666666666666666,0.010203811927811914,0,Very Low
C01524,Other,99,annual,19,15,8,0.533,7,0.312,2,0,,0.464,0,0,0.7777777777777778,0.2222222222222222,0.0448349854058273,0,Very Low
C01525,Tech,84,annual,3,14,13,0.929,10,0.071,0,0,6.0,0.697,0,0,0.7142857142857143,0.0,0.004957996677808055,0,Very Low
C01526,Finance,82,monthly,4,7,6,0.857,4,-0.143,1,1,7.0,0.557,0,0,0.5714285714285714,0.14285714285714285,0.09471068423586995,0,Very Low
C01527,Manufacturing,13,monthly,60,7,4,0.571,3,0.0,1,0,,0.697,0,0,0.6,0.2,0.03181299397758706,0,Very Low
C01528,Retail,40,monthly,3,11,5,0.455,6,0.286,4,0,4.0,0.607,0,1,1.0,0.6666666666666666,0.19773427913785863,0,Very Low
C01529,Retail,14,monthly,67,9,6,0.667,5,0.0,1,0,4.0,0.635,0,0,0.7142857142857143,0.14285714285714285,0.04061635206469381,0,Very Low
C01530,,368,annual,6,17,13,0.765,9,0.0,4,0,6.0,0.708,1,0,0.6428571428571429,0.2857142857142857,0.008305294139925437,0,Very Low
C01531,,24,monthly,11,9,5,0.556,5,0.25,2,1,,0.678,0,0,0.8333333333333334,0.3333333333333333,0.27099335841003014,0,Low
C01532,Retail,33,annual,15,7,4,0.571,5,0.25,3,0,,0.652,0,0,1.0,0.6,0.029104921441616586,0,Very Low
C01533,Healthcare,25,monthly,16,8,2,0.25,2,0.0,1,1,3.0,0.583,0,1,0.6666666666666666,0.3333333333333333,0.6963990760277166,1,High
C01534,Retail,13,annual,42,9,8,0.889,7,-0.125,0,0,,0.697,0,0,0.7777777777777778,0.0,0.00711339859138871,0,Very Low
C01535,Retail,58,monthly,6,6,5,0.833,6,0.125,1,1,,0.524,0,0,1.0,0.16666666666666666,0.1282019336649276,0,Very Low
C01536,Other,18,annual,29,6,4,0.667,4,-0.25,0,1,,0.487,0,0,0.8,0.0,0.2084758365509668,0,Low
C01537,,37,monthly,35,8,1,0.125,1,-0.4,1,1,3.0,0.096,0,1,0.5,0.5,0.987810698096986,1,Very High
C01538,Other,56,annual,37,6,4,0.667,4,0.0,2,0,,0.669,0,0,0.8,0.4,0.016151223544553974,0,Very Low
C01539,Healthcare,34,annual,15,11,2,0.182,0,-1.0,1,0,3.0,0.436,0,1,0.0,0.3333333333333333,0.7660704588116605,1,High
C01540,Manufacturing,22,annual,3,10,6,0.6,11,0.65,2,1,7.0,0.581,1,0,1.5714285714285714,0.2857142857142857,0.030968174976272033,0,Very Low
C01541,Manufacturing,66,monthly,12,14,11,0.786,7,-0.25,2,0,3.0,0.484,0,0,0.5833333333333334,0.16666666666666666,0.17801411826337535,0,Very Low
C01542,Tech,33,monthly,11,11,5,0.455,6,0.059,2,0,,0.417,0,0,1.0,0.3333333333333333,0.26917767836763945,0,Low
C01543,Other,9,multi_year,10,7,4,0.571,2,-0.647,2,0,4.0,0.508,1,0,0.4,0.4,0.1404722875156701,0,Very Low
C01544,Tech,3,monthly,8,5,3,0.6,7,0.4,0,0,7.0,0.487,0,0,1.75,0.0,0.07255470354221033,0,Very Low
C01545,Healthcare,8,annual,42,6,4,0.667,5,0.0,4,0,5.0,0.755,0,0,1.0,0.8,0.01716931176611956,0,Very Low
C01546,Retail,33,annual,5,7,5,0.714,4,-0.333,1,0,9.0,0.411,1,0,0.6666666666666666,0.16666666666666666,0.016369447858157884,0,Very Low
C01547,Finance,112,multi_year,2,12,5,0.417,6,0.5,1,0,4.0,0.571,1,0,1.0,0.16666666666666666,0.019810583803755197,0,Very Low
C01548,Retail,15,monthly,52,7,5,0.714,4,-0.333,2,0,7.0,0.569,0,0,0.6666666666666666,0.3333333333333333,0.044584232986501965,0,Very Low
C01549,Finance,33,annual,4,6,4,0.667,5,0.071,1,0,6.0,0.413,0,0,1.0,0.2,0.052373784477207,0,Very Low
C01550,Finance,9,monthly,2,4,4,1.0,2,-0.25,1,0,8.0,0.808,0,0,0.4,0.2,0.006391918753596384,0,Very Low
C01551,,65,monthly,5,15,10,0.667,8,-0.04,1,1,7.0,0.794,0,0,0.7272727272727273,0.09090909090909091,0.12799366467970988,0,Very Low
C01552,Finance,182,monthly,2,10,9,0.9,9,0.125,1,0,,0.613,1,0,0.9,0.1,0.006936942591093989,0,Very Low
C01553,Healthcare,11,annual,4,6,5,0.833,10,0.429,1,0,,0.443,0,0,1.6666666666666667,0.16666666666666666,0.015325920074038076,0,Very Low
C01554,Retail,30,monthly,27,6,3,0.5,4,-0.077,2,1,5.0,0.326,0,1,1.0,0.5,0.681486289187785,1,High
C01555,Tech,256,annual,52,12,1,0.083,2,0.5,7,1,,0.177,1,0,1.0,3.5,0.7111980964268038,1,High
C01556,Tech,18,annual,96,10,3,0.3,1,-0.571,3,0,,0.247,0,1,0.25,0.75,0.37295865366645997,0,Low
C01557,,12,monthly,9,7,4,0.571,4,-0.2,4,0,6.0,0.475,0,0,0.8,0.8,0.35165359275712416,0,Low
C01558,Healthcare,30,annual,28,7,2,0.286,2,-0.143,3,0,2.0,0.498,0,0,0.6666666666666666,1.0,0.3755379709297647,0,Low
C01559,Other,42,monthly,4,6,4,0.667,2,-0.455,2,0,,0.788,0,0,0.4,0.4,0.07165203145523262,0,Very Low
C01560,,23,multi_year,17,11,8,0.727,3,-0.526,1,1,5.0,0.345,1,1,0.3333333333333333,0.1111111111111111,0.2954851945645436,0,Low
C01561,Manufacturing,28,multi_year,12,10,6,0.6,3,-0.4,1,0,5.0,0.417,0,0,0.42857142857142855,0.14285714285714285,0.12445376263479362,0,Very Low
C01562,Tech,96,monthly,2,13,9,0.692,5,-0.444,2,0,7.0,0.482,0,0,0.5,0.2,0.12671015251474396,0,Very Low
C01563,Retail,11,multi_year,20,6,4,0.667,8,0.143,2,0,6.0,0.421,0,0,1.6,0.4,0.04602128780249855,0,Very Low
C01564,Tech,100,annual,15,10,9,0.9,3,-0.526,0,0,9.0,0.872,0,0,0.3,0.0,0.0024345731176272853,0,Very Low
C01565,Manufacturing,16,annual,41,9,3,0.333,4,0.2,2,0,,0.477,0,0,1.0,0.5,0.11518978241879607,0,Very Low
C01566,Other,80,monthly,2,11,3,0.273,4,-0.077,1,0,,0.456,1,0,1.0,0.25,0.26998021485907764,0,Low
C01567,Healthcare,112,monthly,34,9,7,0.778,8,-0.172,2,0,6.0,0.668,1,0,1.0,0.25,0.0077151651615811005,0,Very Low
C01568,Retail,33,annual,23,11,5,0.455,3,-0.357,0,0,,0.408,1,0,0.5,0.0,0.09198276301659401,0,Very Low
C01569,Manufacturing,18,annual,9,9,6,0.667,3,-0.182,1,1,3.0,0.782,0,1,0.42857142857142855,0.14285714285714285,0.1815887508033048,0,Very Low
C01570,Healthcare,9,annual,25,5,3,0.6,2,-0.4,2,0,,0.619,0,0,0.5,0.5,0.05295425043049277,0,Very Low
C01571,Tech,7,monthly,69,4,3,0.75,2,-0.4,4,0,,0.497,0,0,0.5,1.0,0.09618587108079152,0,Very Low
C01572,Healthcare,62,annual,8,7,6,0.857,7,0.105,0,0,,0.498,0,0,1.0,0.0,0.009630052702508798,0,Very Low
C01573,Healthcare,5,multi_year,26,3,2,0.667,5,0.667,2,0,5.0,0.58,0,0,1.6666666666666667,0.6666666666666666,0.009483796402423392,0,Very Low
C01574,Manufacturing,29,monthly,19,9,3,0.333,2,-0.6,3,0,3.0,0.239,0,1,0.5,0.75,0.8903349259978676,1,Very High
C01575,Manufacturing,19,annual,28,8,6,0.75,8,0.5,2,1,6.0,0.572,0,0,1.1428571428571428,0.2857142857142857,0.03783216450680732,0,Very Low
C01576,Other,82,annual,3,14,11,0.786,6,-0.308,1,0,5.0,0.755,0,0,0.5,0.08333333333333333,0.022276031620026917,0,Very Low
C01577,Tech,16,annual,11,8,7,0.875,5,-0.118,1,0,7.0,0.788,0,0,0.625,0.125,0.005595935205816687,0,Very Low
C01578,Other,116,annual,29,16,9,0.562,4,-0.478,3,0,,0.763,1,0,0.4,0.3,0.024306913623009463,0,Very Low
C01579,Retail,25,annual,2,10,8,0.8,10,0.2,0,0,6.0,0.413,1,0,1.1111111111111112,0.0,0.012079656980181827,0,Very Low
C01580,Finance,257,annual,3,14,7,0.5,6,0.059,5,0,6.0,0.373,1,0,0.75,0.625,0.06616629632279357,0,Very Low
C01581,Healthcare,20,annual,88,10,9,0.9,13,0.3,2,1,,0.64,0,0,1.3,0.2,0.007456143806334942,0,Very Low
C01582,Healthcare,19,monthly,38,5,3,0.6,4,0.333,2,0,,0.718,1,0,1.0,0.5,0.007448262233790029,0,Very Low
C01583,Tech,10,annual,41,5,2,0.4,2,-0.4,0,0,4.0,0.353,0,0,0.6666666666666666,0.0,0.3413881708992987,0,Low
C01584,Retail,102,multi_year,2,12,5,0.417,2,-0.4,0,0,3.0,0.45,1,0,0.3333333333333333,0.0,0.1512748114033785,0,Very Low
C01585,Finance,19,annual,58,10,7,0.7,5,-0.25,3,0,,0.529,0,0,0.625,0.375,0.036849646066461024,0,Very Low
C01586,Tech,82,monthly,8,9,5,0.556,4,0.714,2,0,3.0,0.555,0,0,0.6666666666666666,0.3333333333333333,0.056359069567407355,0,Very Low
C01587,Retail,19,annual,3,8,3,0.375,1,-0.25,0,0,,0.441,1,0,0.25,0.0,0.10922887741315811,0,Very Low
C01588,Retail,7,annual,58,6,3,0.5,4,0.091,1,1,3.0,0.477,0,1,1.0,0.25,0.3541763377905154,0,Low
C01589,Healthcare,125,annual,12,11,7,0.636,7,0.312,0,0,9.0,0.575,1,0,0.875,0.0,0.0016214639153332082,0,Very Low
C01590,Tech,103,multi_year,11,15,6,0.4,17,1.125,3,0,4.0,0.423,1,0,2.4285714285714284,0.42857142857142855,0.02394705158458273,0,Very Low
C01591,Finance,19,annual,12,7,5,0.714,7,0.75,0,0,8.0,0.427,0,0,1.1666666666666667,0.0,0.0056443870127062005,0,Very Low
C01592,Retail,79,annual,21,12,10,0.833,4,-0.478,2,0,,0.695,0,0,0.36363636363636365,0.18181818181818182,0.020286109956336847,0,Very Low
C01593,Tech,4,monthly,25,3,2,0.667,5,0.154,1,0,5.0,0.415,1,0,1.6666666666666667,0.3333333333333333,0.08328961232464466,0,Very Low
C01594,Other,65,annual,54,13,8,0.615,5,-0.318,2,0,,0.681,0,0,0.5555555555555556,0.2222222222222222,0.02752762380206708,0,Very Low
C01595,Manufacturing,21,multi_year,6,8,3,0.375,7,0.5,4,1,7.0,0.378,0,1,1.75,1.0,0.35429714593113043,0,Low
C01596,Manufacturing,39,annual,9,9,4,0.444,4,-0.077,5,0,4.0,0.443,0,0,0.8,1.0,0.3249520602064885,0,Low
C01597,Manufacturing,23,monthly,66,10,3,0.3,9,0.5,1,0,4.0,0.433,0,0,2.25,0.25,0.24145642536821454,0,Low
C01598,Tech,35,annual,14,10,8,0.8,10,0.034,2,0,6.0,0.601,0,0,1.1111111111111112,0.2222222222222222,0.017491915576178328,0,Very Low
C01599,Tech,23,monthly,7,5,1,0.2,2,-0.25,1,0,,0.285,0,1,1.0,0.5,0.7512437420958481,1,High
C01600,,17,multi_year,21,7,2,0.286,3,-0.182,3,1,2.0,0.385,0,1,1.0,1.0,0.9127981731974247,1,Very High
C01601,Tech,26,annual,24,11,8,0.727,4,-0.455,1,0,6.0,0.611,0,0,0.4444444444444444,0.1111111111111111,0.03892081957935249,0,Very Low
C01602,Manufacturing,36,multi_year,1,8,5,0.625,5,0.0,2,1,7.0,0.41,0,1,0.8333333333333334,0.3333333333333333,0.17236959522299516,0,Very Low
C01603,Tech,73,annual,6,9,3,0.333,4,-0.077,5,0,5.0,0.284,0,0,1.0,1.25,0.5291152298812318,1,Medium
C01604,Other,37,monthly,4,8,4,0.5,6,-0.1,0,0,,0.476,0,0,1.2,0.0,0.2259900829207861,0,Low
C01605,Healthcare,15,monthly,22,9,5,0.556,4,-0.294,2,0,,0.631,0,1,0.6666666666666666,0.3333333333333333,0.10288409563870231,0,Very Low
C01606,Manufacturing,25,monthly,4,9,7,0.778,2,-0.684,1,0,6.0,0.565,0,0,0.25,0.125,0.13197922517482344,0,Very Low
C01607,Healthcare,21,annual,47,6,3,0.5,9,0.227,0,0,,0.364,0,0,2.25,0.0,0.06267906284050924,0,Very Low
C01608,Healthcare,209,multi_year,1,19,6,0.316,4,-0.077,0,0,,0.412,1,0,0.5714285714285714,0.0,0.05836592083821558,0,Very Low
C01609,Retail,8,monthly,5,7,3,0.429,5,0.5,6,0,,0.536,1,0,1.25,1.5,0.12161755372582715,0,Very Low
C01610,Finance,36,annual,4,8,6,0.75,3,-0.182,3,0,6.0,0.702,0,0,0.42857142857142855,0.42857142857142855,0.021467896109369795,0,Very Low
C01611,Retail,9,annual,13,6,4,0.667,2,-0.455,0,0,,0.401,0,0,0.4,0.0,0.12488467793802732,0,Very Low
C01612,Manufacturing,51,annual,1,11,4,0.364,4,-0.2,5,0,,0.588,0,0,0.8,1.0,0.25823912270106264,0,Low
C01613,Retail,16,annual,8,8,6,0.75,8,0.143,0,0,4.0,0.643,1,0,1.1428571428571428,0.0,0.012412484122903642,0,Very Low
C01614,,30,annual,25,8,3,0.375,1,-0.625,0,1,,0.363,0,1,0.25,0.0,0.7655439264614832,1,High
C01615,Healthcare,16,annual,9,5,4,0.8,2,-0.143,2,0,,0.34,0,0,0.4,0.4,0.044842554085361086,0,Very Low
C01616,Tech,72,monthly,96,14,12,0.857,3,-0.5,0,0,5.0,0.576,0,0,0.23076923076923078,0.0,0.01971393894940553,0,Very Low
C01617,Tech,107,annual,33,8,4,0.5,3,-0.308,2,0,5.0,0.492,1,0,0.6,0.4,0.05386801459962273,0,Very Low
C01618,Other,56,annual,5,8,5,0.625,6,-0.1,2,0,5.0,0.381,0,0,1.0,0.3333333333333333,0.1351811845198571,0,Very Low
C01619,Manufacturing,71,monthly,31,10,5,0.5,6,0.2,2,0,6.0,0.33,0,1,1.0,0.3333333333333333,0.14524769653308,0,Very Low
C01620,Retail,45,multi_year,9,11,9,0.818,10,0.2,2,1,6.0,0.862,0,0,1.0,0.2,0.01316650981643057,0,Very Low
C01621,Retail,2,annual,20,2,1,0.5,2,0.0,5,0,,0.493,0,0,1.0,2.5,0.2479227190356079,0,Low
C01622,Healthcare,10,annual,31,7,2,0.286,2,0.0,3,0,3.0,0.617,0,0,0.6666666666666666,1.0,0.19992631059366703,0,Very Low
C01623,Retail,40,monthly,4,11,10,0.909,9,0.038,0,0,4.0,0.747,0,0,0.8181818181818182,0.0,0.018876647090745904,0,Very Low
C01624,Retail,19,annual,9,9,1,0.111,2,0.2,5,0,2.0,0.309,0,1,1.0,2.5,0.8632266039259838,1,Very High
C01625,Tech,6,annual,9,4,3,0.75,2,0.0,0,0,,0.542,0,0,0.5,0.0,0.027268649636442436,0,Very Low
C01626,Tech,4,monthly,12,2,2,1.0,3,-0.357,2,0,7.0,0.757,0,0,1.0,0.6666666666666666,0.020822616662067913,0,Very Low
C01627,Tech,14,annual,38,9,3,0.333,6,0.125,1,0,5.0,0.447,0,0,1.5,0.25,0.19017551054075132,0,Very Low
C01628,Other,158,annual,1,15,8,0.533,10,0.765,1,0,3.0,0.655,1,0,1.1111111111111112,0.1111111111111111,0.01094437153005801,0,Very Low
C01629,Manufacturing,11,monthly,30,6,3,0.5,1,-0.7,1,0,4.0,0.29,0,1,0.25,0.25,0.6505002731009638,1,High
C01630,Other,99,monthly,4,9,5,0.556,4,-0.455,0,0,4.0,0.766,0,1,0.6666666666666666,0.0,0.14028834015456154,0,Very Low
C01631,,13,annual,19,6,1,0.167,2,-0.143,1,1,,0.213,0,1,1.0,0.5,0.9190886509304758,1,Very High
C01632,Tech,67,annual,4,13,4,0.308,2,-0.6,7,0,3.0,0.373,0,1,0.4,1.4,0.837719925702795,1,Very High
C01633,Healthcare,47,monthly,12,12,11,0.917,6,0.2,4,0,4.0,0.746,0,0,0.5,0.3333333333333333,0.011111053181746952,0,Very Low
C01634,Other,11,annual,9,7,4,0.571,6,0.125,3,0,5.0,0.556,0,0,1.2,0.6,0.09399960350598682,0,Very Low
C01635,Finance,13,multi_year,23,5,3,0.6,2,-0.4,1,0,5.0,0.527,0,0,0.5,0.25,0.07520013242032518,0,Very Low
C01636,Manufacturing,14,annual,68,5,2,0.4,5,0.5,2,0,4.0,0.265,0,0,1.6666666666666667,0.6666666666666666,0.14775054455446063,0,Very Low
C01637,Tech,52,annual,72,10,6,0.6,3,-0.308,3,0,,0.576,1,0,0.42857142857142855,0.42857142857142855,0.01579145059282759,0,Very Low
C01638,Tech,6,annual,2,6,5,0.833,5,-0.211,2,0,6.0,0.78,0,0,0.8333333333333334,0.3333333333333333,0.018353821181966604,0,Very Low
C01639,Other,26,annual,5,10,6,0.6,8,0.043,0,0,5.0,0.36,0,0,1.1428571428571428,0.0,0.12338402016609387,0,Very Low
C01640,Healthcare,14,multi_year,24,7,5,0.714,3,-0.5,0,0,5.0,0.718,0,0,0.5,0.0,0.01764404117964364,0,Very Low
C01641,Other,167,annual,17,13,7,0.538,5,-0.348,2,1,5.0,0.714,1,0,0.625,0.25,0.11897716126765547,0,Very Low
C01642,Healthcare,8,annual,9,3,2,0.667,3,0.125,1,0,,0.705,0,0,1.0,0.3333333333333333,0.0147787340475515,0,Very Low
C01643,Retail,41,multi_year,31,7,3,0.429,3,0.0,3,0,,0.589,0,0,0.75,0.75,0.05251098703063005,0,Very Low
C01644,Finance,35,multi_year,56,12,8,0.667,6,-0.143,4,1,6.0,0.582,0,0,0.6666666666666666,0.4444444444444444,0.0793308110061598,0,Very Low
C01645,Healthcare,127,monthly,6,11,7,0.636,8,0.091,0,0,,0.739,1,0,1.0,0.0,0.008908456129941867,0,Very Low
C01646,Tech,82,monthly,22,10,3,0.3,4,0.333,1,0,5.0,0.294,0,0,1.0,0.25,0.3208282438341564,0,Low
C01647,Manufacturing,6,monthly,1,5,1,0.2,4,0.333,3,0,0.0,0.54,0,1,2.0,1.5,0.8768454657295398,1,Very High
C01648,Other,173,multi_year,26,9,3,0.333,2,-0.25,0,1,,0.614,1,0,0.5,0.0,0.11509024230129436,0,Very Low
C01649,Manufacturing,19,multi_year,15,6,5,0.833,7,0.167,0,0,6.0,0.557,0,0,1.1666666666666667,0.0,0.00846893750407798,0,Very Low
C01650,Finance,47,monthly,17,8,5,0.625,6,0.125,0,1,,0.816,0,0,1.0,0.0,0.08267472048699497,0,Very Low
C01651,Manufacturing,2,monthly,52,2,1,0.5,3,0.8,4,0,6.0,0.35,0,0,1.5,2.0,0.1174006585759833,0,Very Low
C01652,Manufacturing,136,monthly,13,10,9,0.9,13,0.258,0,0,8.0,0.742,1,0,1.3,0.0,0.001435746739333924,0,Very Low
C01653,Tech,32,annual,33,11,8,0.727,8,-0.077,1,0,8.0,0.396,0,0,0.8888888888888888,0.1111111111111111,0.022493704076496437,0,Very Low
C01654,Other,32,annual,9,8,6,0.75,11,0.833,1,1,5.0,0.805,0,0,1.5714285714285714,0.14285714285714285,0.014375966964840196,0,Very Low
C01655,Tech,18,monthly,1,6,3,0.5,3,0.286,0,1,,0.491,0,1,0.75,0.0,0.34260147857554696,0,Low
C01656,Tech,102,annual,22,16,10,0.625,9,0.0,2,0,,0.543,1,0,0.8181818181818182,0.18181818181818182,0.01901989290686789,0,Very Low
C01657,Finance,2,annual,1,2,2,1.0,3,-0.25,2,0,5.0,0.691,0,0,1.0,0.6666666666666666,0.025072378240632926,0,Very Low
C01658,Tech,23,annual,28,9,4,0.444,7,0.312,1,0,,0.325,0,0,1.4,0.2,0.11984585578712414,0,Very Low
C01659,Manufacturing,10,annual,30,5,3,0.6,1,-0.25,0,0,7.0,0.634,0,0,0.25,0.0,0.022070325308257924,0,Very Low
C01660,Other,24,monthly,17,5,0,0.0,0,-1.0,4,0,,0.185,0,1,0.0,4.0,0.9867692038472446,1,Very High
C01661,Finance,129,multi_year,9,17,9,0.529,8,-0.273,1,1,,0.534,1,1,0.8,0.1,0.14644147646133243,0,Very Low
C01662,Tech,10,multi_year,3,8,3,0.375,3,-0.182,3,0,5.0,0.589,0,0,0.75,0.75,0.2025759938971223,0,Low
C01663,Retail,22,annual,54,5,4,0.8,5,0.0,0,0,,0.736,0,0,1.0,0.0,0.005235956605580649,0,Very Low
C01664,Manufacturing,7,monthly,9,7,4,0.571,6,0.2,2,1,7.0,0.564,0,0,1.2,0.4,0.28184724604015093,0,Low
C01665,Finance,60,annual,13,10,6,0.6,12,0.636,1,0,,0.477,0,0,1.7142857142857142,0.14285714285714285,0.022726700504104594,0,Very Low
C01666,Healthcare,25,annual,19,11,4,0.364,3,-0.182,0,0,4.0,0.606,0,0,0.6,0.0,0.11608843222697428,0,Very Low
C01667,Retail,93,annual,29,11,3,0.273,2,-0.333,3,0,5.0,0.562,0,1,0.5,0.75,0.24742925754188716,0,Low
C01668,Tech,187,monthly,2,16,9,0.562,9,0.174,0,0,,0.782,1,0,0.9,0.0,0.014122353346691844,0,Very Low
C01669,Retail,3,annual,3,3,2,0.667,4,0.091,1,0,7.0,0.653,0,0,1.3333333333333333,0.3333333333333333,0.027732861504094618,0,Very Low
C01670,Retail,4,multi_year,1,4,2,0.5,1,0.5,2,0,6.0,0.635,0,0,0.3333333333333333,0.6666666666666666,0.018215891637645816,0,Very Low
C01671,Retail,13,annual,12,9,4,0.444,3,-0.25,1,0,3.0,0.404,0,0,0.6,0.2,0.3940724042017275,1,Low
C01672,Manufacturing,31,annual,36,12,6,0.5,4,-0.25,0,0,,0.304,0,0,0.5714285714285714,0.0,0.16404976774800958,0,Very Low
C01673,Tech,11,monthly,43,4,3,0.75,3,0.0,0,0,7.0,0.668,0,0,0.75,0.0,0.013116476201054442,0,Very Low
C01674,Retail,54,annual,10,9,6,0.667,7,0.235,2,0,,0.692,0,0,1.0,0.2857142857142857,0.015064627855695697,0,Very Low
C01675,Healthcare,26,annual,4,9,8,0.889,6,-0.25,1,0,,0.546,0,0,0.6666666666666666,0.1111111111111111,0.018483621984549396,0,Very Low
C01676,Healthcare,6,monthly,47,4,2,0.5,2,-0.333,1,0,5.0,0.436,0,0,0.6666666666666666,0.3333333333333333,0.20013674561133948,0,Low
C01677,Healthcare,27,monthly,10,8,4,0.5,3,-0.182,0,0,5.0,0.363,0,0,0.6,0.0,0.22872334628023083,0,Low
C01678,Tech,10,annual,8,5,5,1.0,4,-0.077,0,0,5.0,0.66,0,0,0.6666666666666666,0.0,0.009073464003974557,0,Very Low
C01679,,7,annual,28,6,4,0.667,3,-0.1,6,0,8.0,0.649,0,0,0.6,1.2,0.03850534416900015,0,Very Low
C01680,Manufacturing,22,monthly,96,10,7,0.7,7,0.167,0,1,,0.523,0,1,0.875,0.0,0.06174410990082612,0,Very Low
C01681,Other,20,annual,30,7,4,0.571,3,0.125,2,0,3.0,0.579,1,0,0.6,0.4,0.03373180596644055,0,Very Low
C01682,Manufacturing,57,monthly,12,14,9,0.643,7,-0.045,3,0,,0.731,1,0,0.7,0.3,0.025496590742186326,0,Very Low
C01683,Retail,6,multi_year,24,3,2,0.667,5,0.0,5,0,5.0,0.752,0,0,1.6666666666666667,1.6666666666666667,0.04468066183581369,0,Very Low
C01684,Finance,5,monthly,21,4,3,0.75,1,-0.7,0,0,3.0,0.84,0,0,0.25,0.0,0.1047000720623292,0,Very Low
C01685,Retail,54,monthly,18,7,2,0.286,2,-0.143,4,0,,0.303,0,0,0.6666666666666666,1.3333333333333333,0.61562403351158,1,High
C01686,Healthcare,20,monthly,36,10,5,0.5,7,0.105,0,0,5.0,0.456,0,0,1.1666666666666667,0.0,0.10062172485418314,0,Very Low
C01687,Other,24,monthly,22,7,3,0.429,7,0.235,0,0,6.0,0.617,0,0,1.75,0.0,0.09607627502683647,0,Very Low
C01688,Healthcare,21,monthly,13,9,4,0.444,5,0.154,1,0,5.0,0.501,0,0,1.0,0.2,0.1373500542176555,0,Very Low
C01689,Finance,5,monthly,13,3,2,0.667,2,-0.4,2,0,8.0,0.425,0,0,0.6666666666666666,0.6666666666666666,0.15506938475583998,0,Very Low
C01690,Healthcare,7,monthly,7,5,2,0.4,6,0.286,4,0,,0.545,0,0,2.0,1.3333333333333333,0.27067660302125146,0,Low
C01691,Finance,38,annual,13,9,7,0.778,7,0.105,0,0,4.0,0.62,0,0,0.875,0.0,0.01971515750808815,0,Very Low
C01692,Healthcare,31,monthly,52,12,4,0.333,8,0.6,2,1,7.0,0.585,0,0,1.6,0.4,0.1313764558597433,0,Very Low
C01693,Tech,22,annual,28,6,2,0.333,2,0.0,5,0,3.0,0.511,0,0,0.6666666666666666,1.6666666666666667,0.36917988160236886,0,Low
C01694,Tech,65,annual,28,8,4,0.5,7,0.75,2,0,5.0,0.61,0,0,1.4,0.4,0.01577536150540906,0,Very Low
C01695,Finance,135,annual,25,15,12,0.8,16,0.116,4,0,,0.901,1,0,1.2307692307692308,0.3076923076923077,0.0021241696918718536,0,Very Low
C01696,Healthcare,24,annual,10,11,6,0.545,6,0.5,1,1,,0.692,1,0,0.8571428571428571,0.14285714285714285,0.021387939785453405,0,Very Low
C01697,Manufacturing,57,annual,73,14,3,0.214,2,0.0,0,0,7.0,0.359,0,0,0.5,0.0,0.09329128581521239,0,Very Low
C01698,Tech,85,annual,5,15,9,0.6,9,-0.1,5,0,6.0,0.422,0,0,0.9,0.5,0.12933510497472236,0,Very Low
C01699,Tech,26,annual,3,9,2,0.222,2,-0.143,2,0,2.0,0.304,0,0,0.6666666666666666,0.6666666666666666,0.7735135070221233,1,High
C01700,Finance,24,annual,2,6,3,0.5,4,0.333,3,0,,0.662,0,0,1.0,0.75,0.041556863100581494,0,Very Low
C01701,Finance,9,annual,1,8,5,0.625,11,0.435,0,0,,0.591,0,0,1.8333333333333333,0.0,0.031199219712572744,0,Very Low
C01702,Finance,90,monthly,41,16,9,0.562,9,0.0,1,1,9.0,0.464,0,0,0.9,0.1,0.13675777265458441,0,Very Low
C01703,Manufacturing,45,multi_year,9,11,9,0.818,10,0.034,1,0,,0.391,1,0,1.0,0.1,0.01243815387341129,0,Very Low
C01704,Tech,33,annual,2,9,6,0.667,4,0.091,1,0,3.0,0.82,0,0,0.5714285714285714,0.14285714285714285,0.02533923138124709,0,Very Low
C01705,Other,15,annual,7,8,7,0.875,6,0.0,2,0,8.0,0.565,1,0,0.75,0.25,0.004696769462723793,0,Very Low
C01706,Other,87,monthly,8,8,4,0.5,3,-0.182,4,0,3.0,0.405,0,1,0.6,0.8,0.5076642730498708,1,Medium
C01707,Other,5,monthly,22,4,1,0.25,2,0.5,2,0,6.0,0.195,0,1,1.0,1.0,0.470873919601093,1,Medium
C01708,Manufacturing,61,annual,96,13,11,0.846,13,0.258,1,0,6.0,0.793,0,0,1.0833333333333333,0.08333333333333333,0.0010189706720431656,0,Very Low
C01709,Retail,96,annual,1,16,12,0.75,5,-0.595,0,0,6.0,0.714,0,0,0.38461538461538464,0.0,0.033958784379624046,0,Very Low
C01710,Manufacturing,27,annual,61,8,3,0.375,3,0.0,3,0,5.0,0.372,0,0,0.75,0.75,0.16060188029093245,0,Very Low
C01711,Other,10,annual,49,5,1,0.2,1,-0.25,1,0,5.0,0.521,0,0,0.5,0.5,0.25546880898748636,0,Low
C01712,Other,10,annual,1,5,3,0.6,2,-0.25,3,0,,0.423,0,0,0.5,0.75,0.1861300456912247,0,Very Low
C01713,Other,69,annual,22,11,7,0.636,6,0.125,3,0,,0.692,0,0,0.75,0.375,0.018843735328766372,0,Very Low
C01714,Manufacturing,25,monthly,6,7,3,0.429,1,0.0,0,0,,0.367,0,0,0.25,0.0,0.2368915366603668,0,Low
C01715,Tech,63,annual,17,7,3,0.429,5,0.071,1,0,,0.399,0,0,1.25,0.25,0.13351806017954526,0,Very Low
C01716,Tech,14,multi_year,8,8,6,0.75,4,-0.333,0,0,8.0,0.63,0,0,0.5714285714285714,0.0,0.012752982199554314,0,Very Low
C01717,,8,monthly,4,5,4,0.8,6,0.385,2,1,5.0,0.601,0,0,1.2,0.4,0.20078839728912495,0,Low
C01718,Other,548,annual,12,20,16,0.8,13,0.0,0,0,,0.608,1,0,0.7647058823529411,0.0,0.005179042176286701,0,Very Low
C01719,Healthcare,11,monthly,5,4,3,0.75,2,-0.455,0,0,5.0,0.481,1,0,0.5,0.0,0.05762363141294645,0,Very Low
C01720,Healthcare,66,annual,7,15,8,0.533,7,-0.087,1,0,4.0,0.508,0,0,0.7777777777777778,0.1111111111111111,0.09474721978321533,0,Very Low
C01721,Finance,96,annual,50,10,7,0.7,8,0.333,3,0,8.0,0.782,0,0,1.0,0.375,0.001978977891120608,0,Very Low
C01722,Tech,30,annual,81,11,7,0.636,12,0.565,0,0,7.0,0.47,0,0,1.5,0.0,0.005115412615846652,0,Very Low
C01723,Healthcare,41,multi_year,26,6,5,0.833,7,0.75,0,0,8.0,0.747,0,0,1.1666666666666667,0.0,0.0003303366033615762,0,Very Low
C01724,Retail,47,monthly,1,10,7,0.7,3,-0.308,2,0,2.0,0.554,0,0,0.375,0.25,0.2748870231357532,0,Low
C01725,Retail,203,annual,2,11,8,0.727,10,0.364,1,0,5.0,0.705,1,0,1.1111111111111112,0.1111111111111111,0.0038976295940495653,0,Very Low
C01726,Tech,31,multi_year,3,7,1,0.143,2,-0.25,2,0,1.0,0.27,0,1,1.0,1.0,0.8828380263403078,1,Very High
C01727,Manufacturing,58,monthly,4,6,4,0.667,4,0.091,0,0,7.0,0.43,0,0,0.8,0.0,0.05134877401616165,0,Very Low
C01728,Other,201,annual,9,11,7,0.636,9,0.125,0,1,8.0,0.369,1,0,1.125,0.0,0.04918323496108581,0,Very Low
C01729,Manufacturing,12,annual,6,8,4,0.5,6,0.5,2,0,,0.527,0,0,1.2,0.4,0.05265181621754636,0,Very Low
C01730,Other,10,annual,14,7,4,0.571,4,-0.25,3,0,6.0,0.499,0,0,0.8,0.6,0.1369038273283582,0,Very Low
C01731,Healthcare,39,monthly,12,9,1,0.111,4,0.714,2,0,4.0,0.168,1,1,2.0,1.0,0.49391937951106135,1,Medium
C01732,Retail,28,annual,4,6,5,0.833,4,-0.077,3,0,,0.558,0,0,0.6666666666666666,0.5,0.027900903392715243,0,Very Low
C01733,Other,99,monthly,11,11,7,0.636,7,0.05,3,1,8.0,0.35,0,1,0.875,0.375,0.29107712856430074,0,Low
C01734,Retail,88,monthly,19,9,4,0.444,1,-0.625,1,0,5.0,0.228,0,0,0.2,0.2,0.6026366204179991,1,High
C01735,Tech,36,annual,12,10,9,0.9,13,0.5,2,0,,0.517,0,0,1.3,0.2,0.007874778371409943,0,Very Low
C01736,Healthcare,78,monthly,1,11,7,0.636,8,0.091,3,0,5.0,0.634,1,0,1.0,0.375,0.02640569626347251,0,Very Low
C01737,Other,30,monthly,20,11,7,0.636,6,0.125,2,0,,0.792,0,0,0.75,0.25,0.027979752589071993,0,Very Low
C01738,Healthcare,552,annual,3,18,8,0.444,9,0.038,4,0,4.0,0.399,1,0,1.0,0.4444444444444444,0.0875770670489568,0,Very Low
C01739,Retail,130,annual,1,8,4,0.5,5,0.154,2,0,6.0,0.378,1,0,1.0,0.4,0.045139913064873444,0,Very Low
C01740,Finance,34,monthly,4,10,5,0.5,3,-0.4,4,0,3.0,0.676,0,0,0.5,0.6666666666666666,0.4014223719901419,1,Medium
C01741,Retail,578,multi_year,17,21,17,0.81,11,-0.233,3,0,,0.662,1,0,0.6111111111111112,0.16666666666666666,0.005343823024428804,0,Very Low
C01742,Finance,47,monthly,35,6,1,0.167,2,0.0,5,1,4.0,0.5,0,1,1.0,2.5,0.898700102379629,1,Very High
C01743,Retail,100,monthly,21,13,11,0.846,9,0.286,1,0,6.0,0.69,0,0,0.75,0.08333333333333333,0.007398293968646297,0,Very Low
C01744,Tech,16,monthly,1,9,3,0.333,4,-0.077,2,0,4.0,0.335,0,1,1.0,0.5,0.7027397547685116,1,High
C01745,Finance,12,monthly,7,6,5,0.833,4,-0.143,1,0,5.0,0.704,0,0,0.6666666666666666,0.16666666666666666,0.03731827706491354,0,Very Low
C01746,Manufacturing,240,monthly,19,10,8,0.8,12,0.5,1,0,7.0,0.568,1,0,1.3333333333333333,0.1111111111111111,0.0033021045284024535,0,Very Low
C01747,Manufacturing,26,annual,59,11,4,0.364,5,0.667,1,0,,0.386,0,0,1.0,0.2,0.037807951754571516,0,Very Low
C01748,Finance,14,annual,1,9,4,0.444,3,0.286,1,0,,0.345,0,1,0.6,0.2,0.13087072601414476,0,Very Low
C01749,Tech,18,annual,38,8,5,0.625,5,0.0,0,1,,0.342,0,0,0.8333333333333334,0.0,0.23016044566007965,0,Low
C01750,Finance,94,monthly,3,7,6,0.857,7,-0.045,1,0,,0.767,0,0,1.0,0.14285714285714285,0.015422092732771026,0,Very Low
C01751,Tech,24,annual,11,6,4,0.667,3,-0.182,3,0,2.0,0.56,0,0,0.6,0.6,0.16147596904225447,0,Very Low
C01752,Tech,14,multi_year,20,9,8,0.889,5,0.0,3,0,,0.813,1,0,0.5555555555555556,0.3333333333333333,0.002213133256130223,0,Very Low
C01753,Healthcare,3,multi_year,1,4,3,0.75,5,0.5,1,0,7.0,0.716,0,0,1.25,0.25,0.0033169212191379183,0,Very Low
C01754,Manufacturing,16,annual,34,5,5,1.0,2,0.2,1,0,7.0,0.449,0,0,0.3333333333333333,0.16666666666666666,0.00386019506804895,0,Very Low
C01755,Retail,46,annual,23,7,4,0.571,6,0.059,0,0,8.0,0.728,0,0,1.2,0.0,0.009090662661016173,0,Very Low
C01756,Retail,21,annual,7,6,1,0.167,0,-1.0,4,0,,0.526,0,1,0.0,2.0,0.7785698825952245,1,High
C01757,Finance,19,multi_year,6,10,4,0.4,4,0.333,2,0,,0.483,1,0,0.8,0.4,0.03491342794170278,0,Very Low
C01758,Healthcare,329,annual,12,18,11,0.611,14,0.135,2,0,6.0,0.736,1,0,1.1666666666666667,0.16666666666666666,0.004442249027219886,0,Very Low
C01759,Healthcare,68,annual,9,10,8,0.8,6,0.125,2,0,,0.558,1,0,0.6666666666666666,0.2222222222222222,0.0049703481953701795,0,Very Low
C01760,Other,21,multi_year,20,7,6,0.857,8,0.091,1,0,7.0,0.851,0,0,1.1428571428571428,0.14285714285714285,0.0022629103488056505,0,Very Low
C01761,Retail,64,monthly,35,12,11,0.917,4,-0.657,3,0,,0.819,0,0,0.3333333333333333,0.25,0.023945019323448665,0,Very Low
C01762,Finance,13,multi_year,16,9,7,0.778,6,-0.25,3,0,5.0,0.771,0,0,0.75,0.375,0.01895558201380456,0,Very Low
C01763,Tech,69,monthly,23,8,6,0.75,7,0.167,1,0,7.0,0.569,0,0,1.0,0.14285714285714285,0.017641186517722344,0,Very Low
C01764,Manufacturing,189,monthly,2,17,13,0.765,18,0.286,0,0,,0.625,1,0,1.2857142857142858,0.0,0.009557897389642318,0,Very Low
C01765,Retail,29,monthly,5,5,4,0.8,2,-0.5,0,0,5.0,0.775,0,0,0.4,0.0,0.04333198185117144,0,Very Low
C01766,Finance,140,monthly,1,7,6,0.857,3,-0.5,2,0,9.0,0.542,1,0,0.42857142857142855,0.2857142857142857,0.012682905289701934,0,Very Low
C01767,Finance,23,monthly,64,7,5,0.714,4,0.5,1,1,9.0,0.656,0,0,0.6666666666666666,0.16666666666666666,0.010176047975130387,0,Very Low
C01768,Other,9,annual,3,5,3,0.6,4,0.091,3,0,,0.679,1,0,1.0,0.75,0.02468524482522014,0,Very Low
C01769,Tech,26,monthly,18,7,6,0.857,9,0.227,1,0,3.0,0.806,0,0,1.2857142857142858,0.14285714285714285,0.019881589555388206,0,Very Low
C01770,Tech,28,monthly,6,7,3,0.429,5,0.667,3,0,3.0,0.402,0,0,1.25,0.75,0.2791717155485429,0,Low
C01771,Other,86,multi_year,2,15,4,0.267,1,-0.769,1,0,,0.268,0,1,0.2,0.2,0.641452188244355,1,High
C01772,Healthcare,40,monthly,32,11,8,0.727,7,-0.045,3,0,,0.415,0,0,0.7777777777777778,0.3333333333333333,0.06240036192832948,0,Very Low
C01773,Manufacturing,17,monthly,14,8,6,0.75,11,0.571,3,0,6.0,0.442,0,0,1.5714285714285714,0.42857142857142855,0.04163918065514314,0,Very Low
C01774,Healthcare,22,annual,3,8,7,0.875,6,-0.28,1,0,,0.712,0,0,0.75,0.125,0.011744113504445364,0,Very Low
C01775,Tech,33,multi_year,2,11,2,0.182,2,-0.5,0,1,4.0,0.557,0,1,0.6666666666666666,0.0,0.795999402054785,1,High
C01776,Manufacturing,57,monthly,30,10,4,0.4,3,-0.1,1,0,4.0,0.466,0,0,0.6,0.2,0.2876592205445109,0,Low
C01777,Retail,11,annual,14,7,4,0.571,2,-0.714,1,0,,0.322,0,1,0.4,0.2,0.3487218078984542,0,Low
C01778,Healthcare,17,monthly,45,4,3,0.75,3,-0.308,2,0,,0.516,0,0,0.75,0.5,0.05185196452736686,0,Very Low
C01779,Finance,30,monthly,3,11,8,0.727,4,0.091,1,0,6.0,0.744,0,0,0.4444444444444444,0.1111111111111111,0.02107823165732158,0,Very Low
C01780,Finance,12,multi_year,23,8,3,0.375,3,-0.182,2,0,,0.527,0,0,0.75,0.5,0.1389097504965162,0,Very Low
C01781,Manufacturing,103,annual,8,11,3,0.273,2,-0.625,4,1,,0.254,1,1,0.5,1.0,0.8476181161501929,1,Very High
C01782,Finance,33,annual,17,7,4,0.571,6,-0.053,1,0,,0.558,0,0,1.2,0.2,0.05947612089634893,0,Very Low
C01783,Tech,10,multi_year,4,4,3,0.75,2,-0.455,4,0,7.0,0.52,0,0,0.5,1.0,0.058622439048649416,0,Very Low
C01784,Manufacturing,13,annual,3,7,1,0.143,2,0.2,4,0,,0.402,0,1,1.0,2.0,0.5445961270794838,1,Medium
C01785,Tech,104,annual,19,10,7,0.7,7,0.0,1,0,7.0,0.446,1,0,0.875,0.125,0.010890448208431503,0,Very Low
C01786,Other,19,monthly,3,5,2,0.4,2,0.0,0,0,3.0,0.612,0,0,0.6666666666666666,0.0,0.2783950441110841,0,Low
C01787,Other,12,monthly,19,8,7,0.875,10,0.2,1,0,,0.673,0,0,1.25,0.125,0.017518908477680034,0,Very Low
C01788,Manufacturing,64,monthly,4,11,6,0.545,3,-0.438,3,0,4.0,0.437,0,0,0.42857142857142855,0.42857142857142855,0.46464320127497144,1,Medium
C01789,Healthcare,99,multi_year,10,10,2,0.2,4,0.2,2,0,4.0,0.527,0,0,1.3333333333333333,0.6666666666666666,0.16550180365478262,0,Very Low
C01790,Retail,6,annual,66,5,5,1.0,9,0.35,3,0,6.0,0.929,0,0,1.5,0.5,0.0009319404799160873,0,Very Low
C01791,Other,39,annual,1,13,9,0.692,10,0.2,0,0,,0.473,0,0,1.0,0.0,0.03631629293922689,0,Very Low
C01792,Tech,193,monthly,51,16,4,0.25,6,0.286,0,0,7.0,0.332,1,0,1.2,0.0,0.07796717732486616,0,Very Low
C01793,Other,305,annual,13,12,11,0.917,6,-0.143,0,0,,0.703,1,0,0.5,0.0,0.0025687692891497842,0,Very Low
C01794,Retail,96,annual,14,11,6,0.545,9,0.125,0,0,,0.683,1,0,1.2857142857142858,0.0,0.011576452555958058,0,Very Low
C01795,Retail,63,annual,9,12,10,0.833,5,-0.4,0,0,5.0,0.458,1,0,0.45454545454545453,0.0,0.024658046829998316,0,Very Low
C01796,Retail,9,annual,31,8,4,0.5,3,-0.1,2,0,4.0,0.542,0,0,0.6,0.4,0.12916810910350748,0,Very Low
C01797,Retail,68,monthly,8,13,7,0.538,10,0.5,3,0,7.0,0.447,0,0,1.25,0.375,0.0635871468718226,0,Very Low
C01798,Finance,18,monthly,10,7,5,0.714,5,-0.118,0,0,,0.496,0,0,0.8333333333333334,0.0,0.08761741403848407,0,Very Low
C01799,Other,22,monthly,4,5,4,0.8,3,0.125,1,0,7.0,0.579,1,0,0.6,0.2,0.009934329632624661,0,Very Low
C01800,Retail,66,monthly,14,10,4,0.4,3,0.125,4,0,5.0,0.4,0,1,0.6,0.8,0.310223972337837,0,Low
C01801,Tech,15,annual,65,9,6,0.667,4,-0.143,2,0,5.0,0.37,1,0,0.5714285714285714,0.2857142857142857,0.028941139430988763,0,Very Low
C01802,Retail,20,annual,7,7,3,0.429,2,0.5,1,0,,0.581,0,0,0.5,0.25,0.03149309354415766,0,Very Low
C01803,Finance,223,multi_year,53,14,11,0.786,14,0.448,2,1,,0.529,1,0,1.1666666666666667,0.16666666666666666,0.007100746902988144,0,Very Low
C01804,Finance,65,annual,7,7,4,0.571,5,0.154,4,0,,0.623,0,1,1.0,0.8,0.04390485368956106,0,Very Low
C01805,Finance,6,monthly,20,6,3,0.5,2,-0.538,1,0,5.0,0.448,0,0,0.5,0.25,0.4359292867525896,1,Medium
C01806,Finance,14,multi_year,23,7,3,0.429,2,-0.143,1,0,4.0,0.408,0,0,0.5,0.25,0.17857412929155597,0,Very Low
C01807,Finance,9,annual,47,7,6,0.857,4,-0.077,2,1,6.0,0.652,0,1,0.5714285714285714,0.2857142857142857,0.03719461161527816,0,Very Low
C01808,Finance,41,multi_year,7,10,7,0.7,10,0.2,4,0,6.0,0.387,0,0,1.25,0.5,0.042540101029933046,0,Very Low
C01809,Other,10,monthly,12,7,6,0.857,6,0.2,0,0,5.0,0.67,0,0,0.8571428571428571,0.0,0.019495810790804067,0,Very Low
C01810,Finance,27,annual,2,11,9,0.818,11,0.269,1,0,5.0,0.486,0,0,1.1,0.1,0.02349968307063274,0,Very Low
C01811,Other,32,annual,2,11,6,0.545,5,0.071,2,0,4.0,0.416,1,0,0.7142857142857143,0.2857142857142857,0.0869214498625454,0,Very Low
C01812,Finance,51,multi_year,24,9,5,0.556,5,-0.167,0,1,,0.379,0,0,0.8333333333333334,0.0,0.2542350721283457,0,Low
C01813,Manufacturing,35,multi_year,23,12,7,0.583,8,0.043,3,2,7.0,0.619,0,0,1.0,0.375,0.2962076543359356,0,Low
C01814,Tech,38,monthly,1,11,6,0.545,6,0.385,1,0,,0.515,0,0,0.8571428571428571,0.14285714285714285,0.07762486990726986,0,Very Low
C01815,Manufacturing,29,annual,4,9,8,0.889,12,0.5,2,0,6.0,0.527,0,0,1.3333333333333333,0.2222222222222222,0.00819920518764403,0,Very Low
C01816,Manufacturing,12,monthly,2,6,5,0.833,6,0.2,3,0,7.0,0.394,0,0,1.0,0.5,0.0549356367487872,0,Very Low
C01817,Healthcare,78,annual,8,12,7,0.583,7,-0.25,1,0,5.0,0.757,0,0,0.875,0.125,0.0294792926752374,0,Very Low
C01818,Tech,32,annual,11,12,4,0.333,11,1.062,2,1,4.0,0.477,0,0,2.2,0.4,0.2960504187294843,0,Low
C01819,Tech,14,annual,49,4,2,0.5,1,-0.25,3,0,6.0,0.612,0,0,0.3333333333333333,1.0,0.05594730282906918,0,Very Low
C01820,,8,annual,4,5,4,0.8,1,-0.727,3,0,6.0,0.766,0,0,0.2,0.6,0.06806571398294246,0,Very Low
C01821,Finance,34,annual,10,11,10,0.909,11,-0.132,0,0,,0.795,0,0,1.0,0.0,0.0068346772785511795,0,Very Low
C01822,Healthcare,86,annual,13,11,4,0.364,6,0.5,5,0,3.0,0.674,0,0,1.2,1.0,0.0728764204529919,0,Very Low
C01823,Healthcare,37,annual,11,7,5,0.714,2,-0.5,2,0,5.0,0.493,0,1,0.3333333333333333,0.3333333333333333,0.06819517656711348,0,Very Low
C01824,Other,8,monthly,5,7,5,0.714,7,0.312,1,0,,0.777,0,0,1.1666666666666667,0.16666666666666666,0.02365142265458914,0,Very Low
C01825,Manufacturing,18,multi_year,28,10,8,0.8,11,0.435,0,0,8.0,0.885,0,0,1.2222222222222223,0.0,0.0007805326652906948,0,Very Low
C01826,Healthcare,10,monthly,23,6,1,0.167,0,-1.0,4,0,,0.412,0,1,0.0,2.0,0.8709555085074234,1,Very High
C01827,Tech,20,annual,11,7,2,0.286,2,0.5,0,0,7.0,0.475,1,0,0.6666666666666666,0.0,0.02297939969374208,0,Very Low
C01828,Tech,67,annual,17,12,9,0.75,10,0.154,2,0,7.0,0.714,1,0,1.0,0.2,0.003178592873265396,0,Very Low
C01829,,34,multi_year,17,6,4,0.667,7,0.312,1,0,8.0,0.541,0,0,1.4,0.2,0.011609092333072734,0,Very Low
C01830,Tech,26,monthly,23,6,4,0.667,9,0.588,2,0,8.0,0.407,0,0,1.8,0.4,0.02862524608743492,0,Very Low
C01831,Finance,16,annual,26,4,3,0.75,3,-0.308,1,0,5.0,0.496,0,0,0.75,0.25,0.05582159511999775,0,Very Low
C01832,Healthcare,18,monthly,15,9,4,0.444,4,0.333,1,1,2.0,0.375,1,0,0.8,0.2,0.4639505478029241,1,Medium
C01833,Finance,32,annual,1,7,6,0.857,6,-0.182,1,0,9.0,0.921,0,0,0.8571428571428571,0.14285714285714285,0.0023645946962004573,0,Very Low
C01834,Manufacturing,4,multi_year,14,3,1,0.333,2,0.2,0,1,3.0,0.694,0,1,1.0,0.0,0.3219814339857527,0,Low
C01835,Healthcare,17,multi_year,63,9,3,0.333,4,-0.077,2,0,5.0,0.405,0,0,1.0,0.5,0.10358461599649327,0,Very Low
C01836,Retail,4,annual,19,3,3,1.0,3,-0.25,2,1,7.0,0.785,1,0,0.75,0.5,0.01175631298177129,0,Very Low
C01837,Other,77,annual,53,10,5,0.5,4,0.2,2,1,5.0,0.597,0,0,0.6666666666666666,0.3333333333333333,0.10236021419972355,0,Very Low
C01838,Retail,9,annual,21,4,3,0.75,7,0.312,1,0,6.0,0.575,0,0,1.75,0.25,0.017771133796966113,0,Very Low
C01839,Retail,68,monthly,17,14,11,0.786,5,-0.286,2,0,,0.495,0,0,0.4166666666666667,0.16666666666666666,0.08087664449403097,0,Very Low
C01840,Healthcare,5,annual,27,5,4,0.8,5,0.0,2,0,9.0,0.756,0,0,1.0,0.4,0.0030328936416002543,0,Very Low
C01841,Finance,155,annual,4,10,6,0.6,4,-0.478,1,0,,0.502,1,1,0.5714285714285714,0.14285714285714285,0.05189872911558784,0,Very Low
C01842,Tech,60,annual,5,13,6,0.462,7,-0.125,2,0,2.0,0.408,0,1,1.0,0.2857142857142857,0.43896564100202484,1,Medium
C01843,Retail,34,annual,4,12,3,0.25,1,-0.7,7,0,7.0,0.412,0,1,0.25,1.75,0.6904587240338671,1,High
C01844,Tech,20,annual,1,9,5,0.556,6,0.286,0,0,5.0,0.471,0,0,1.0,0.0,0.06415052611555536,0,Very Low
C01845,Manufacturing,20,annual,12,9,5,0.556,1,-0.5,3,2,,0.621,1,1,0.16666666666666666,0.5,0.5624237862806073,1,Medium
C01846,Other,20,multi_year,65,7,6,0.857,7,0.05,1,0,5.0,0.469,0,0,1.0,0.14285714285714285,0.00930091165797422,0,Very Low
C01847,Other,71,monthly,15,7,3,0.429,1,-0.625,3,0,4.0,0.55,0,1,0.25,0.75,0.4945730903343742,1,Medium
C01848,Finance,51,monthly,4,13,12,0.923,9,-0.069,4,1,5.0,0.748,0,0,0.6923076923076923,0.3076923076923077,0.0974050469759262,0,Very Low
C01849,,73,multi_year,39,13,4,0.308,6,0.2,1,0,6.0,0.539,0,0,1.2,0.2,0.07471148907162227,0,Very Low
C01850,Manufacturing,17,monthly,29,8,2,0.25,6,0.5,3,1,2.0,0.447,0,1,2.0,1.0,0.8779105135714199,1,Very High
C01851,Retail,21,annual,11,5,2,0.4,1,-0.25,2,0,,0.35,1,0,0.3333333333333333,0.6666666666666666,0.1540747355523822,0,Very Low
C01852,Tech,5,annual,1,3,2,0.667,3,0.0,2,0,6.0,0.688,0,0,1.0,0.6666666666666666,0.03844833286812688,0,Very Low
C01853,Tech,4,annual,22,4,3,0.75,2,-0.25,0,0,,0.819,0,0,0.5,0.0,0.013757003046716334,0,Very Low
C01854,Tech,33,annual,26,8,7,0.875,6,0.125,1,0,6.0,0.606,0,0,0.75,0.125,0.006757767429670417,0,Very Low
C01855,Tech,14,annual,26,9,7,0.778,5,-0.211,0,0,,0.632,0,0,0.625,0.0,0.020788961079574585,0,Very Low
C01856,Other,31,monthly,39,9,3,0.333,3,0.125,2,0,5.0,0.287,0,1,0.75,0.5,0.38296302695716294,1,Low
C01857,Healthcare,23,annual,20,7,2,0.286,3,0.125,0,0,4.0,0.505,0,0,1.0,0.0,0.1343220486654228,0,Very Low
C01858,Tech,20,multi_year,59,10,5,0.5,5,-0.4,4,1,,0.273,1,0,0.8333333333333334,0.6666666666666666,0.37682298917170165,0,Low
C01859,Retail,25,multi_year,31,7,4,0.571,6,0.636,2,0,7.0,0.38,0,0,1.2,0.4,0.013913473977882312,0,Very Low
C01860,Retail,3,multi_year,61,4,2,0.5,3,0.286,1,1,,0.498,0,0,1.0,0.3333333333333333,0.10768487570066428,0,Very Low
C01861,Tech,20,monthly,2,10,4,0.4,3,-0.308,4,0,5.0,0.306,0,0,0.6,0.8,0.708512568622429,1,High
C01862,Tech,35,annual,1,9,5,0.556,3,-0.526,1,0,5.0,0.565,0,0,0.5,0.16666666666666666,0.16593291584322883,0,Very Low
C01863,Manufacturing,25,monthly,20,9,6,0.667,2,-0.571,2,0,6.0,0.716,0,0,0.2857142857142857,0.2857142857142857,0.0869122538744659,0,Very Low
C01864,Healthcare,36,annual,1,8,6,0.75,10,0.364,0,0,5.0,0.611,0,0,1.4285714285714286,0.0,0.010220131781697206,0,Very Low
C01865,Other,3,annual,16,3,0,0.0,0,-1.0,0,0,,0.079,0,1,0.0,0.0,0.9488735625228708,1,Very High
C01866,Tech,57,multi_year,15,12,7,0.583,7,0.05,2,0,7.0,0.681,0,0,0.875,0.25,0.013995504343485366,0,Very Low
C01867,Retail,47,annual,15,11,7,0.636,7,0.105,2,0,,0.711,0,0,0.875,0.25,0.019302179835282537,0,Very Low
C01868,,46,multi_year,46,7,5,0.714,6,-0.1,1,0,6.0,0.633,0,0,1.0,0.16666666666666666,0.014236961018747883,0,Very Low
C01869,Healthcare,34,annual,38,10,6,0.6,5,-0.062,4,0,6.0,0.412,0,0,0.7142857142857143,0.5714285714285714,0.04995216635500631,0,Very Low
C01870,Other,44,annual,5,7,4,0.571,4,0.0,3,0,6.0,0.552,1,0,0.8,0.6,0.030422548825731723,0,Very Low
C01871,Other,69,monthly,1,9,7,0.778,3,-0.471,0,1,9.0,0.892,0,0,0.375,0.0,0.03955592421095832,0,Very Low
C01872,Healthcare,18,multi_year,33,8,4,0.5,8,0.412,0,0,,0.651,1,0,1.6,0.0,0.004918114171070068,0,Very Low
C01873,Finance,24,multi_year,13,8,4,0.5,2,-0.4,2,0,5.0,0.625,0,0,0.4,0.4,0.09273529210076951,0,Very Low
C01874,Other,46,annual,36,10,6,0.6,6,0.0,1,1,,0.444,0,0,0.8571428571428571,0.14285714285714285,0.19022024094520473,0,Very Low
C01875,Tech,7,annual,1,4,2,0.5,3,-0.25,3,0,,0.638,0,0,1.0,1.0,0.17136483927961738,0,Very Low
C01876,Manufacturing,49,annual,15,10,4,0.4,9,0.35,1,0,6.0,0.297,0,0,1.8,0.2,0.15832565229152334,0,Very Low
C01877,Other,13,annual,11,8,4,0.5,3,-0.182,3,0,8.0,0.359,0,0,0.6,0.6,0.13870114355319224,0,Very Low
C01878,Tech,16,annual,6,6,2,0.333,3,0.5,3,0,,0.684,0,0,1.0,1.0,0.059792818402953106,0,Very Low
C01879,Retail,13,annual,8,8,5,0.625,7,0.105,1,0,7.0,0.562,0,0,1.1666666666666667,0.16666666666666666,0.031009562149203765,0,Very Low
C01880,Healthcare,34,monthly,15,11,9,0.818,10,0.154,3,0,7.0,0.445,0,0,1.0,0.3,0.024374585021612296,0,Very Low
C01881,,8,annual,25,4,4,1.0,4,-0.2,2,0,,0.844,0,0,0.8,0.4,0.007784634928717907,0,Very Low
C01882,Retail,99,monthly,36,8,6,0.75,5,0.071,4,0,4.0,0.343,0,1,0.7142857142857143,0.5714285714285714,0.11008493404370304,0,Very Low
C01883,Healthcare,15,annual,10,8,7,0.875,3,-0.308,2,0,7.0,0.641,0,0,0.375,0.25,0.009922947425081437,0,Very Low
C01884,Tech,12,monthly,3,8,4,0.5,7,0.0,1,0,3.0,0.565,1,0,1.4,0.2,0.21152621365463398,0,Low
C01885,Tech,126,monthly,5,14,14,1.0,16,0.455,1,0,,0.526,1,0,1.0666666666666667,0.06666666666666667,0.0038215930341379007,0,Very Low
C01886,Retail,26,monthly,17,10,3,0.3,4,0.333,2,0,7.0,0.339,0,1,1.0,0.5,0.24991866932317525,0,Low
C01887,Healthcare,5,monthly,1,3,1,0.333,3,0.286,2,0,4.0,0.67,0,1,1.5,1.0,0.24361828596190171,0,Low
C01888,Other,29,monthly,8,6,2,0.333,1,-0.25,2,0,,0.356,0,0,0.3333333333333333,0.6666666666666666,0.5201317091431086,1,Medium
C01889,Retail,64,annual,11,10,8,0.8,20,0.667,2,0,8.0,0.657,0,0,2.2222222222222223,0.2222222222222222,0.002892419094591089,0,Very Low
C01890,Manufacturing,118,monthly,16,9,6,0.667,3,-0.308,5,1,4.0,0.345,1,0,0.42857142857142855,0.7142857142857143,0.5181642120063878,1,Medium
C01891,Tech,75,annual,66,12,7,0.583,6,0.0,1,0,4.0,0.45,0,0,0.75,0.125,0.046582426142868075,0,Very Low
C01892,Healthcare,27,monthly,13,11,6,0.545,8,0.6,0,0,7.0,0.486,0,0,1.1428571428571428,0.0,0.022108806417309244,0,Very Low
C01893,Manufacturing,386,monthly,56,13,10,0.769,9,-0.308,1,0,,0.709,1,0,0.8181818181818182,0.09090909090909091,0.007718056324826888,0,Very Low
C01894,Retail,25,annual,5,6,3,0.5,3,0.125,2,0,3.0,0.579,0,0,0.75,0.5,0.1241384234193361,0,Very Low
C01895,Tech,5,monthly,18,3,2,0.667,4,0.5,3,0,4.0,0.603,0,0,1.3333333333333333,1.0,0.07628487885870083,0,Very Low
C01896,Tech,211,multi_year,5,16,12,0.75,7,-0.192,1,0,,0.527,1,0,0.5384615384615384,0.07692307692307693,0.011604745719318398,0,Very Low
C01897,Healthcare,123,monthly,11,8,5,0.625,7,0.312,2,0,,0.444,1,0,1.1666666666666667,0.3333333333333333,0.02246375353175599,0,Very Low
C01898,Finance,78,annual,8,7,6,0.857,3,-0.4,1,0,6.0,0.508,1,0,0.42857142857142855,0.14285714285714285,0.013062386755876341,0,Very Low
C01899,Other,346,monthly,7,14,12,0.857,6,-0.419,0,0,6.0,0.707,1,0,0.46153846153846156,0.0,0.010921457900332214,0,Very Low
C01900,Retail,79,annual,5,13,12,0.923,18,0.5,1,0,7.0,0.78,0,0,1.3846153846153846,0.07692307692307693,0.0014167541666512886,0,Very Low
C01901,Finance,31,annual,21,8,6,0.75,5,0.0,2,0,6.0,0.803,0,0,0.7142857142857143,0.2857142857142857,0.008042081123566878,0,Very Low
C01902,Tech,47,annual,36,12,10,0.833,7,-0.323,1,0,5.0,0.697,0,0,0.6363636363636364,0.09090909090909091,0.015453902651390768,0,Very Low
C01903,Retail,13,annual,33,7,5,0.714,4,0.5,4,0,,0.564,0,0,0.6666666666666666,0.6666666666666666,0.012294536819680181,0,Very Low
C01904,Tech,49,monthly,56,11,6,0.545,9,0.174,1,2,,0.475,0,1,1.2857142857142858,0.14285714285714285,0.5905096263008484,1,Medium
C01905,Manufacturing,14,monthly,3,6,3,0.5,2,-0.143,5,0,,0.657,1,0,0.5,1.25,0.11574732216209693,0,Very Low
C01906,Retail,12,annual,8,4,3,0.75,3,-0.182,2,0,5.0,0.416,0,0,0.75,0.5,0.09252998521957853,0,Very Low
C01907,Finance,6,multi_year,13,4,3,0.75,3,-0.308,1,0,7.0,0.728,0,0,0.75,0.25,0.01355949081977657,0,Very Low
C01908,Healthcare,29,annual,1,10,5,0.5,5,-0.423,2,0,5.0,0.516,1,0,0.8333333333333334,0.3333333333333333,0.09555566511376425,0,Very Low
C01909,Retail,56,annual,3,14,9,0.643,6,-0.25,2,0,4.0,0.756,0,0,0.6,0.2,0.05538539170692595,0,Very Low
C01910,Finance,18,annual,8,9,4,0.444,3,-0.1,3,0,,0.619,1,0,0.6,0.6,0.05640697039955327,0,Very Low
C01911,Tech,5,monthly,1,4,1,0.25,0,0.0,2,0,,0.443,0,1,0.0,1.0,0.4606053907962466,1,Medium
C01912,Manufacturing,11,multi_year,27,4,3,0.75,6,0.385,1,0,5.0,0.451,0,0,1.5,0.25,0.019082816080059732,0,Very Low
C01913,Manufacturing,24,annual,71,8,6,0.75,8,0.143,1,0,5.0,0.722,0,0,1.1428571428571428,0.14285714285714285,0.005877135381525029,0,Very Low
C01914,Retail,20,monthly,26,6,5,0.833,3,-0.438,1,1,5.0,0.638,0,0,0.5,0.16666666666666666,0.20229831659122638,0,Low
C01915,Healthcare,16,annual,4,7,3,0.429,2,-0.143,1,1,3.0,0.377,0,1,0.5,0.25,0.6494770357767982,1,High
C01916,Manufacturing,8,monthly,40,6,3,0.5,1,0.0,0,1,7.0,0.476,0,0,0.25,0.0,0.23910547107492713,0,Low
C01917,Manufacturing,156,annual,76,10,5,0.5,4,-0.2,4,0,5.0,0.583,1,0,0.6666666666666666,0.6666666666666666,0.020834639746633313,0,Very Low
C01918,Manufacturing,30,monthly,11,7,3,0.429,4,0.0,2,0,6.0,0.75,0,0,1.0,0.5,0.09625510972713536,0,Very Low
C01919,Manufacturing,41,monthly,11,11,6,0.545,4,-0.077,1,0,5.0,0.675,0,0,0.5714285714285714,0.14285714285714285,0.09173504596136482,0,Very Low
C01920,Manufacturing,32,annual,41,10,4,0.4,4,0.2,3,1,,0.433,0,1,0.8,0.6,0.3232200089394776,0,Low
C01921,Finance,9,monthly,3,8,3,0.375,4,0.0,1,0,,0.445,0,1,1.0,0.25,0.3792464349976155,1,Low
C01922,Tech,108,multi_year,25,15,8,0.533,11,0.435,1,0,7.0,0.545,1,0,1.2222222222222223,0.1111111111111111,0.005144349758645055,0,Very Low
C01923,Other,16,monthly,61,5,3,0.6,4,0.5,3,0,7.0,0.583,0,0,1.0,0.75,0.016099718790133295,0,Very Low
C01924,Tech,23,annual,12,7,5,0.714,3,0.125,2,1,6.0,0.488,0,0,0.5,0.3333333333333333,0.11148610843466034,0,Very Low
C01925,Tech,15,annual,9,5,2,0.4,3,0.0,0,1,4.0,0.493,0,0,1.0,0.0,0.5217699370296951,1,Medium
C01926,Retail,8,monthly,2,7,3,0.429,1,-0.571,1,0,6.0,0.553,0,0,0.25,0.25,0.3829762802930479,1,Low
C01927,Tech,30,monthly,3,6,1,0.167,1,0.0,3,0,2.0,0.387,0,1,0.5,1.5,0.8383009913556059,1,Very High
C01928,Retail,11,annual,10,5,1,0.2,2,0.2,4,0,6.0,0.438,0,0,1.0,2.0,0.3767986434342414,0,Low
C01929,Other,27,monthly,22,8,6,0.75,3,-0.5,2,0,4.0,0.377,0,0,0.42857142857142855,0.2857142857142857,0.28889355147674384,0,Low
C01930,Retail,39,annual,11,8,3,0.375,1,-0.769,2,0,,0.235,0,0,0.25,0.5,0.6290337428482919,1,High
C01931,Finance,153,annual,11,14,5,0.357,4,-0.294,2,0,,0.583,1,0,0.6666666666666666,0.3333333333333333,0.08367133492148202,0,Very Low
C01932,Other,6,monthly,2,5,4,0.8,4,-0.294,1,0,,0.715,0,0,0.8,0.2,0.062357801785037185,0,Very Low
C01933,Tech,135,annual,1,15,9,0.6,5,-0.483,1,1,4.0,0.656,1,0,0.5,0.1,0.21316161799711486,0,Low
C01934,Finance,163,multi_year,11,12,7,0.583,12,0.44,3,0,7.0,0.725,1,0,1.5,0.375,0.0030180548495069726,0,Very Low
C01935,Finance,17,annual,44,8,3,0.375,5,0.875,0,0,3.0,0.494,0,0,1.25,0.0,0.0409377976004838,0,Very Low
C01936,Other,36,monthly,9,12,11,0.917,18,0.543,1,0,4.0,0.722,0,0,1.5,0.08333333333333333,0.010099406564164875,0,Very Low
C01937,,93,monthly,19,9,6,0.667,7,0.105,1,0,,0.368,0,0,1.0,0.14285714285714285,0.12606804848182546,0,Very Low
C01938,Finance,10,monthly,16,4,1,0.25,3,-0.25,1,1,,0.481,0,1,1.5,0.5,0.8665961284141662,1,Very High
C01939,Finance,158,multi_year,22,17,9,0.529,8,0.0,3,0,,0.565,1,0,0.8,0.3,0.018978958870779942,0,Very Low
C01940,Finance,6,monthly,6,5,2,0.4,2,0.0,2,1,4.0,0.391,0,1,0.6666666666666666,0.6666666666666666,0.8262214827442799,1,Very High
C01941,Healthcare,53,monthly,30,13,7,0.538,3,-0.609,1,0,,0.648,0,0,0.375,0.125,0.11442307662543827,0,Very Low
C01942,Other,32,annual,13,9,4,0.444,8,0.333,1,0,,0.377,0,1,1.6,0.2,0.12402259454760811,0,Very Low
C01943,Other,12,multi_year,26,7,5,0.714,6,0.059,2,0,3.0,0.719,0,0,1.0,0.3333333333333333,0.026378928403811463,0,Very Low
C01944,Retail,13,annual,7,7,2,0.286,2,0.5,3,0,8.0,0.583,1,0,0.6666666666666666,1.0,0.021260356101545457,0,Very Low
C01945,Retail,28,annual,11,10,3,0.3,4,0.2,2,0,6.0,0.407,0,0,1.0,0.5,0.19482282267729356,0,Very Low
C01946,Tech,19,monthly,6,6,2,0.333,2,0.5,0,0,,0.341,1,0,0.6666666666666666,0.0,0.09849160643348408,0,Very Low
C01947,Other,22,monthly,52,5,3,0.6,6,0.059,0,0,,0.554,0,0,1.5,0.0,0.05633567633453691,0,Very Low
C01948,Retail,19,annual,10,7,4,0.571,11,0.571,2,0,4.0,0.403,0,0,2.2,0.4,0.1059876922337492,0,Very Low
C01949,Other,61,annual,8,7,3,0.429,4,0.091,1,0,,0.513,0,0,1.0,0.25,0.09148486363212324,0,Very Low
C01950,Tech,37,monthly,4,12,3,0.25,5,0.25,3,0,4.0,0.297,0,0,1.25,0.75,0.7000603486069819,1,High
C01951,Other,33,multi_year,2,12,4,0.333,4,-0.077,1,0,6.0,0.529,0,0,0.8,0.2,0.1356409441435797,0,Very Low
C01952,Retail,41,monthly,36,9,6,0.667,10,0.034,2,0,,0.626,0,0,1.4285714285714286,0.2857142857142857,0.047750381417389624,0,Very Low
C01953,Tech,41,annual,2,8,7,0.875,7,0.0,1,0,7.0,0.792,0,0,0.875,0.125,0.004546554538993566,0,Very Low
C01954,Tech,110,annual,27,9,4,0.444,2,-0.333,1,0,,0.5,1,0,0.4,0.2,0.05240867115029818,0,Very Low
C01955,Manufacturing,32,annual,18,11,5,0.455,3,-0.308,1,1,6.0,0.343,1,0,0.5,0.16666666666666666,0.36851569999260675,0,Low
C01956,Healthcare,36,monthly,15,10,5,0.5,8,0.143,1,0,,0.563,0,0,1.3333333333333333,0.16666666666666666,0.08054381707817523,0,Very Low
C01957,Finance,16,annual,5,6,4,0.667,8,0.6,1,1,,0.719,0,0,1.6,0.2,0.043509428291092,0,Very Low
C01958,Retail,8,annual,62,4,1,0.25,2,-0.143,1,0,5.0,0.225,0,0,1.0,0.5,0.41804784731632266,1,Medium
C01959,Other,14,annual,19,5,3,0.6,2,-0.333,1,0,,0.468,0,0,0.5,0.25,0.10600135079849696,0,Very Low
C01960,Finance,23,monthly,3,6,5,0.833,5,0.0,0,0,5.0,0.418,1,0,0.8333333333333334,0.0,0.03484186757111576,0,Very Low
C01961,Manufacturing,8,annual,11,6,3,0.5,9,0.688,2,0,8.0,0.316,0,0,2.25,0.5,0.06156481956384421,0,Very Low
C01962,Retail,90,annual,5,8,5,0.625,8,0.6,0,0,6.0,0.371,0,0,1.3333333333333333,0.0,0.02196268949665562,0,Very Low
C01963,Manufacturing,11,monthly,23,7,5,0.714,4,-0.4,3,0,,0.509,0,0,0.6666666666666666,0.5,0.16996147133444112,0,Very Low
C01964,Tech,33,monthly,16,12,3,0.25,1,0.0,0,0,5.0,0.388,1,0,0.25,0.0,0.23784310913694728,0,Low
C01965,Other,14,annual,11,6,4,0.667,4,0.2,1,0,,0.687,1,0,0.8,0.2,0.008200796556387637,0,Very Low
C01966,Tech,36,annual,5,7,1,0.143,1,-0.571,2,0,6.0,0.383,0,0,0.5,1.0,0.6717659539956565,1,High
C01967,Finance,64,monthly,1,11,9,0.818,9,-0.156,1,0,8.0,0.685,0,0,0.9,0.1,0.01663535052937803,0,Very Low
C01968,Tech,114,annual,1,13,4,0.308,5,-0.211,3,0,5.0,0.344,1,0,1.0,0.6,0.32139397710444584,0,Low
C01969,Retail,9,annual,34,7,3,0.429,3,0.286,4,0,4.0,0.671,0,0,0.75,1.0,0.07169135643204441,0,Very Low
C01970,Healthcare,83,annual,8,11,5,0.455,6,0.0,3,0,,0.66,0,0,1.0,0.5,0.04927588563629803,0,Very Low
C01971,Tech,15,annual,3,7,4,0.571,4,0.2,4,0,4.0,0.457,0,0,0.8,0.8,0.14644657276239892,0,Very Low
C01972,Retail,127,monthly,10,17,7,0.412,3,-0.4,5,0,,0.524,1,1,0.375,0.625,0.24875589676607737,0,Low
C01973,Tech,7,annual,7,7,4,0.571,3,-0.25,1,0,5.0,0.735,0,0,0.6,0.2,0.06511567435736179,0,Very Low
C01974,Manufacturing,15,annual,25,6,4,0.667,1,-0.625,1,1,5.0,0.467,0,1,0.2,0.2,0.3997760204329674,1,Low
C01975,Manufacturing,27,annual,1,8,4,0.5,4,-0.333,0,0,,0.401,0,0,0.8,0.0,0.2170642950981509,0,Low
C01976,Healthcare,102,monthly,9,16,9,0.562,3,-0.571,3,0,6.0,0.384,1,0,0.3,0.3,0.16428773115814815,0,Very Low
C01977,Finance,31,annual,6,6,4,0.667,5,0.25,2,0,,0.602,0,0,1.0,0.4,0.02370565344576537,0,Very Low
C01978,Retail,87,annual,20,14,8,0.571,4,-0.429,2,0,,0.509,0,0,0.4444444444444444,0.2222222222222222,0.10908696942119661,0,Very Low
C01979,Tech,42,monthly,55,6,3,0.5,4,0.0,2,1,8.0,0.5,0,0,1.0,0.5,0.18988447743899095,0,Very Low
C01980,Manufacturing,66,annual,38,11,6,0.545,8,0.846,4,0,,0.4,1,0,1.1428571428571428,0.5714285714285714,0.0097105750399364,0,Very Low
C01981,Retail,25,annual,28,6,2,0.333,4,0.2,3,0,5.0,0.368,0,1,1.3333333333333333,1.0,0.2555345406812797,0,Low
C01982,Retail,21,annual,15,10,8,0.8,5,-0.062,1,0,,0.657,0,0,0.5555555555555556,0.1111111111111111,0.015344348583041628,0,Very Low
C01983,Other,31,annual,1,10,6,0.6,7,0.5,2,0,4.0,0.47,0,0,1.0,0.2857142857142857,0.05872367960545329,0,Very Low
C01984,Other,29,monthly,39,8,4,0.5,3,-0.4,2,1,7.0,0.366,1,0,0.6,0.4,0.4015345100416432,1,Medium
C01985,,18,annual,1,6,5,0.833,4,-0.2,2,0,,0.715,0,0,0.6666666666666666,0.3333333333333333,0.029324860945847943,0,Very Low
C01986,Manufacturing,19,annual,5,9,6,0.667,11,0.435,2,0,,0.663,0,0,1.5714285714285714,0.2857142857142857,0.01938201528158622,0,Very Low
C01987,Manufacturing,4,annual,30,3,1,0.333,1,-0.25,4,0,2.0,0.602,0,0,0.5,2.0,0.5066820546567795,1,Medium
C01988,Retail,5,annual,10,3,2,0.667,2,0.0,1,0,6.0,0.651,0,0,0.6666666666666666,0.3333333333333333,0.026887198161210733,0,Very Low
C01989,Healthcare,12,annual,13,4,3,0.75,4,0.091,0,0,5.0,0.666,0,0,1.0,0.0,0.01157050715646704,0,Very Low
C01990,Other,16,monthly,22,5,4,0.8,5,0.25,1,0,7.0,0.711,0,0,1.0,0.2,0.009612464555315892,0,Very Low
C01991,Retail,8,annual,41,4,3,0.75,3,0.125,2,0,,0.737,0,0,0.75,0.5,0.00875129244388353,0,Very Low
C01992,,218,monthly,7,15,12,0.8,6,-0.28,0,0,5.0,0.598,1,0,0.46153846153846156,0.0,0.03382830832276272,0,Very Low
C01993,Healthcare,10,multi_year,1,7,2,0.286,1,-0.25,1,0,,0.384,0,0,0.3333333333333333,0.3333333333333333,0.23877350098071468,0,Low
C01994,Other,40,annual,2,12,8,0.667,0,-1.0,2,0,6.0,0.599,0,1,0.0,0.2222222222222222,0.17392985380538212,0,Very Low
C01995,Tech,67,monthly,11,12,9,0.75,14,0.312,3,1,,0.492,0,0,1.4,0.3,0.1882977546665562,0,Very Low
C01996,Tech,12,monthly,13,7,4,0.571,3,-0.25,3,0,8.0,0.544,0,1,0.6,0.6,0.11364467696558946,0,Very Low
C01997,Finance,48,monthly,1,6,4,0.667,3,0.0,2,0,5.0,0.625,0,0,0.6,0.4,0.06734144398100271,0,Very Low
C01998,Other,25,multi_year,3,11,7,0.636,2,-0.5,0,0,,0.744,0,0,0.25,0.0,0.03598258265665181,0,Very Low
C01999,Finance,10,multi_year,11,6,4,0.667,4,0.2,0,0,4.0,0.473,0,0,0.8,0.0,0.03857177066782029,0,Very Low
C02000,Healthcare,66,annual,36,14,11,0.786,6,-0.308,1,0,3.0,0.563,0,0,0.5,0.08333333333333333,0.03402072261865128,0,Very Low
C02001,Manufacturing,84,monthly,2,14,14,1.0,27,0.976,1,0,7.0,0.9,0,0,1.8,0.06666666666666667,0.0005738884396181694,0,Very Low
C02002,Tech,490,monthly,15,21,18,0.857,31,0.525,2,0,,0.834,1,0,1.631578947368421,0.10526315789473684,0.0015512486598378275,0,Very Low
C02003,Healthcare,93,monthly,5,16,6,0.375,2,-0.455,7,0,,0.39,0,1,0.2857142857142857,1.0,0.5953487788322572,1,Medium
C02004,Finance,10,annual,10,8,2,0.25,2,-0.25,3,0,,0.206,0,1,0.6666666666666666,1.0,0.6933545833496779,1,High
C02005,Tech,92,annual,4,12,8,0.667,14,0.5,2,0,6.0,0.704,0,0,1.5555555555555556,0.2222222222222222,0.009484659175355657,0,Very Low
C02006,Retail,5,monthly,6,5,2,0.4,5,0.25,1,0,,0.505,1,0,1.6666666666666667,0.3333333333333333,0.14802531498208038,0,Very Low
C02007,Retail,20,annual,1,8,3,0.375,2,-0.25,1,0,5.0,0.266,0,0,0.5,0.25,0.4480592021866566,1,Medium
C02008,Finance,2,monthly,15,3,1,0.333,1,0.0,2,0,4.0,0.549,0,1,0.5,1.0,0.4252837530332307,1,Medium
C02009,Other,62,monthly,2,9,6,0.667,7,-0.045,1,0,,0.493,0,0,1.0,0.14285714285714285,0.10725469479881483,0,Very Low
C02010,Tech,30,monthly,44,9,2,0.222,4,0.714,1,0,,0.353,0,0,1.3333333333333333,0.3333333333333333,0.17497168608318164,0,Very Low
C02011,Finance,186,annual,1,14,10,0.714,6,-0.357,1,0,,0.7,1,0,0.5454545454545454,0.09090909090909091,0.013628197077857134,0,Very Low
C02012,Finance,75,multi_year,4,13,7,0.538,6,-0.308,2,0,5.0,0.712,0,0,0.75,0.25,0.0573809453979516,0,Very Low
C02013,Other,20,monthly,19,5,4,0.8,5,0.0,1,0,,0.794,0,0,1.0,0.2,0.01787972026204564,0,Very Low
C02014,Healthcare,53,monthly,11,12,7,0.583,6,-0.053,0,0,5.0,0.409,1,0,0.75,0.0,0.061054235931495504,0,Very Low
C02015,Manufacturing,68,monthly,47,11,6,0.545,8,0.333,2,0,3.0,0.763,0,0,1.1428571428571428,0.2857142857142857,0.04110187301966371,0,Very Low
C02016,Healthcare,12,monthly,30,4,3,0.75,5,0.5,3,0,,0.696,0,0,1.25,0.75,0.010741739370407781,0,Very Low
C02017,Tech,14,annual,50,6,4,0.667,8,0.091,0,0,,0.579,1,0,1.6,0.0,0.01023435534307351,0,Very Low
C02018,Finance,31,annual,25,10,6,0.6,7,-0.16,3,0,,0.445,0,0,1.0,0.42857142857142855,0.10580771410392514,0,Very Low
C02019,Finance,3,multi_year,5,2,1,0.5,1,0.0,2,0,,0.618,0,0,0.5,1.0,0.06384772122216971,0,Very Low
C02020,Other,3,annual,18,4,2,0.5,3,0.125,0,0,3.0,0.615,0,0,1.0,0.0,0.11115554644251405,0,Very Low
C02021,,32,monthly,19,10,5,0.5,5,0.154,2,0,,0.722,0,0,0.8333333333333334,0.3333333333333333,0.08385388130442434,0,Very Low
C02022,Tech,23,multi_year,1,6,3,0.5,2,0.2,0,0,,0.551,0,0,0.5,0.0,0.03146488115267427,0,Very Low
C02023,Other,16,multi_year,58,7,4,0.571,6,0.286,4,1,7.0,0.354,0,0,1.2,0.8,0.12400120289323649,0,Very Low
C02024,,304,annual,2,20,6,0.3,3,-0.438,0,0,,0.506,1,0,0.42857142857142855,0.0,0.2086393789975378,0,Low
C02025,Retail,36,monthly,2,11,8,0.727,8,0.0,1,0,,0.635,0,0,0.8888888888888888,0.1111111111111111,0.04919084350914268,0,Very Low
C02026,Tech,100,monthly,45,10,2,0.2,4,0.333,3,0,,0.478,0,0,1.3333333333333333,1.0,0.2572077839947012,0,Low
C02027,Retail,39,monthly,23,8,6,0.75,6,0.059,2,1,,0.73,0,0,0.8571428571428571,0.2857142857142857,0.08917122607945249,0,Very Low
C02028,Tech,29,annual,25,12,6,0.5,11,0.222,0,1,3.0,0.301,0,1,1.5714285714285714,0.0,0.5743283749217453,1,Medium
C02029,Retail,18,annual,17,6,3,0.5,4,0.2,3,0,5.0,0.492,0,0,1.0,0.75,0.09727732621339912,0,Very Low
C02030,Healthcare,6,multi_year,7,6,2,0.333,2,-0.333,2,0,,0.336,0,0,0.6666666666666666,0.6666666666666666,0.334717725918241,0,Low
C02031,Tech,29,monthly,1,6,4,0.667,1,-0.571,0,0,,0.442,0,0,0.2,0.0,0.21925498801435894,0,Low
C02032,Tech,17,annual,29,7,1,0.143,1,-0.571,4,0,5.0,0.275,0,1,0.5,2.0,0.8399248377039276,1,Very High
C02033,,62,monthly,16,14,8,0.571,5,-0.286,0,0,5.0,0.598,0,0,0.5555555555555556,0.0,0.18052340725403948,0,Very Low
C02034,Other,13,annual,24,6,1,0.167,1,0.0,3,0,2.0,0.264,0,0,0.5,1.5,0.782541378748557,1,High
C02035,Manufacturing,13,annual,2,6,5,0.833,2,0.0,2,0,,0.655,1,0,0.3333333333333333,0.3333333333333333,0.007398316785940907,0,Very Low
C02036,Retail,31,annual,1,10,4,0.4,1,-0.769,2,0,4.0,0.486,0,1,0.2,0.4,0.5379235063207071,1,Medium
C02037,Tech,5,monthly,3,5,3,0.6,2,-0.333,4,0,,0.558,0,1,0.5,1.0,0.2891446925610969,0,Low
C02038,Manufacturing,12,monthly,8,8,6,0.75,4,-0.294,2,0,,0.488,0,0,0.5714285714285714,0.2857142857142857,0.14132945800293978,0,Very Low
C02039,Other,28,monthly,28,10,6,0.6,6,0.636,1,0,,0.63,0,0,0.8571428571428571,0.14285714285714285,0.017944245459797316,0,Very Low
C02040,Finance,21,monthly,17,10,4,0.4,6,0.5,2,1,,0.538,1,0,1.2,0.4,0.2096170265172937,0,Low
C02041,Healthcare,21,annual,6,10,4,0.4,7,0.909,5,0,,0.587,0,0,1.4,1.0,0.029548916349006926,0,Very Low
C02042,Tech,33,monthly,36,8,4,0.5,6,0.059,3,1,7.0,0.492,0,1,1.2,0.6,0.3456487482671354,0,Low
C02043,Other,37,monthly,21,9,8,0.889,7,0.312,1,0,8.0,0.809,0,0,0.7777777777777778,0.1111111111111111,0.0024709858638483615,0,Very Low
C02044,Retail,402,annual,17,16,5,0.312,8,0.143,1,0,5.0,0.344,1,0,1.3333333333333333,0.16666666666666666,0.11172627033443677,0,Very Low
C02045,Healthcare,26,monthly,4,9,6,0.667,7,-0.3,1,0,6.0,0.428,1,0,1.0,0.14285714285714285,0.07151585573042722,0,Very Low
C02046,Finance,13,monthly,19,5,2,0.4,3,-0.1,3,0,4.0,0.404,0,1,1.0,1.0,0.5509802978737521,1,Medium
C02047,Other,86,annual,76,9,3,0.333,2,-0.25,1,0,4.0,0.365,0,0,0.5,0.25,0.18482730824741944,0,Very Low
C02048,Tech,45,annual,24,11,7,0.636,7,0.312,1,0,8.0,0.562,0,0,0.875,0.125,0.008671939538538257,0,Very Low
C02049,Other,25,monthly,36,10,4,0.4,2,-0.538,2,0,,0.451,0,0,0.4,0.4,0.42852665629022985,1,Medium
C02050,Manufacturing,149,annual,25,15,12,0.8,8,0.043,2,0,,0.854,1,0,0.6153846153846154,0.15384615384615385,0.002063966267527137,0,Very Low
C02051,Tech,5,monthly,39,3,2,0.667,3,0.125,2,0,,0.485,0,0,1.0,0.6666666666666666,0.08118217409139772,0,Very Low
C02052,Retail,43,annual,4,8,3,0.375,2,-0.4,2,0,3.0,0.504,1,0,0.5,0.5,0.26426297434768037,0,Low
C02053,Other,20,annual,15,5,4,0.8,3,-0.308,5,0,7.0,0.814,0,0,0.6,1.0,0.015035876413931958,0,Very Low
C02054,,43,monthly,52,11,4,0.364,3,-0.308,1,0,,0.635,0,1,0.6,0.2,0.20806813765437496,0,Low
C02055,Tech,42,monthly,31,13,6,0.462,7,0.4,5,0,,0.47,1,1,1.0,0.7142857142857143,0.06766839598418345,0,Very Low
C02056,Other,43,monthly,43,7,4,0.571,3,-0.1,2,1,4.0,0.599,0,0,0.6,0.4,0.33671468985176223,0,Low
C02057,Healthcare,65,annual,76,7,4,0.571,4,0.0,1,0,3.0,0.643,0,0,0.8,0.2,0.017250197960635927,0,Very Low
C02058,Healthcare,15,annual,9,8,1,0.125,2,0.0,4,0,,0.215,0,1,1.0,2.0,0.7040333328533998,1,High
C02059,Tech,17,monthly,17,5,5,1.0,9,0.588,1,0,,0.677,0,0,1.5,0.16666666666666666,0.004950514482208909,0,Very Low
C02060,Tech,81,monthly,9,10,4,0.4,2,-0.25,4,0,,0.38,0,0,0.4,0.8,0.45995799249846975,1,Medium
C02061,Healthcare,30,annual,20,5,3,0.6,5,-0.211,1,0,5.0,0.602,0,0,1.25,0.25,0.04789706930829031,0,Very Low
C02062,Healthcare,21,multi_year,38,9,4,0.444,7,0.4,2,2,5.0,0.581,0,0,1.4,0.4,0.3196424904901592,0,Low
C02063,Manufacturing,11,annual,15,5,4,0.8,3,-0.438,3,0,5.0,0.823,0,0,0.6,0.6,0.028261509096181536,0,Very Low
C02064,Tech,30,monthly,32,11,6,0.545,5,0.071,3,0,4.0,0.684,0,0,0.7142857142857143,0.42857142857142855,0.09363934132718114,0,Very Low
C02065,Finance,9,annual,10,8,3,0.375,2,-0.333,4,0,,0.533,0,0,0.5,1.0,0.31853723616641316,0,Low
C02066,Tech,145,annual,11,11,8,0.727,3,-0.679,0,0,5.0,0.473,1,0,0.3333333333333333,0.0,0.04788963514295715,0,Very Low
C02067,Manufacturing,476,monthly,11,15,6,0.4,7,0.615,1,0,,0.389,1,0,1.0,0.14285714285714285,0.04236711044792422,0,Very Low
C02068,Healthcare,59,annual,12,10,3,0.3,8,0.846,3,0,,0.527,0,0,2.0,0.75,0.049144489089298526,0,Very Low
C02069,Manufacturing,14,multi_year,14,5,2,0.4,2,-0.25,0,0,6.0,0.599,0,0,0.6666666666666666,0.0,0.0752850782567858,0,Very Low
C02070,Healthcare,92,monthly,14,12,7,0.583,4,-0.25,3,0,6.0,0.684,1,0,0.5,0.375,0.026594647806085434,0,Very Low
C02071,Finance,6,annual,39,6,2,0.333,5,0.364,3,0,7.0,0.55,0,0,1.6666666666666667,1.0,0.08034977476396994,0,Very Low
C02072,Tech,61,multi_year,1,9,7,0.778,7,0.5,2,0,6.0,0.775,0,0,0.875,0.25,0.0027683543057513017,0,Very Low
C02073,Tech,27,multi_year,11,9,5,0.556,4,-0.25,5,0,6.0,0.688,0,0,0.6666666666666666,0.8333333333333334,0.05748896719453616,0,Very Low
C02074,Tech,85,multi_year,13,9,7,0.778,7,0.05,1,1,5.0,0.619,0,0,0.875,0.125,0.04945395662731393,0,Very Low
C02075,Healthcare,18,monthly,6,7,3,0.429,2,-0.4,2,0,3.0,0.506,0,1,0.5,0.5,0.48488396056570926,1,Medium
C02076,Retail,40,monthly,13,12,10,0.833,13,0.219,2,0,8.0,0.774,0,0,1.1818181818181819,0.18181818181818182,0.005979138301991623,0,Very Low
C02077,Retail,97,monthly,25,8,5,0.625,5,0.071,2,0,,0.794,0,0,0.8333333333333334,0.3333333333333333,0.021971756276791335,0,Very Low
C02078,Manufacturing,26,multi_year,3,6,4,0.667,5,-0.118,4,0,,0.489,0,0,1.0,0.8,0.07579101783101654,0,Very Low
C02079,Tech,141,annual,2,14,11,0.786,8,-0.143,1,0,4.0,0.518,1,0,0.6666666666666666,0.08333333333333333,0.023386228374845823,0,Very Low
C02080,Other,23,multi_year,48,10,3,0.3,3,-0.182,1,0,,0.525,0,0,0.75,0.25,0.11327314981181426,0,Very Low
C02081,Other,29,multi_year,21,8,7,0.875,2,-0.6,1,2,9.0,0.695,0,1,0.25,0.125,0.09966771534393179,0,Very Low
C02082,Retail,159,monthly,2,17,4,0.235,8,0.846,4,0,4.0,0.364,1,0,1.6,0.8,0.23240513515533132,0,Low
C02083,Manufacturing,23,monthly,28,7,4,0.571,2,-0.6,2,0,4.0,0.556,0,0,0.4,0.4,0.315768754279073,0,Low
C02084,Tech,33,monthly,8,12,4,0.333,6,0.8,1,1,6.0,0.683,1,0,1.2,0.2,0.08718313732292718,0,Very Low
C02085,Finance,16,monthly,4,6,5,0.833,5,-0.118,0,0,,0.591,0,0,0.8333333333333334,0.0,0.04317319742293286,0,Very Low
C02086,Tech,13,monthly,14,8,6,0.75,6,0.385,1,0,,0.664,0,0,0.8571428571428571,0.14285714285714285,0.018829198930519424,0,Very Low
C02087,,124,annual,11,16,12,0.75,15,0.324,4,1,4.0,0.456,1,0,1.1538461538461537,0.3076923076923077,0.1161142609353894,0,Very Low
C02088,Other,47,monthly,5,11,5,0.455,7,0.4,1,0,5.0,0.605,0,0,1.1666666666666667,0.16666666666666666,0.09504205675201141,0,Very Low
C02089,Healthcare,11,monthly,37,7,3,0.429,3,0.125,3,0,6.0,0.334,0,0,0.75,0.75,0.1862045467894691,0,Very Low
C02090,Retail,19,monthly,32,5,2,0.4,3,-0.1,2,0,7.0,0.264,0,0,1.0,0.6666666666666666,0.3490996559757566,0,Low
C02091,Tech,32,annual,1,10,4,0.4,2,-0.333,1,0,2.0,0.583,0,0,0.4,0.2,0.3759573434800311,0,Low
C02092,Tech,83,annual,25,14,3,0.214,4,-0.25,1,0,,0.294,0,1,1.0,0.25,0.4954465639654421,1,Medium
C02093,Other,62,annual,17,7,5,0.714,4,0.0,2,1,,0.559,0,0,0.6666666666666666,0.3333333333333333,0.10518218072401601,0,Very Low
C02094,,51,annual,35,13,11,0.846,10,-0.062,4,0,9.0,0.738,0,0,0.8333333333333334,0.3333333333333333,0.004784927041705679,0,Very Low
C02095,Finance,10,annual,18,6,3,0.5,3,0.0,2,0,,0.535,0,0,0.75,0.5,0.08862119236733158,0,Very Low
C02096,Other,262,monthly,9,18,5,0.278,6,0.125,0,0,,0.461,1,1,1.0,0.0,0.1496311502490218,0,Very Low
C02097,Tech,19,monthly,4,6,4,0.667,3,-0.25,3,0,,0.625,0,0,0.6,0.6,0.1213620951204043,0,Very Low
C02098,Retail,35,annual,2,12,10,0.833,9,0.0,2,1,,0.673,0,0,0.8181818181818182,0.18181818181818182,0.0658639200790455,0,Very Low
C02099,Healthcare,22,annual,12,7,4,0.571,7,0.5,1,1,,0.598,0,0,1.4,0.2,0.06524776973997316,0,Very Low
C02100,Tech,112,monthly,75,10,2,0.2,2,-0.25,3,0,,0.58,1,0,0.6666666666666666,1.0,0.13350371520323756,0,Very Low
C02101,Other,40,monthly,34,8,5,0.625,5,0.071,0,0,6.0,0.743,0,0,0.8333333333333334,0.0,0.019818812488582218,0,Very Low
C02102,,60,annual,10,8,4,0.5,7,0.235,3,0,5.0,0.442,0,0,1.4,0.6,0.16128063575485102,0,Very Low
C02103,Other,27,annual,5,10,6,0.6,3,-0.4,0,0,,0.625,0,0,0.42857142857142855,0.0,0.07229979611528359,0,Very Low
C02104,Tech,22,monthly,29,10,8,0.8,4,-0.455,2,0,,0.576,0,0,0.4444444444444444,0.2222222222222222,0.07757978811476582,0,Very Low
C02105,Other,38,monthly,1,10,5,0.5,10,-0.118,0,1,,0.608,0,0,1.6666666666666667,0.0,0.5194054668662781,1,Medium
C02106,Healthcare,54,monthly,5,14,9,0.643,5,-0.444,1,0,4.0,0.403,0,0,0.5,0.1,0.28041696465107036,0,Low
C02107,Retail,70,annual,20,13,7,0.538,5,-0.167,5,0,8.0,0.714,0,0,0.625,0.625,0.02701431796533336,0,Very Low
C02108,Finance,67,annual,2,7,6,0.857,4,-0.2,3,0,6.0,0.862,0,0,0.5714285714285714,0.42857142857142855,0.007404729992637861,0,Very Low
C02109,Healthcare,75,annual,77,13,8,0.615,3,-0.625,0,0,7.0,0.67,0,0,0.3333333333333333,0.0,0.010998628937526834,0,Very Low
C02110,Manufacturing,4,annual,9,4,1,0.25,3,0.0,1,0,,0.553,0,0,1.5,0.5,0.30792070816220707,0,Low
C02111,Tech,35,monthly,29,5,2,0.4,2,-0.5,5,1,4.0,0.725,0,1,0.6666666666666666,1.6666666666666667,0.7556825833913446,1,High
C02112,Manufacturing,49,multi_year,5,8,5,0.625,4,-0.333,4,0,,0.321,1,0,0.6666666666666666,0.6666666666666666,0.0904435938454199,0,Very Low
C02113,Tech,84,annual,5,14,7,0.5,8,-0.04,2,0,6.0,0.397,0,1,1.0,0.25,0.14039790935159904,0,Very Low
C02114,Finance,17,multi_year,51,8,5,0.625,4,-0.5,2,0,,0.639,1,0,0.6666666666666666,0.3333333333333333,0.018244378027233395,0,Very Low
C02115,Manufacturing,8,annual,9,5,4,0.8,7,0.312,1,0,4.0,0.526,0,0,1.4,0.2,0.03380276604276844,0,Very Low
C02116,Other,6,monthly,2,6,3,0.5,4,0.333,3,0,4.0,0.48,0,0,1.0,0.75,0.28173661211369266,0,Low
C02117,Tech,12,annual,31,7,3,0.429,1,-0.5,2,0,,0.176,0,1,0.25,0.5,0.48145129259475394,1,Medium
C02118,Finance,6,annual,23,4,1,0.25,1,-0.571,2,0,5.0,0.417,0,0,0.5,1.0,0.5980915849942282,1,Medium
C02119,Tech,26,annual,39,8,3,0.375,2,-0.25,5,0,,0.592,0,0,0.5,1.25,0.16433972343503844,0,Very Low
C02120,Finance,85,monthly,10,11,3,0.273,4,0.5,1,0,4.0,0.248,0,0,1.0,0.25,0.4228400900940255,1,Medium
C02121,Tech,10,annual,25,7,2,0.286,1,0.0,2,0,5.0,0.311,0,0,0.3333333333333333,0.6666666666666666,0.344051524812981,0,Low
C02122,Finance,14,multi_year,7,8,4,0.5,1,-0.8,0,0,3.0,0.605,0,0,0.2,0.0,0.2764420188389112,0,Low
C02123,Manufacturing,15,monthly,15,10,6,0.6,4,-0.25,0,0,,0.592,0,0,0.5714285714285714,0.0,0.11630342297695868,0,Very Low
C02124,Other,9,annual,90,6,1,0.167,1,0.0,2,0,,0.317,1,0,0.5,1.0,0.12622474349528318,0,Very Low
C02125,Tech,92,annual,2,9,8,0.889,3,-0.609,1,0,,0.723,0,0,0.3333333333333333,0.1111111111111111,0.020667825327415318,0,Very Low
C02126,Tech,10,annual,4,4,4,1.0,3,-0.1,1,0,6.0,0.689,0,0,0.6,0.2,0.007295906581055556,0,Very Low
C02127,Tech,71,annual,19,14,6,0.429,3,-0.308,2,0,,0.57,0,0,0.42857142857142855,0.2857142857142857,0.1306192219952256,0,Very Low
C02128,Finance,20,multi_year,1,10,3,0.3,3,-0.1,3,1,,0.371,0,1,0.75,0.75,0.7055588694123347,1,High
C02129,Finance,7,annual,21,7,6,0.857,8,0.412,1,0,6.0,0.808,0,0,1.1428571428571428,0.14285714285714285,0.0030853097736755625,0,Very Low
C02130,,19,annual,13,8,8,1.0,7,-0.192,1,0,,0.866,0,0,0.7777777777777778,0.1111111111111111,0.006463640583115718,0,Very Low
C02131,Manufacturing,18,annual,9,10,7,0.7,9,0.5,2,0,5.0,0.716,0,0,1.125,0.25,0.011497074459343256,0,Very Low
C02132,Tech,6,monthly,5,3,3,1.0,5,0.071,3,0,,0.796,0,0,1.25,0.75,0.01578463744206539,0,Very Low
C02133,Finance,12,annual,11,7,4,0.571,2,-0.571,3,0,,0.498,0,0,0.4,0.6,0.21744615598288758,0,Low
C02134,Tech,59,annual,16,11,8,0.727,5,-0.4,0,2,,0.591,0,0,0.5555555555555556,0.0,0.44524591565144367,1,Medium
C02135,Tech,27,annual,5,8,3,0.375,1,-0.25,4,0,2.0,0.529,0,0,0.25,1.0,0.4858649789835064,1,Medium
C02136,Tech,2,annual,33,3,1,0.333,4,0.2,5,0,5.0,0.464,0,0,2.0,2.5,0.45413037411849083,1,Medium
C02137,Other,61,monthly,3,11,2,0.182,3,0.125,5,0,4.0,0.449,0,1,1.0,1.6666666666666667,0.7322764531440774,1,High
C02138,Tech,47,annual,23,8,4,0.5,3,-0.182,3,0,4.0,0.258,0,0,0.6,0.6,0.33491173809978686,0,Low
C02139,Retail,41,annual,6,9,8,0.889,3,-0.55,0,0,7.0,0.738,0,0,0.3333333333333333,0.0,0.010744902935228033,0,Very Low
C02140,Finance,572,annual,12,21,16,0.762,15,-0.022,0,1,5.0,0.586,1,0,0.8823529411764706,0.0,0.03455834458541643,0,Very Low
C02141,Retail,4,annual,14,4,2,0.5,1,-0.4,0,1,8.0,0.508,0,0,0.3333333333333333,0.0,0.2647223365309195,0,Low
C02142,Finance,34,annual,2,6,5,0.833,6,-0.1,1,0,,0.525,0,0,1.0,0.16666666666666666,0.029116556791723414,0,Very Low
C02143,Finance,63,multi_year,32,14,13,0.929,5,-0.531,0,1,9.0,0.688,0,0,0.35714285714285715,0.0,0.013087594634054218,0,Very Low
C02144,Manufacturing,4,annual,11,4,3,0.75,3,-0.182,3,0,9.0,0.413,0,0,0.75,0.75,0.04073099123184967,0,Very Low
C02145,Finance,61,annual,19,7,6,0.857,3,-0.5,3,0,,0.671,0,0,0.42857142857142855,0.42857142857142855,0.023612835340752255,0,Very Low
C02146,Tech,20,monthly,4,10,8,0.8,10,0.25,0,0,6.0,0.723,0,0,1.1111111111111112,0.0,0.014983857998681066,0,Very Low
C02147,Tech,8,annual,21,7,5,0.714,16,0.92,0,0,6.0,0.657,0,0,2.6666666666666665,0.0,0.006115488606635133,0,Very Low
C02148,Retail,145,multi_year,1,9,6,0.667,7,0.167,5,0,3.0,0.398,1,0,1.0,0.7142857142857143,0.05051575200130396,0,Very Low
C02149,Finance,57,annual,6,7,5,0.714,5,-0.167,2,0,4.0,0.559,0,0,0.8333333333333334,0.3333333333333333,0.0667711780826856,0,Very Low
C02150,,9,monthly,33,7,2,0.286,4,0.091,3,0,3.0,0.457,0,1,1.3333333333333333,1.0,0.7056461131694893,1,High
C02151,Finance,27,annual,5,11,7,0.636,15,0.406,3,1,,0.669,0,0,1.875,0.375,0.10815133407157712,0,Very Low
C02152,Healthcare,7,monthly,4,5,2,0.4,4,0.333,5,0,,0.722,0,0,1.3333333333333333,1.6666666666666667,0.1325786516594912,0,Very Low
C02153,Tech,364,monthly,2,12,6,0.5,7,0.167,2,0,,0.622,1,0,1.0,0.2857142857142857,0.03549783998827152,0,Very Low
C02154,Other,7,monthly,5,5,3,0.6,4,0.333,3,0,3.0,0.478,1,0,1.0,0.75,0.13142895090924883,0,Very Low
C02155,Retail,35,annual,4,11,10,0.909,10,0.2,3,0,8.0,0.54,0,1,0.9090909090909091,0.2727272727272727,0.006550774339608206,0,Very Low
C02156,Manufacturing,20,multi_year,5,10,4,0.4,3,0.125,3,0,5.0,0.382,0,0,0.6,0.6,0.1812217215874411,0,Very Low
C02157,Finance,139,monthly,5,11,5,0.455,7,0.4,1,0,,0.429,1,0,1.1666666666666667,0.16666666666666666,0.058274022332668866,0,Very Low
C02158,Finance,40,monthly,11,12,9,0.75,15,0.607,5,0,5.0,0.794,0,0,1.5,0.5,0.014520639282666772,0,Very Low
C02159,Manufacturing,43,annual,6,8,8,1.0,7,-0.125,0,0,,0.864,0,0,0.7777777777777778,0.0,0.0032943323037929535,0,Very Low
C02160,Other,68,annual,1,13,10,0.769,11,0.138,1,1,5.0,0.422,1,0,1.0,0.09090909090909091,0.08402109125667886,0,Very Low
C02161,Manufacturing,27,monthly,33,7,5,0.714,9,0.421,2,0,,0.649,0,0,1.5,0.3333333333333333,0.020324349536300242,0,Very Low
C02162,Other,77,monthly,3,9,6,0.667,7,-0.25,1,0,5.0,0.647,0,0,1.0,0.14285714285714285,0.0998037887476794,0,Very Low
C02163,Finance,196,annual,5,12,9,0.75,12,0.565,2,0,8.0,0.467,1,0,1.2,0.2,0.002655380843974478,0,Very Low
C02164,Other,264,multi_year,12,18,9,0.5,15,0.125,5,0,,0.511,1,0,1.5,0.5,0.03624607695137428,0,Very Low
C02165,Other,3,annual,13,5,4,0.8,4,-0.077,5,0,,0.728,1,0,0.8,1.0,0.015420572699671618,0,Very Low
C02166,Retail,36,annual,6,8,7,0.875,4,-0.077,3,0,,0.544,0,0,0.5,0.375,0.02188045771151277,0,Very Low
C02167,Healthcare,79,multi_year,30,14,3,0.214,6,0.8,5,0,,0.667,0,0,1.5,1.25,0.028316579687823234,0,Very Low
C02168,Healthcare,45,monthly,6,11,7,0.636,9,-0.036,0,0,5.0,0.644,0,0,1.125,0.0,0.05181905348613799,0,Very Low
C02169,Tech,130,annual,4,14,8,0.571,6,-0.1,1,0,5.0,0.543,1,1,0.6666666666666666,0.1111111111111111,0.03461114068648925,0,Very Low
C02170,Retail,31,annual,3,9,8,0.889,5,-0.4,0,0,5.0,0.63,0,0,0.5555555555555556,0.0,0.026218188764732392,0,Very Low
C02171,Retail,92,annual,37,11,3,0.273,3,0.0,3,0,4.0,0.258,0,0,0.75,0.75,0.4245216403729436,1,Medium
C02172,Manufacturing,10,annual,6,6,2,0.333,1,-0.769,5,0,4.0,0.414,0,1,0.3333333333333333,1.6666666666666667,0.8011240864914623,1,Very High
C02173,Other,9,multi_year,23,4,2,0.5,2,-0.25,1,0,6.0,0.487,0,0,0.6666666666666666,0.3333333333333333,0.08655177968882245,0,Very Low
C02174,Finance,5,multi_year,4,3,2,0.667,2,-0.143,1,0,5.0,0.475,0,0,0.6666666666666666,0.3333333333333333,0.07109939759041004,0,Very Low
C02175,Retail,60,annual,17,14,12,0.857,9,-0.036,1,2,8.0,0.773,0,0,0.6923076923076923,0.07692307692307693,0.059056844746196664,0,Very Low
C02176,Manufacturing,52,annual,1,10,5,0.5,4,-0.143,4,0,,0.572,0,0,0.6666666666666666,0.6666666666666666,0.1260765457692591,0,Very Low
C02177,Healthcare,150,annual,5,8,5,0.625,5,-0.167,2,0,6.0,0.65,1,0,0.8333333333333334,0.3333333333333333,0.010476189956729415,0,Very Low
C02178,Finance,40,annual,38,10,5,0.5,3,-0.357,5,0,4.0,0.356,0,0,0.5,0.8333333333333334,0.33305082440687644,0,Low
C02179,Tech,54,monthly,20,7,3,0.429,6,0.5,2,1,6.0,0.585,0,0,1.5,0.5,0.2456040011518958,0,Low
C02180,Manufacturing,16,monthly,50,7,4,0.571,4,0.091,0,0,6.0,0.388,0,0,0.8,0.0,0.07693929044843496,0,Very Low
C02181,Healthcare,133,multi_year,15,14,9,0.643,9,0.038,0,0,3.0,0.448,1,0,0.9,0.0,0.019681576946800595,0,Very Low
C02182,Finance,44,annual,8,9,4,0.444,6,0.286,2,0,5.0,0.654,0,0,1.2,0.4,0.054676675786582835,0,Very Low
C02183,Healthcare,39,monthly,67,8,6,0.75,10,0.304,2,1,5.0,0.625,0,0,1.4285714285714286,0.2857142857142857,0.04349195779923046,0,Very Low
C02184,Manufacturing,208,annual,14,12,7,0.583,8,0.091,2,0,5.0,0.333,1,0,1.0,0.25,0.04674810691126516,0,Very Low
C02185,Healthcare,8,annual,1,4,1,0.25,3,0.125,2,0,,0.238,0,1,1.5,1.0,0.4887759963563567,1,Medium
C02186,Healthcare,45,monthly,23,12,8,0.667,8,-0.273,1,2,,0.563,0,1,0.8888888888888888,0.1111111111111111,0.591505287029792,1,Medium
C02187,Finance,33,monthly,6,9,3,0.333,2,0.2,0,0,6.0,0.477,0,0,0.5,0.0,0.16133828280926035,0,Very Low
C02188,Healthcare,51,annual,8,13,7,0.538,5,-0.286,2,0,,0.667,0,0,0.625,0.25,0.051611042659495926,0,Very Low
C02189,Finance,48,monthly,41,8,4,0.5,6,-0.143,2,0,,0.736,0,0,1.2,0.4,0.07230534300735261,0,Very Low
C02190,Retail,69,monthly,33,8,6,0.75,7,0.4,3,0,7.0,0.727,0,0,1.0,0.42857142857142855,0.006487753771642727,0,Very Low
C02191,Manufacturing,6,monthly,4,6,5,0.833,3,-0.25,3,0,10.0,0.662,0,0,0.5,0.5,0.017857573578695426,0,Very Low
C02192,,31,annual,12,6,5,0.833,2,-0.538,3,0,5.0,0.764,0,0,0.3333333333333333,0.5,0.04149213892341068,0,Very Low
C02193,Retail,12,annual,4,6,4,0.667,3,-0.1,0,0,5.0,0.639,0,0,0.6,0.0,0.03786613833536235,0,Very Low
C02194,Tech,31,monthly,23,11,3,0.273,4,0.714,5,0,6.0,0.621,0,1,1.0,1.25,0.10560457193578318,0,Very Low
C02195,Finance,7,annual,27,6,3,0.5,3,-0.25,1,0,5.0,0.477,0,0,0.75,0.25,0.15850004121865968,0,Very Low
C02196,Finance,54,annual,9,9,5,0.556,2,0.0,2,0,,0.335,0,0,0.3333333333333333,0.3333333333333333,0.10640706316147909,0,Very Low
C02197,Tech,44,annual,46,11,6,0.545,7,0.5,1,0,,0.447,0,0,1.0,0.14285714285714285,0.021467464581933295,0,Very Low
C02198,Finance,158,annual,36,8,6,0.75,5,-0.211,2,0,,0.552,1,0,0.7142857142857143,0.2857142857142857,0.009812579414187946,0,Very Low
C02199,Manufacturing,5,monthly,2,5,4,0.8,2,-0.455,0,0,,0.649,0,0,0.4,0.0,0.07934285825133283,0,Very Low
C02200,Retail,9,monthly,1,7,5,0.714,1,-0.842,1,0,,0.644,0,1,0.16666666666666666,0.16666666666666666,0.20689454063027138,0,Low
C02201,Tech,23,monthly,2,9,8,0.889,3,-0.308,2,0,8.0,0.438,0,0,0.3333333333333333,0.2222222222222222,0.04708208446971596,0,Very Low
C02202,Retail,25,annual,7,10,6,0.6,7,0.105,3,0,,0.648,1,0,1.0,0.42857142857142855,0.020177928843965583,0,Very Low
C02203,Healthcare,4,multi_year,96,4,3,0.75,2,-0.333,0,0,8.0,0.541,0,0,0.5,0.0,0.003339330967042552,0,Very Low
C02204,Retail,8,monthly,23,5,2,0.4,4,0.2,6,0,,0.654,0,0,1.3333333333333333,2.0,0.24929099525185094,0,Low
C02205,Retail,16,annual,43,4,3,0.75,2,-0.25,3,0,,0.617,0,0,0.5,0.75,0.0253617416970482,0,Very Low
C02206,Healthcare,50,monthly,14,13,5,0.385,4,-0.333,3,0,5.0,0.444,0,0,0.6666666666666666,0.5,0.40817311656244315,1,Medium
C02207,Tech,42,annual,6,6,3,0.5,3,-0.1,2,1,4.0,0.486,0,1,0.75,0.5,0.4893565120053927,1,Medium
C02208,Tech,26,monthly,35,10,6,0.6,5,-0.25,0,0,6.0,0.34,0,0,0.7142857142857143,0.0,0.17395025196164196,0,Very Low
C02209,Other,161,monthly,42,10,5,0.5,6,-0.053,3,0,3.0,0.637,1,0,1.0,0.5,0.07773946590965906,0,Very Low
C02210,Tech,111,annual,14,14,12,0.857,4,-0.556,2,0,,0.884,1,0,0.3076923076923077,0.15384615384615385,0.005478686962191418,0,Very Low
C02211,Retail,56,annual,28,6,4,0.667,4,-0.143,2,0,5.0,0.811,0,0,0.8,0.4,0.015907055507893186,0,Very Low
C02212,,37,monthly,34,7,3,0.429,6,-0.053,2,1,,0.347,0,1,1.5,0.5,0.7818135650311439,1,High
C02213,Retail,70,monthly,7,12,9,0.75,4,-0.556,0,0,7.0,0.593,0,0,0.4,0.0,0.06300547369039648,0,Very Low
C02214,Healthcare,36,monthly,8,8,6,0.75,8,0.2,2,0,6.0,0.34,0,0,1.1428571428571428,0.2857142857142857,0.05873304964858785,0,Very Low
C02215,Healthcare,191,annual,6,14,1,0.071,1,-0.4,4,0,,0.259,1,0,0.5,2.0,0.6064575813477048,1,High
C02216,Healthcare,8,monthly,1,4,1,0.25,3,0.0,3,0,3.0,0.385,0,0,1.5,1.5,0.7925301149187662,1,High
C02217,Healthcare,24,monthly,30,9,8,0.889,3,-0.55,2,0,,0.542,0,0,0.3333333333333333,0.2222222222222222,0.04578751629105701,0,Very Low
C02218,Finance,26,monthly,12,5,1,0.2,1,-0.4,2,0,6.0,0.462,1,1,0.5,1.0,0.4120468131604498,1,Medium
C02219,Tech,40,annual,18,9,2,0.222,2,-0.333,3,0,6.0,0.41,0,1,0.6666666666666666,1.0,0.4583827223425306,1,Medium
C02220,Healthcare,15,annual,7,4,2,0.5,2,-0.143,4,0,5.0,0.518,0,0,0.6666666666666666,1.3333333333333333,0.1398458121942743,0,Very Low
C02221,Tech,5,annual,3,3,2,0.667,3,0.125,1,0,5.0,0.851,0,0,1.0,0.3333333333333333,0.018031242745436576,0,Very Low
C02222,Finance,23,monthly,1,9,2,0.222,2,-0.143,0,2,2.0,0.623,0,1,0.6666666666666666,0.0,0.9670273122173257,1,Very High
C02223,Tech,144,monthly,42,16,3,0.188,2,-0.4,2,0,,0.522,1,1,0.5,0.5,0.28176869170083413,0,Low
C02224,Tech,17,monthly,39,9,8,0.889,10,0.2,2,0,,0.906,1,0,1.1111111111111112,0.2222222222222222,0.0022942871388441964,0,Very Low
C02225,Retail,56,multi_year,3,9,3,0.333,3,0.125,3,0,6.0,0.613,0,0,0.75,0.75,0.0720649240084545,0,Very Low
C02226,Healthcare,62,monthly,3,6,1,0.167,4,1.0,2,0,,0.406,0,1,2.0,1.0,0.18112992346462145,0,Very Low
C02227,Retail,36,monthly,4,11,8,0.727,6,-0.1,1,0,5.0,0.463,0,0,0.6666666666666666,0.1111111111111111,0.11468426793540394,0,Very Low
C02228,Other,19,monthly,40,9,6,0.667,9,0.227,2,0,6.0,0.573,0,0,1.2857142857142858,0.2857142857142857,0.03835465454513534,0,Very Low
C02229,Manufacturing,27,annual,52,7,3,0.429,3,-0.1,1,0,5.0,0.664,0,0,0.75,0.25,0.04766654594262869,0,Very Low
C02230,Finance,148,annual,69,8,6,0.75,7,0.312,2,0,6.0,0.469,1,0,1.0,0.2857142857142857,0.002830528221921746,0,Very Low
C02231,Other,48,annual,8,10,6,0.6,8,0.333,1,0,,0.573,0,0,1.1428571428571428,0.14285714285714285,0.027342046520353793,0,Very Low
C02232,Tech,38,annual,29,9,7,0.778,8,0.043,1,0,4.0,0.484,0,0,1.0,0.125,0.03526683035759984,0,Very Low
C02233,Retail,24,annual,81,5,4,0.8,3,0.286,3,0,,0.822,1,0,0.6,0.6,0.0008190523233118984,0,Very Low
C02234,Tech,35,annual,3,10,8,0.8,7,-0.16,4,0,7.0,0.751,0,0,0.7777777777777778,0.4444444444444444,0.014225554599803451,0,Very Low
C02235,,122,annual,6,14,6,0.429,9,0.35,4,0,8.0,0.307,1,0,1.2857142857142858,0.5714285714285714,0.06550721042446216,0,Very Low
C02236,Tech,113,annual,12,12,4,0.333,2,-0.455,3,0,4.0,0.634,1,0,0.4,0.6,0.16183707705609823,0,Very Low
C02237,Healthcare,42,annual,9,8,2,0.25,3,0.0,4,0,5.0,0.506,0,1,1.0,1.3333333333333333,0.2698675933188175,0,Low
C02238,Tech,42,annual,9,10,6,0.6,6,0.0,2,0,5.0,0.49,0,0,0.8571428571428571,0.2857142857142857,0.08113526702125386,0,Very Low
C02239,Other,135,annual,8,8,6,0.75,6,0.0,2,0,5.0,0.38,1,0,0.8571428571428571,0.2857142857142857,0.025865531683187185,0,Very Low
C02240,Finance,148,annual,37,10,2,0.2,4,0.333,1,0,6.0,0.618,1,0,1.3333333333333333,0.3333333333333333,0.027948991991309232,0,Very Low
C02241,Tech,58,annual,10,12,9,0.75,12,0.333,2,0,6.0,0.547,0,0,1.2,0.2,0.014856797263951553,0,Very Low
C02242,Other,14,annual,21,6,5,0.833,2,-0.769,1,0,5.0,0.813,0,0,0.3333333333333333,0.16666666666666666,0.03057832382877332,0,Very Low
C02243,Manufacturing,3,monthly,26,3,1,0.333,2,0.2,2,0,5.0,0.368,0,1,1.0,1.0,0.438080958568276,1,Medium
C02244,Finance,8,monthly,9,6,3,0.5,2,-0.143,2,0,3.0,0.662,0,0,0.5,0.5,0.27096834052498425,0,Low
C02245,Finance,26,monthly,21,11,7,0.636,11,0.375,0,0,,0.439,1,0,1.375,0.0,0.029359204981907937,0,Very Low
C02246,Healthcare,43,annual,31,12,7,0.583,8,0.0,5,0,6.0,0.488,0,0,1.0,0.625,0.048678332737823515,0,Very Low
C02247,Finance,23,monthly,24,9,6,0.667,8,0.5,2,0,5.0,0.351,0,0,1.1428571428571428,0.2857142857142857,0.0750115532230391,0,Very Low
C02248,Tech,15,annual,22,4,2,0.5,4,0.091,4,0,6.0,0.296,0,0,1.3333333333333333,1.3333333333333333,0.2296258581078782,0,Low
C02249,Retail,89,annual,2,15,14,0.933,9,-0.27,1,0,,0.819,0,0,0.6,0.06666666666666667,0.007452345437946853,0,Very Low
C02250,Tech,26,annual,24,9,3,0.333,4,0.5,2,0,4.0,0.275,0,1,1.0,0.5,0.2277310155861458,0,Low
C02251,Manufacturing,14,annual,2,9,3,0.333,3,0.125,0,0,5.0,0.415,0,0,0.75,0.0,0.2173863231350381,0,Low
C02252,Finance,9,monthly,31,6,2,0.333,3,-0.182,2,1,,0.344,0,1,1.0,0.6666666666666666,0.8375691991981913,1,Very High
C02253,Manufacturing,62,annual,12,12,4,0.333,5,0.0,4,0,3.0,0.628,0,1,1.0,0.8,0.28187169977530163,0,Low
C02254,Tech,18,annual,1,5,2,0.4,4,0.091,1,0,6.0,0.462,0,1,1.3333333333333333,0.3333333333333333,0.16032922403457048,0,Very Low
C02255,Other,47,annual,44,10,2,0.2,2,0.2,2,0,5.0,0.427,0,0,0.6666666666666666,0.6666666666666666,0.1896345979388426,0,Very Low
C02256,Healthcare,41,multi_year,12,8,3,0.375,9,0.8,0,0,4.0,0.481,0,0,2.25,0.0,0.039132476358922676,0,Very Low
C02257,Tech,36,annual,6,7,4,0.571,4,-0.25,4,0,2.0,0.469,0,1,0.8,0.8,0.3724525349654303,0,Low
C02258,Finance,31,multi_year,3,6,2,0.333,4,0.2,2,0,5.0,0.258,0,1,1.3333333333333333,0.6666666666666666,0.3056630606078543,0,Low
C02259,Healthcare,47,annual,2,9,5,0.556,4,-0.077,2,0,,0.681,0,0,0.6666666666666666,0.3333333333333333,0.03168248363883508,0,Very Low
C02260,Healthcare,9,monthly,6,6,2,0.333,3,-0.1,2,1,,0.175,0,1,1.0,0.6666666666666666,0.8931353948326465,1,Very High
C02261,Retail,51,multi_year,11,13,2,0.154,0,-1.0,3,0,,0.223,0,1,0.0,1.0,0.8576112485657711,1,Very High
C02262,Other,19,annual,20,9,4,0.444,5,0.364,1,0,5.0,0.695,0,0,1.0,0.2,0.0338841896150123,0,Very Low
C02263,Healthcare,17,monthly,4,6,3,0.5,7,0.5,0,0,,0.58,0,0,1.75,0.0,0.05191742797389513,0,Very Low
C02264,Finance,29,annual,2,5,3,0.6,3,-0.4,1,0,,0.431,0,1,0.75,0.25,0.15738349246475733,0,Very Low
C02265,Other,20,annual,15,5,4,0.8,4,0.0,2,0,7.0,0.571,0,0,0.8,0.4,0.01492190066519785,0,Very Low
C02266,Other,33,multi_year,45,8,4,0.5,8,0.714,1,0,5.0,0.616,0,0,1.6,0.2,0.010213334998542477,0,Very Low
C02267,Retail,16,annual,13,5,4,0.8,3,-0.308,2,0,,0.779,0,0,0.6,0.4,0.017984286938081254,0,Very Low
C02268,Finance,280,annual,15,14,7,0.5,13,0.857,1,0,,0.441,1,0,1.625,0.125,0.008871488074085398,0,Very Low
C02269,Healthcare,6,monthly,1,7,1,0.143,4,0.5,1,0,3.0,0.25,0,1,2.0,0.5,0.7806107648318262,1,High
C02270,Tech,34,multi_year,37,11,3,0.273,3,-0.25,4,0,6.0,0.683,0,1,0.75,1.0,0.11862008315381219,0,Very Low
C02271,Manufacturing,15,annual,7,9,6,0.667,6,0.5,3,0,,0.43,0,0,0.8571428571428571,0.42857142857142855,0.03555475884148862,0,Very Low
C02272,Other,7,monthly,5,3,2,0.667,7,0.167,0,0,5.0,0.462,0,0,2.3333333333333335,0.0,0.18999224910239937,0,Very Low
C02273,,38,monthly,45,6,2,0.333,3,0.286,0,0,,0.256,0,1,1.0,0.0,0.2887127081103388,0,Low
C02274,Finance,121,annual,9,12,9,0.75,8,0.143,3,1,,0.442,1,0,0.8,0.3,0.0621179258342931,0,Very Low
C02275,Other,17,annual,7,6,2,0.333,1,-0.5,2,0,5.0,0.41,0,1,0.3333333333333333,0.6666666666666666,0.4878482500919476,1,Medium
C02276,Tech,115,multi_year,3,14,11,0.786,8,-0.25,1,0,,0.583,1,0,0.6666666666666666,0.08333333333333333,0.01042939678222863,0,Very Low
C02277,Tech,6,multi_year,39,5,2,0.4,2,-0.647,2,0,3.0,0.337,0,1,0.6666666666666666,0.6666666666666666,0.5836360375508475,1,Medium
C02278,Retail,32,annual,1,6,1,0.167,1,0.0,2,1,,0.344,0,1,0.5,1.0,0.7842018959296853,1,High
C02279,Manufacturing,10,multi_year,2,8,3,0.375,5,-0.118,1,0,5.0,0.357,0,0,1.25,0.25,0.34040897679850673,0,Low
C02280,Manufacturing,7,annual,1,7,5,0.714,5,-0.062,0,1,4.0,0.772,0,1,0.8333333333333334,0.0,0.12924299888867308,0,Very Low
C02281,Tech,12,annual,75,7,4,0.571,3,-0.357,4,0,8.0,0.627,0,0,0.6,0.8,0.024432997737754505,0,Very Low
C02282,Healthcare,11,annual,8,5,5,1.0,8,-0.04,1,1,,0.652,0,0,1.3333333333333333,0.16666666666666666,0.031391881555367714,0,Very Low
C02283,,37,annual,41,11,6,0.545,12,0.385,2,1,7.0,0.605,0,0,1.7142857142857142,0.2857142857142857,0.095275972752231,0,Very Low
C02284,Tech,153,monthly,1,14,10,0.714,7,-0.045,1,0,,0.729,1,0,0.6363636363636364,0.09090909090909091,0.014624031928554293,0,Very Low
C02285,Tech,64,annual,24,11,6,0.545,4,-0.333,2,0,,0.618,0,0,0.5714285714285714,0.2857142857142857,0.06930479480112485,0,Very Low
C02286,Healthcare,151,annual,11,17,9,0.529,7,-0.323,0,2,3.0,0.634,1,1,0.7,0.0,0.4920736806439471,1,Medium
C02287,Finance,23,monthly,29,5,4,0.8,5,0.071,2,0,,0.39,0,0,1.0,0.4,0.06336719843056961,0,Very Low
C02288,Finance,15,multi_year,26,8,3,0.375,3,0.0,2,0,5.0,0.425,0,0,0.75,0.5,0.15168311247956306,0,Very Low
C02289,Manufacturing,132,annual,12,16,15,0.938,17,0.342,2,0,7.0,0.715,1,0,1.0625,0.125,0.0009577041134464765,0,Very Low
C02290,Retail,136,monthly,8,9,4,0.444,4,-0.25,1,0,3.0,0.594,1,0,0.8,0.2,0.1761397605048181,0,Very Low
C02291,Healthcare,13,annual,40,6,3,0.5,3,-0.1,1,0,,0.698,0,0,0.75,0.25,0.024277440070696266,0,Very Low
C02292,Finance,26,annual,68,11,8,0.727,2,-0.684,0,1,4.0,0.381,0,1,0.2222222222222222,0.0,0.34110010130560464,0,Low
C02293,Other,61,monthly,6,9,6,0.667,10,0.304,2,1,10.0,0.577,0,0,1.4285714285714286,0.2857142857142857,0.05907205415072864,0,Very Low
C02294,Manufacturing,30,annual,29,11,9,0.818,11,0.222,3,0,6.0,0.66,0,0,1.1,0.3,0.008203018959749057,0,Very Low
C02295,Other,9,monthly,21,7,4,0.571,2,-0.647,0,0,6.0,0.495,0,0,0.4,0.0,0.26661691784006486,0,Low
C02296,Finance,49,annual,5,12,9,0.75,11,0.138,3,0,3.0,0.38,0,1,1.1,0.3,0.11060178892395937,0,Very Low
C02297,Retail,5,annual,28,6,1,0.167,1,-0.25,1,0,1.0,0.239,0,1,0.5,0.5,0.8581889890655835,1,Very High
C02298,Tech,364,annual,28,12,6,0.5,4,-0.077,1,0,,0.632,1,0,0.5714285714285714,0.14285714285714285,0.01396550343339395,0,Very Low
C02299,Retail,49,annual,6,13,8,0.615,7,-0.192,2,0,,0.583,0,0,0.7777777777777778,0.2222222222222222,0.0679971980682881,0,Very Low
C02300,Other,9,multi_year,60,7,5,0.714,3,-0.308,1,0,5.0,0.632,0,0,0.5,0.16666666666666666,0.018627044320606318,0,Very Low
C02301,Manufacturing,94,monthly,36,8,3,0.375,2,-0.4,3,0,5.0,0.418,0,1,0.5,0.75,0.4223310869737981,1,Medium
C02302,Tech,126,annual,1,16,10,0.625,8,-0.04,2,0,5.0,0.474,1,0,0.7272727272727273,0.18181818181818182,0.03993909214726219,0,Very Low
C02303,Healthcare,115,monthly,25,9,3,0.333,3,-0.1,5,1,4.0,0.437,1,0,0.75,1.25,0.5974134153409095,1,Medium
C02304,Retail,37,annual,17,11,7,0.636,11,0.138,3,1,7.0,0.553,0,0,1.375,0.375,0.11815582682370829,0,Very Low
C02305,Retail,8,multi_year,12,6,6,1.0,4,-0.25,2,1,,0.957,0,0,0.5714285714285714,0.2857142857142857,0.013144462491459263,0,Very Low
C02306,Tech,12,annual,4,4,3,0.75,2,-0.333,3,0,7.0,0.747,0,0,0.5,0.75,0.023200581099473344,0,Very Low
C02307,Manufacturing,202,monthly,27,15,10,0.667,12,0.241,5,0,,0.491,1,0,1.0909090909090908,0.45454545454545453,0.028397351750235868,0,Very Low
C02308,Retail,23,annual,7,9,6,0.667,9,0.5,2,0,,0.696,0,0,1.2857142857142858,0.2857142857142857,0.012239996973552571,0,Very Low
C02309,Retail,13,annual,3,7,4,0.571,8,0.6,2,0,3.0,0.345,0,0,1.6,0.4,0.1483561619154253,0,Very Low
C02310,Retail,19,monthly,14,5,5,1.0,8,-0.143,2,0,6.0,0.739,0,0,1.3333333333333333,0.3333333333333333,0.015209504396956439,0,Very Low
C02311,Tech,5,monthly,15,4,2,0.5,2,0.0,1,0,,0.465,0,0,0.6666666666666666,0.3333333333333333,0.20173801961576202,0,Low
C02312,Finance,18,multi_year,30,8,4,0.5,8,0.333,2,0,,0.632,0,0,1.6,0.4,0.02653730961666923,0,Very Low
C02313,Healthcare,37,annual,6,12,2,0.167,2,0.5,3,0,4.0,0.527,1,0,0.6666666666666666,1.0,0.08912829661925654,0,Very Low
C02314,Other,15,monthly,22,9,5,0.556,2,-0.4,3,0,8.0,0.502,1,0,0.3333333333333333,0.5,0.07366805708825427,0,Very Low
C02315,Other,182,annual,31,15,9,0.6,6,-0.438,2,0,4.0,0.549,1,0,0.6,0.2,0.055261438426497715,0,Very Low
C02316,Manufacturing,11,monthly,31,6,5,0.833,3,-0.438,1,0,4.0,0.651,0,0,0.5,0.16666666666666666,0.07251775234956115,0,Very Low
C02317,Healthcare,100,annual,34,8,6,0.75,8,0.2,1,1,5.0,0.784,0,0,1.1428571428571428,0.14285714285714285,0.015925157709641185,0,Very Low
C02318,Healthcare,49,multi_year,54,9,2,0.222,3,0.0,0,2,5.0,0.396,0,0,1.0,0.0,0.6906291787758047,1,High
C02319,Other,165,monthly,7,17,4,0.235,5,0.364,3,0,1.0,0.234,1,1,1.0,0.6,0.6788246586256154,1,High
C02320,Tech,43,annual,4,6,5,0.833,6,0.8,2,0,6.0,0.623,0,0,1.0,0.3333333333333333,0.0032024179163333425,0,Very Low
C02321,Manufacturing,4,annual,12,4,2,0.5,3,0.0,1,1,6.0,0.662,1,0,1.0,0.3333333333333333,0.11956238729960646,0,Very Low
C02322,Other,8,annual,6,6,2,0.333,3,0.286,1,0,4.0,0.281,1,0,1.0,0.3333333333333333,0.2213781267290434,0,Low
C02323,Healthcare,35,monthly,15,8,6,0.75,6,-0.25,3,1,8.0,0.627,0,0,0.8571428571428571,0.42857142857142855,0.10114720940423759,0,Very Low
C02324,Finance,12,annual,3,6,4,0.667,6,-0.1,3,0,5.0,0.535,0,0,1.2,0.6,0.1059787162042627,0,Very Low
C02325,Tech,104,annual,28,15,5,0.333,3,0.125,5,0,5.0,0.479,1,0,0.5,0.8333333333333334,0.08589417467812575,0,Very Low
C02326,Finance,5,monthly,48,5,4,0.8,3,-0.182,0,0,4.0,0.35,0,0,0.6,0.0,0.11649677746714794,0,Very Low
C02327,Tech,64,annual,1,10,7,0.7,6,-0.053,0,0,5.0,0.83,0,0,0.75,0.0,0.013424200644754414,0,Very Low
C02328,Other,20,multi_year,20,6,4,0.667,3,0.286,1,0,6.0,0.603,0,0,0.6,0.2,0.009315665297657944,0,Very Low
C02329,Tech,47,annual,24,9,7,0.778,10,0.364,0,0,,0.521,0,0,1.25,0.0,0.010414646409370317,0,Very Low
C02330,Retail,73,multi_year,36,12,8,0.667,6,-0.25,3,0,5.0,0.311,0,0,0.6666666666666666,0.3333333333333333,0.08752300788118657,0,Very Low
C02331,Healthcare,4,monthly,7,4,2,0.5,1,0.0,2,0,4.0,0.36,0,0,0.3333333333333333,0.6666666666666666,0.319922985692929,0,Low
C02332,Manufacturing,15,monthly,38,9,4,0.444,6,0.059,3,0,5.0,0.729,0,0,1.2,0.6,0.11321495840030445,0,Very Low
C02333,Retail,45,monthly,4,6,5,0.833,5,-0.062,0,0,6.0,0.478,0,1,0.8333333333333334,0.0,0.04208566449079007,0,Very Low
C02334,Retail,32,monthly,41,12,6,0.5,5,-0.118,5,0,8.0,0.514,0,0,0.7142857142857143,0.7142857142857143,0.10150639331408604,0,Very Low
C02335,Other,7,monthly,1,5,1,0.2,3,0.125,1,0,,0.572,0,1,1.5,0.5,0.4658974642042476,1,Medium
C02336,Finance,16,monthly,1,9,4,0.444,2,-0.6,4,0,,0.615,0,0,0.4,0.8,0.4614991143849799,1,Medium
C02337,Healthcare,26,annual,1,5,4,0.8,0,-1.0,3,0,7.0,0.492,0,0,0.0,0.6,0.08370568150155983,0,Very Low
C02338,Healthcare,18,monthly,51,7,5,0.714,6,0.5,0,1,8.0,0.412,0,0,1.0,0.0,0.030399732013211448,0,Very Low
C02339,Healthcare,53,annual,19,8,6,0.75,4,-0.2,0,1,7.0,0.704,0,0,0.5714285714285714,0.0,0.026205199827986036,0,Very Low
C02340,Tech,155,multi_year,9,8,5,0.625,3,-0.1,0,0,,0.674,1,0,0.5,0.0,0.006545652083742184,0,Very Low
C02341,Healthcare,51,multi_year,6,12,6,0.5,6,-0.053,1,0,,0.654,0,0,0.8571428571428571,0.14285714285714285,0.028445384527918647,0,Very Low
C02342,Tech,7,monthly,8,3,2,0.667,2,0.0,1,0,5.0,0.593,1,0,0.6666666666666666,0.3333333333333333,0.04261825172901168,0,Very Low
C02343,Retail,10,annual,20,4,3,0.75,4,0.0,2,0,,0.679,1,0,1.0,0.5,0.009799073949685483,0,Very Low
C02344,Healthcare,59,monthly,1,11,9,0.818,7,-0.125,0,0,6.0,0.761,0,0,0.7,0.0,0.012442146867462088,0,Very Low
C02345,Manufacturing,83,annual,2,10,2,0.2,2,-0.5,3,0,,0.347,0,0,0.6666666666666666,1.0,0.6830750391839011,1,High
C02346,Manufacturing,14,annual,3,9,8,0.889,8,0.6,0,0,8.0,0.92,1,0,0.8888888888888888,0.0,0.00030222916514037826,0,Very Low
C02347,Tech,16,annual,6,6,3,0.5,1,-0.25,3,0,2.0,0.518,0,0,0.25,0.75,0.34433703519438524,0,Low
C02348,Retail,3,monthly,12,4,0,0.0,0,-1.0,5,0,3.0,0.527,0,1,0.0,5.0,0.9889250206417621,1,Very High
C02349,Healthcare,107,annual,33,11,6,0.545,5,0.0,2,0,6.0,0.757,1,0,0.7142857142857143,0.2857142857142857,0.004907706161929563,0,Very Low
C02350,Manufacturing,27,annual,40,7,5,0.714,5,0.071,0,0,5.0,0.756,0,0,0.8333333333333334,0.0,0.008300773099918333,0,Very Low
C02351,Other,17,annual,2,7,4,0.571,4,-0.2,3,0,,0.648,0,1,0.8,0.6,0.09187957903476912,0,Very Low
C02352,Retail,61,monthly,8,10,4,0.4,5,0.071,1,0,5.0,0.65,0,0,1.0,0.2,0.14386757114334103,0,Very Low
C02353,Other,46,monthly,12,6,5,0.833,7,0.5,2,0,4.0,0.651,0,0,1.1666666666666667,0.3333333333333333,0.018482587281577444,0,Very Low
C02354,Finance,121,annual,23,14,6,0.429,7,0.4,4,0,,0.352,1,0,1.0,0.5714285714285714,0.049283827293944586,0,Very Low
C02355,Healthcare,11,monthly,9,6,4,0.667,2,-0.625,1,0,,0.512,0,1,0.4,0.2,0.17410152038247226,0,Very Low
C02356,Tech,36,monthly,2,10,5,0.5,7,0.105,1,1,,0.537,0,1,1.1666666666666667,0.16666666666666666,0.44863682058718657,1,Medium
C02357,Tech,10,multi_year,8,6,2,0.333,0,-1.0,0,0,4.0,0.419,0,1,0.0,0.0,0.6043206046976541,1,High
C02358,Manufacturing,29,annual,1,9,7,0.778,9,0.588,0,0,5.0,0.444,0,0,1.125,0.0,0.015719091431064366,0,Very Low
C02359,Finance,17,monthly,1,5,3,0.6,3,-0.1,2,0,,0.635,0,0,0.75,0.5,0.1110396481741707,0,Very Low
C02360,Manufacturing,6,annual,4,6,3,0.5,6,0.2,2,0,3.0,0.65,0,1,1.5,0.5,0.1540530104851074,0,Very Low
C02361,Healthcare,10,monthly,34,7,6,0.857,9,0.286,1,0,5.0,0.543,0,0,1.2857142857142858,0.14285714285714285,0.016373188910286034,0,Very Low
C02362,Retail,52,monthly,57,7,6,0.857,2,-0.4,0,0,5.0,0.812,0,0,0.2857142857142857,0.0,0.010177334342314142,0,Very Low
C02363,Finance,13,monthly,26,8,7,0.875,6,0.2,2,0,,0.621,1,0,0.75,0.25,0.007878669215389158,0,Very Low
C02364,Tech,27,multi_year,17,5,2,0.4,1,-0.571,1,0,,0.29,0,0,0.3333333333333333,0.3333333333333333,0.33177359419367164,0,Low
C02365,Tech,3,monthly,3,4,2,0.5,2,0.0,3,0,,0.634,0,1,0.6666666666666666,1.0,0.1970283274210156,0,Very Low
C02366,Healthcare,42,monthly,11,9,5,0.556,6,-0.1,1,0,,0.592,0,0,1.0,0.16666666666666666,0.08094315930449499,0,Very Low
C02367,Finance,2,annual,32,3,2,0.667,3,0.286,1,0,,0.433,0,0,1.0,0.3333333333333333,0.038871300547806194,0,Very Low
C02368,Manufacturing,17,annual,38,5,4,0.8,4,0.2,1,1,5.0,0.4,0,0,0.8,0.2,0.08999568189784582,0,Very Low
C02369,Retail,34,annual,5,10,1,0.1,1,0.5,4,0,4.0,0.303,0,0,0.5,2.0,0.5491526342650161,1,Medium
C02370,Retail,287,monthly,91,18,2,0.111,3,-0.182,7,0,4.0,0.348,1,0,1.0,2.3333333333333335,0.5976845100052423,1,Medium
C02371,Tech,38,annual,2,9,7,0.778,6,-0.053,1,0,7.0,0.551,0,0,0.75,0.125,0.018583511236303436,0,Very Low
C02372,Healthcare,11,monthly,21,5,4,0.8,4,0.0,1,0,,0.846,0,0,0.8,0.2,0.00939089445379585,0,Very Low
C02373,Other,17,annual,2,8,8,1.0,8,0.091,1,0,7.0,0.648,0,0,0.8888888888888888,0.1111111111111111,0.004843012776055979,0,Very Low
C02374,Healthcare,41,monthly,30,7,5,0.714,2,-0.571,3,0,,0.538,0,0,0.3333333333333333,0.5,0.0921594132935772,0,Very Low
C02375,Manufacturing,44,annual,19,11,10,0.909,5,-0.559,0,0,7.0,0.488,0,0,0.45454545454545453,0.0,0.02374885172650477,0,Very Low
C02376,Tech,20,annual,31,7,5,0.714,11,0.833,2,0,,0.829,0,0,1.8333333333333333,0.3333333333333333,0.0028367273089409573,0,Very Low
C02377,Healthcare,74,annual,13,9,6,0.667,3,-0.654,3,0,,0.734,0,0,0.42857142857142855,0.42857142857142855,0.04019493123543655,0,Very Low
C02378,Finance,59,monthly,22,10,5,0.5,4,-0.143,1,0,6.0,0.481,0,0,0.6666666666666666,0.16666666666666666,0.14299071446980532,0,Very Low
C02379,Tech,13,annual,30,7,4,0.571,3,-0.182,1,1,,0.737,1,0,0.6,0.2,0.06261951338370461,0,Very Low
C02380,Manufacturing,36,annual,4,7,6,0.857,4,-0.4,1,0,6.0,0.569,0,0,0.5714285714285714,0.14285714285714285,0.029498284649751363,0,Very Low
C02381,Finance,51,monthly,18,9,7,0.778,4,-0.2,2,0,,0.682,0,0,0.5,0.25,0.034320877936007715,0,Very Low
C02382,Finance,8,annual,4,4,3,0.75,2,-0.143,3,0,,0.655,0,0,0.5,0.75,0.03652208168055939,0,Very Low
C02383,Tech,11,monthly,3,6,3,0.5,2,0.0,2,0,7.0,0.675,0,0,0.5,0.5,0.07706187563187299,0,Very Low
C02384,,37,annual,10,7,6,0.857,5,-0.062,2,0,,0.702,0,0,0.7142857142857143,0.2857142857142857,0.01665303196741762,0,Very Low
C02385,Tech,22,multi_year,12,5,2,0.4,1,-0.25,2,1,,0.646,0,0,0.3333333333333333,0.6666666666666666,0.2851120456564009,0,Low
C02386,Tech,67,annual,23,11,8,0.727,6,0.2,3,1,,0.669,0,0,0.6666666666666666,0.3333333333333333,0.048905063210970476,0,Very Low
C02387,Tech,56,annual,2,9,7,0.778,4,-0.333,0,0,4.0,0.785,1,0,0.5,0.0,0.011605122542878855,0,Very Low
C02388,Healthcare,18,annual,72,5,3,0.6,3,-0.1,1,0,4.0,0.371,0,0,0.75,0.25,0.04948467761317768,0,Very Low
C02389,Healthcare,86,annual,11,16,15,0.938,12,0.0,3,0,,0.675,0,0,0.75,0.1875,0.005654216903560213,0,Very Low
C02390,Other,32,annual,3,10,4,0.4,4,-0.429,1,1,,0.687,0,1,0.8,0.2,0.46967144937835514,1,Medium
C02391,,65,multi_year,11,11,9,0.818,1,-0.889,1,0,,0.636,0,0,0.1,0.1,0.06114042408067665,0,Very Low
C02392,,579,annual,17,12,5,0.417,2,-0.647,2,0,5.0,0.743,1,0,0.3333333333333333,0.3333333333333333,0.07192526146383682,0,Very Low
C02393,Finance,14,multi_year,23,8,5,0.625,3,-0.5,0,0,6.0,0.584,0,0,0.5,0.0,0.046759097757783384,0,Very Low
C02394,Healthcare,6,annual,40,3,2,0.667,2,0.2,0,1,,0.474,0,0,0.6666666666666666,0.0,0.06125921523465974,0,Very Low
C02395,Finance,79,annual,30,12,7,0.583,8,0.263,0,1,,0.564,0,0,1.0,0.0,0.0783736164497494,0,Very Low
C02396,Finance,15,monthly,43,8,5,0.625,5,0.0,3,0,,0.441,0,0,0.8333333333333334,0.5,0.1127650841225047,0,Very Low
C02397,Finance,15,annual,21,6,4,0.667,7,0.4,3,0,6.0,0.7,0,0,1.4,0.6,0.013326913409043543,0,Very Low
C02398,Finance,92,annual,21,14,12,0.857,7,-0.192,1,0,3.0,0.44,0,0,0.5384615384615384,0.07692307692307693,0.05548733573318647,0,Very Low
C02399,Tech,20,annual,8,6,4,0.667,5,0.5,0,0,,0.525,0,0,1.0,0.0,0.016137861738660855,0,Very Low
C02400,Retail,3,multi_year,2,4,1,0.25,3,0.286,3,1,5.0,0.208,0,1,1.5,1.5,0.8625702819971403,1,Very High
C02401,Retail,117,annual,5,9,3,0.333,8,0.6,1,0,,0.569,1,0,2.0,0.25,0.02909139276426458,0,Very Low
C02402,Finance,21,multi_year,21,10,7,0.7,7,0.0,1,0,,0.718,0,0,0.875,0.125,0.011827799432304546,0,Very Low
C02403,Manufacturing,12,monthly,1,8,7,0.875,11,0.179,3,0,,0.638,0,0,1.375,0.375,0.0350051482699095,0,Very Low
C02404,Manufacturing,41,monthly,3,6,3,0.5,3,-0.1,0,0,,0.531,0,0,0.75,0.0,0.1498955396622511,0,Very Low
C02405,Manufacturing,33,annual,24,8,3,0.375,5,0.25,1,0,,0.394,0,0,1.25,0.25,0.1258499540027985,0,Very Low
C02406,Manufacturing,12,monthly,9,5,3,0.6,3,0.0,4,0,3.0,0.686,1,0,0.75,1.0,0.10119568885774509,0,Very Low
C02407,Retail,69,monthly,11,11,3,0.273,3,0.0,2,0,4.0,0.555,0,0,0.75,0.5,0.3936716827918064,1,Low
C02408,Other,8,multi_year,28,7,3,0.429,7,0.4,2,0,5.0,0.435,0,0,1.75,0.5,0.10097911505278204,0,Very Low
C02409,Tech,37,monthly,1,6,3,0.5,2,-0.25,0,0,5.0,0.393,1,0,0.5,0.0,0.17310559685419066,0,Very Low
C02410,Manufacturing,20,monthly,12,10,5,0.5,1,-0.842,1,0,3.0,0.573,0,1,0.16666666666666666,0.16666666666666666,0.5888225998357433,1,Medium
C02411,Healthcare,55,multi_year,30,7,5,0.714,3,-0.182,1,0,,0.499,0,0,0.5,0.16666666666666666,0.014570997399291664,0,Very Low
C02412,,50,multi_year,60,14,7,0.5,6,-0.182,1,0,2.0,0.444,0,0,0.75,0.125,0.19603243730738037,0,Very Low
C02413,Finance,12,annual,9,6,1,0.167,2,0.5,3,0,,0.509,0,0,1.0,1.5,0.21596333649852148,0,Low
C02414,Retail,16,annual,32,7,2,0.286,1,-0.4,2,0,6.0,0.43,0,0,0.3333333333333333,0.6666666666666666,0.30137439357917045,0,Low
C02415,Manufacturing,173,annual,3,9,4,0.444,5,0.154,1,0,,0.464,1,0,1.0,0.2,0.03967587680857658,0,Very Low
C02416,Other,70,monthly,4,7,3,0.429,3,-0.1,3,0,5.0,0.26,0,1,0.75,0.75,0.5377847589509054,1,Medium
C02417,Retail,71,monthly,29,10,4,0.4,3,-0.25,1,0,,0.516,1,0,0.6,0.2,0.11044594023391958,0,Very Low
C02418,Tech,82,annual,1,8,3,0.375,3,-0.308,4,0,,0.315,0,0,0.75,1.0,0.46863721628893684,1,Medium
C02419,Retail,40,annual,3,11,7,0.636,5,-0.118,1,1,4.0,0.314,0,1,0.625,0.125,0.5053224960007779,1,Medium
C02420,Healthcare,6,annual,25,4,3,0.75,3,0.0,0,0,,0.828,0,0,0.75,0.0,0.005336944125323132,0,Very Low
C02421,Tech,19,monthly,6,5,2,0.4,3,0.286,3,0,5.0,0.558,0,0,1.0,1.0,0.21301229667974145,0,Low
C02422,Healthcare,23,monthly,6,7,5,0.714,6,0.636,3,0,6.0,0.48,0,0,1.0,0.5,0.020922840665145236,0,Very Low
C02423,Retail,33,annual,3,9,5,0.556,5,0.071,0,0,5.0,0.526,1,0,0.8333333333333334,0.0,0.030572985579825202,0,Very Low
C02424,Manufacturing,3,annual,2,4,3,0.75,3,0.286,4,1,5.0,0.733,0,0,0.75,1.0,0.09394225832337053,0,Very Low
C02425,Finance,141,annual,4,16,9,0.562,7,-0.276,3,0,,0.761,1,0,0.7,0.3,0.02404186192720626,0,Very Low
C02426,Retail,15,monthly,13,7,5,0.714,5,0.071,0,0,,0.587,1,0,0.8333333333333334,0.0,0.02102253975754507,0,Very Low
C02427,Tech,65,monthly,11,9,6,0.667,5,-0.167,1,0,,0.678,0,0,0.7142857142857143,0.14285714285714285,0.053311891874631076,0,Very Low
C02428,Retail,3,annual,7,2,1,0.5,3,0.125,1,2,2.0,0.608,0,0,1.5,0.5,0.858062232644658,1,Very High
C02429,Other,43,annual,3,6,2,0.333,3,0.0,2,0,,0.333,0,0,1.0,0.6666666666666666,0.33026429907075733,0,Low
C02430,Tech,12,multi_year,4,4,4,1.0,3,0.0,3,0,6.0,0.843,0,0,0.6,0.6,0.003005542660855041,0,Very Low
C02431,Tech,100,annual,36,13,5,0.385,4,-0.294,4,0,,0.485,0,1,0.6666666666666666,0.6666666666666666,0.19644578392357032,0,Very Low
C02432,Retail,13,monthly,3,6,4,0.667,7,0.167,3,0,,0.401,0,0,1.4,0.6,0.17779796548897633,0,Very Low
C02433,Tech,107,annual,23,13,6,0.462,5,-0.318,2,0,1.0,0.537,1,1,0.7142857142857143,0.2857142857142857,0.21019161991211177,0,Low
C02434,Finance,105,monthly,1,11,7,0.636,3,-0.64,0,0,6.0,0.587,1,0,0.375,0.0,0.07360296421898443,0,Very Low
C02435,Finance,9,annual,7,4,3,0.75,2,-0.143,1,0,9.0,0.87,0,0,0.5,0.25,0.003938432370312299,0,Very Low
C02436,Manufacturing,11,annual,2,9,6,0.667,5,0.154,3,0,4.0,0.438,0,0,0.7142857142857143,0.42857142857142855,0.11006306721356268,0,Very Low
C02437,,14,annual,11,8,5,0.625,3,-0.25,1,0,6.0,0.625,0,0,0.5,0.16666666666666666,0.06864102703431328,0,Very Low
C02438,Manufacturing,28,monthly,27,7,1,0.143,1,0.0,3,0,3.0,0.403,0,1,0.5,1.5,0.7405527515254675,1,High
C02439,Healthcare,39,monthly,14,8,5,0.625,2,-0.538,1,0,,0.704,0,0,0.3333333333333333,0.16666666666666666,0.06860961543685813,0,Very Low
C02440,Finance,11,annual,48,5,3,0.6,2,0.2,2,0,8.0,0.598,1,0,0.5,0.5,0.003998892638130056,0,Very Low
C02441,Finance,18,monthly,36,6,2,0.333,1,-0.25,3,0,,0.428,0,0,0.3333333333333333,1.0,0.3972628560235493,1,Low
C02442,Retail,25,multi_year,29,6,3,0.5,2,-0.455,0,0,,0.514,0,0,0.5,0.0,0.07891700381175282,0,Very Low
C02443,Finance,52,multi_year,1,12,7,0.583,12,0.286,3,0,6.0,0.769,0,0,1.5,0.375,0.014713298763820751,0,Very Low
C02444,Tech,12,monthly,59,7,6,0.857,6,0.125,1,0,,0.657,0,0,0.8571428571428571,0.14285714285714285,0.010495161775859721,0,Very Low
C02445,Healthcare,39,annual,71,9,5,0.556,5,0.154,2,0,4.0,0.673,0,0,0.8333333333333334,0.3333333333333333,0.012864849893435818,0,Very Low
C02446,Healthcare,49,annual,3,12,4,0.333,3,0.125,3,2,2.0,0.326,0,1,0.6,0.6,0.9388944190693014,1,Very High
C02447,Finance,81,annual,34,15,12,0.8,7,-0.432,1,0,,0.497,0,0,0.5384615384615384,0.07692307692307693,0.03688266724785987,0,Very Low
C02448,Finance,14,annual,60,6,4,0.667,4,-0.077,3,0,,0.385,0,0,0.8,0.6,0.054367687706725384,0,Very Low
C02449,Healthcare,110,monthly,10,8,3,0.375,3,0.125,4,0,6.0,0.523,1,0,0.75,1.0,0.06849975624944972,0,Very Low
C02450,Retail,136,annual,4,17,3,0.176,4,-0.143,3,0,,0.419,1,1,1.0,0.75,0.3282777071396284,0,Low
C02451,Tech,43,annual,32,9,7,0.778,4,-0.429,3,0,5.0,0.577,0,0,0.5,0.375,0.045253204987859494,0,Very Low
C02452,Other,31,multi_year,29,11,8,0.727,7,-0.125,1,0,4.0,0.67,0,0,0.7777777777777778,0.1111111111111111,0.02198146999342733,0,Very Low
C02453,Manufacturing,53,annual,18,13,10,0.769,4,-0.333,4,0,,0.482,0,0,0.36363636363636365,0.36363636363636365,0.0640784164442602,0,Very Low
C02454,Finance,20,annual,11,7,3,0.429,3,0.0,3,0,8.0,0.509,0,0,0.75,0.75,0.07302435630390788,0,Very Low
C02455,Retail,29,monthly,12,5,3,0.6,2,0.0,2,0,4.0,0.309,0,1,0.5,0.5,0.2787792725077953,0,Low
C02456,Retail,81,monthly,24,10,3,0.3,3,-0.25,4,0,2.0,0.369,0,1,0.75,1.0,0.7896132947621597,1,High
C02457,Tech,22,annual,10,6,3,0.5,4,0.333,3,0,,0.772,0,0,1.0,0.75,0.02567087086783471,0,Very Low
C02458,Finance,24,monthly,6,6,3,0.5,1,-0.625,2,1,,0.545,0,0,0.25,0.5,0.7030092946063341,1,High
C02459,Tech,26,monthly,1,9,8,0.889,10,-0.091,1,0,6.0,0.549,0,0,1.1111111111111112,0.1111111111111111,0.042581884831753604,0,Very Low
C02460,Retail,36,annual,39,9,6,0.667,5,-0.423,3,0,3.0,0.644,0,0,0.7142857142857143,0.42857142857142855,0.09434759831236765,0,Very Low
C02461,,88,multi_year,10,12,5,0.417,9,0.227,1,0,5.0,0.42,0,0,1.5,0.16666666666666666,0.1448571558132673,0,Very Low
C02462,,85,annual,39,14,12,0.857,9,0.227,2,1,,0.433,0,0,0.6923076923076923,0.15384615384615385,0.06712212944925199,0,Very Low
C02463,Tech,8,annual,25,4,2,0.5,1,0.0,0,0,5.0,0.675,0,0,0.3333333333333333,0.0,0.03525032275264865,0,Very Low
C02464,Other,32,annual,8,7,4,0.571,5,0.071,0,0,6.0,0.582,0,0,1.0,0.0,0.03667281239025565,0,Very Low
C02465,Finance,28,annual,16,7,3,0.429,2,-0.333,4,0,4.0,0.566,0,1,0.5,1.0,0.27196892096631275,0,Low
C02466,Manufacturing,73,annual,41,12,8,0.667,9,0.0,0,0,8.0,0.545,0,0,1.0,0.0,0.009948479254789836,0,Very Low
C02467,Manufacturing,97,multi_year,23,7,4,0.571,4,0.0,1,0,,0.395,0,0,0.8,0.2,0.04531601039784022,0,Very Low
C02468,Retail,21,monthly,5,5,3,0.6,0,-1.0,3,0,,0.721,0,0,0.0,0.75,0.28500077996847767,0,Low
C02469,Finance,20,annual,2,6,3,0.5,1,-0.25,2,0,,0.562,1,0,0.25,0.5,0.05620338157352575,0,Very Low
C02470,Manufacturing,4,monthly,10,4,3,0.75,6,0.636,4,0,7.0,0.635,0,0,1.5,1.0,0.02174981882683042,0,Very Low
C02471,Other,56,multi_year,35,12,6,0.5,10,0.429,2,1,,0.613,0,0,1.4285714285714286,0.2857142857142857,0.0755610850486635,0,Very Low
C02472,Retail,49,multi_year,2,11,11,1.0,6,-0.308,1,0,10.0,0.706,0,0,0.5,0.08333333333333333,0.001741463611789887,0,Very Low
C02473,Manufacturing,30,multi_year,27,11,8,0.727,5,-0.286,2,0,,0.501,0,0,0.5555555555555556,0.2222222222222222,0.03747204807533239,0,Very Low
C02474,Tech,8,multi_year,28,6,3,0.5,4,0.5,4,0,,0.668,0,0,1.0,1.0,0.02103931549428109,0,Very Low
C02475,Retail,27,annual,18,11,7,0.636,4,-0.4,4,0,6.0,0.48,0,0,0.5,0.5,0.11859062346182908,0,Very Low
C02476,Finance,19,annual,21,10,7,0.7,2,-0.778,3,0,4.0,0.783,1,0,0.25,0.375,0.04542599388701342,0,Very Low
C02477,Healthcare,13,annual,1,4,3,0.75,2,-0.143,0,0,2.0,0.392,0,0,0.5,0.0,0.11148318927579201,0,Very Low
C02478,Retail,24,annual,50,11,10,0.909,11,0.179,1,0,,0.668,0,0,1.0,0.09090909090909091,0.003878360897224171,0,Very Low
C02479,Retail,6,monthly,4,3,2,0.667,1,-0.625,2,0,,0.692,0,0,0.3333333333333333,0.6666666666666666,0.1707308983727381,0,Very Low
C02480,Tech,13,annual,60,5,3,0.6,2,-0.4,1,1,4.0,0.343,0,0,0.5,0.25,0.4514322569412785,1,Medium
C02481,Tech,2,annual,29,4,3,0.75,6,0.286,0,0,8.0,0.449,0,0,1.5,0.0,0.014812504442245888,0,Very Low
C02482,Finance,37,monthly,19,7,6,0.857,4,0.2,0,0,9.0,0.549,0,0,0.5714285714285714,0.0,0.005410641363707869,0,Very Low
C02483,Tech,186,annual,1,15,6,0.4,7,0.0,1,0,,0.603,1,0,1.0,0.14285714285714285,0.04455107779253557,0,Very Low
C02484,Healthcare,4,annual,3,4,2,0.5,2,-0.5,1,0,,0.608,0,0,0.6666666666666666,0.3333333333333333,0.13784215732825814,0,Very Low
C02485,,47,multi_year,36,7,3,0.429,3,-0.1,2,0,4.0,0.332,0,1,0.75,0.5,0.2521814017062382,0,Low
C02486,Other,27,monthly,46,7,3,0.429,3,-0.25,1,1,,0.62,0,0,0.75,0.25,0.41094004775398135,1,Medium
C02487,Healthcare,17,monthly,25,5,2,0.4,3,-0.308,1,0,4.0,0.526,0,0,1.0,0.3333333333333333,0.3236667746019353,0,Low
C02488,Tech,67,monthly,9,11,10,0.909,12,0.2,0,0,7.0,0.572,1,0,1.0909090909090908,0.0,0.004729773749665896,0,Very Low
C02489,Tech,7,monthly,49,4,3,0.75,6,0.0,2,0,,0.517,0,0,1.5,0.5,0.06672318108437597,0,Very Low
C02490,Other,39,annual,51,9,6,0.667,7,0.167,4,0,,0.644,0,0,1.0,0.5714285714285714,0.015953619162698888,0,Very Low
C02491,Other,16,annual,15,5,3,0.6,2,-0.333,6,0,,0.396,0,0,0.5,1.5,0.25823583263747735,0,Low
C02492,Finance,23,monthly,50,6,1,0.167,2,-0.333,3,1,4.0,0.262,0,1,1.0,1.5,0.9622355193216421,1,Very High
C02493,Retail,5,monthly,6,4,3,0.75,3,-0.357,1,0,,0.436,0,0,0.75,0.25,0.19360370016372408,0,Very Low
C02494,Other,23,monthly,9,6,4,0.667,3,0.125,3,0,6.0,0.459,0,0,0.6,0.6,0.08943360885414224,0,Very Low
C02495,Tech,46,annual,8,7,2,0.286,2,-0.143,2,0,,0.363,0,0,0.6666666666666666,0.6666666666666666,0.3546073912538314,0,Low
C02496,Manufacturing,29,annual,4,5,3,0.6,4,0.2,1,1,5.0,0.662,0,1,1.0,0.25,0.12052253256347813,0,Very Low
C02497,Retail,4,annual,6,3,3,1.0,4,0.0,3,0,9.0,0.82,1,0,1.0,0.75,0.0012254342539468586,0,Very Low
C02498,Manufacturing,84,annual,1,12,6,0.5,9,0.174,3,0,,0.47,0,0,1.2857142857142858,0.42857142857142855,0.10697348324663299,0,Very Low
C02499,Finance,40,monthly,45,9,4,0.444,3,-0.1,0,0,3.0,0.483,0,1,0.6,0.0,0.23081262604050481,0,Low
C02500,Finance,38,annual,18,10,6,0.6,6,-0.182,1,0,7.0,0.412,0,0,0.8571428571428571,0.14285714285714285,0.06607838553426774,0,Very Low
